MachineType,Name,Quality,Thickness,*Name*,*Density*,*Machinability*,*LowSpeedFactor*,*Brittle*,*Sandwiched*,*DisplayName*,*MarkingSpeed*,*SpecialMarkingSpeed*,*DrillingRotationSpeed*,*DrillingSpeed*,*DrillingStep*,*Thickness*,*AWJMarkingUseAbrasive*,*AWJMarkingAbrasiveFlow*,*AWJMarkingAbrasiveFlowByMachine*,*AWJMarkingPressure*,*AWJMarkingPressureByMachine*,*AWJPointMarkingDelay*,*LinearPiercing*,*OvercutDistance*,*PiercingDiameter*,*LeadGap*,*PartDistance*,*CollarWidth*,*CostPiercing*,*CostDist*,*Technology*,*Options*,*User*,*SheetFileName*,*AvailableAWJ*,*AvailableWater*,*AvailablePlasma*,*AvailableOxyfuel*,*AvailableLaser*,*AWJAutomaticPiercing*,*AWJDLPSpeed*,*AWJPiercingAbrasiveFlow*,*AWJPiercingAbrasiveFlowByMachine*,*AWJPiercingPressure*,*AWJPiercingPressureByMachine*,*AWJStationaryPiercing*,*AWJCircularPiercing*,*AWJCircularPiercingDiameter*,*AWJCircularPiercingSpeed*,*AWJLinearPiercingDistance*,*AWJOvercutDistance*,*AWJFixedSpeed*,*AWJCuttingAbrasiveFlow*,*AWJCuttingAbrasiveFlowByMachine*,*AWJCuttingPressure*,*AWJCuttingPressureByMachine*,*TACAdjustment*,*AWJTACRough*,*AWJTACRough1*,*AWJTACRough2*,*AWJTACXFINE*,*AWJTACXFINE1*,*AWJTACXFINE2*,*AWJAutomatic*,*AWJFixedTAC*,*AWJFixedTACAngle*,*AWJFixedLAGAngle*,*ArcFac*,*FlatZoneRadius*,*WaterPiercingTime*,*WaterPiercingDiameter*,*WaterPiercingOvercutDistance*,*WaterCuttingSpeed*,*WaterSlowDownInCorners*,*WaterHighSpeed*,*WaterLowSpeed*,*WaterAccDist*,*WaterDecDist*,*WaterSteps*,*PlasmaAmpere*,*PlasmaMaxToolDiameter*,*PlasmaSlowDownInCorners*,*PlasmaSpeedReduction*,*PlasmaAccDist*,*PlasmaDecDist*,*PlasmaSteps*,*PlasmaLowRadius*,*PlasmaHighRadius*,*PlasmaPiercingDiameter*,*PlasmaTAC*,*PlasmaLoopRadius*,*PlasmaPiercingTime*,*PlasmaLeadinSpeed*,*PlasmaCuttingSpeed*,*OxyfuelPiercingTime*,*OxyfuelPiercingDiameter*,*OxyfuelLeadinSpeed*,*OxyfuelCuttingSpeed*,*OxyfuelReduceSpeedOnSmallInternals*,*OxyfuelLargeArea*,*OxyfuelSmallArea*,*OxyfuelSpeedReduction*,*LaserPiercingTime*,*LaserPiercingDiameter*,*LaserLinearPiercingDistance*,*LaserLeadinSpeed*,*LaserCuttingSpeedXFast*,*LaserCuttingSpeedFast*,*LaserCuttingSpeedMedium*,*LaserCuttingSpeedSlow*,*LaserCuttingSpeedXSlow*,*QualityName*,*QualityCost*
0,Acetal,Standard,0.1250,Acetal,1393.606307644103,330,0,False,False,Acetal,4000,1000,2000,1000,0,3.175,True,1000,True,3800,True,1,0,0,1.3999971999999998,1.016,6.35,12.7,0,0,,,0,,True,False,False,False,False,False,True,300,True,2000,True,3,1,1.3999971999999998,273,0,0,25.4,350,True,3800,True,0,0,0,0,-1,-1,-1,False,False,0,0,1,300,5,1,0.45,1000,False,3000,1000,0,0,0,30,1.016,False,50,0,0,0,5,30,1.3999971999999998,0,45.72,5,1000,1000,5,1.3999971999999998,1000,1000,False,10,3,50,5,1.3999971999999998,11.43,1000,1,1,1,1,1,Standard,0
0,Acetal,Standard,0.2500,Acetal,1393.606307644103,330,0,False,False,Acetal,4000,1000,2000,1000,0,6.35,True,1000,True,3800,True,1,0,0,1.3999971999999998,0.9652,6.35,12.7,0,0,,,0,,True,False,False,False,False,False,True,300,True,2000,True,3,1,1.3999971999999998,273,0,0,25.4,350,True,3800,True,0,0,0,0,-1,-1,-1,False,False,0,0,1,300,5,1,0.45,1000,False,3000,1000,0,0,0,30,1.016,False,50,0,0,0,5,30,1.3999971999999998,0,45.72,5,1000,1000,5,1.3999971999999998,1000,1000,False,10,3,50,5,1.3999971999999998,11.43,1000,1,1,1,1,1,Standard,0
0,Acetal,Standard,0.3750,Acetal,1393.606307644103,330,0,False,False,Acetal,4000,1000,2000,1000,0,9.524999999999999,True,1000,True,3800,True,1,0,0,1.3999971999999998,0,6.35,12.7,0,0,,,0,,True,False,False,False,False,False,True,300,True,2000,True,3,1,1.3999971999999998,273,0,0,25.4,350,True,3800,True,0,0,0,0,-1,-1,-1,False,False,0,0,1,300,5,1,0.45,1000,False,3000,1000,0,0,0,30,1.016,False,50,0,0,0,5,30,1.3999971999999998,0,45.72,5,1000,1000,5,1.3999971999999998,1000,1000,False,10,3,50,5,1.3999971999999998,11.43,1000,1,1,1,1,1,Standard,0
0,Acetal,Standard,0.5000,Acetal,1393.606307644103,330,0,False,False,Acetal,4000,1000,2000,1000,0,12.7,True,1000,True,3800,True,1,0,0,1.3999971999999998,0,6.35,12.7,0,0,,,0,,True,False,False,False,False,False,True,300,True,2000,True,3,1,1.3999971999999998,273,0,0,25.4,350,True,3800,True,0,0,0,0,-1,-1,-1,False,False,0,0,1,300,5,1,0.45,1000,False,3000,1000,0,0,0,30,1.016,False,50,0,0,0,5,30,1.3999971999999998,0,45.72,5,1000,1000,5,1.3999971999999998,1000,1000,False,10,3,50,5,1.3999971999999998,11.43,1000,1,1,1,1,1,Standard,0
0,Acetal,Standard,0.7500,Acetal,1393.606307644103,330,0,False,False,Acetal,4000,1000,2000,1000,0,19.049999999999997,True,1000,True,3800,True,1,0,0,1.3999971999999998,0.889,6.35,12.7,0,0,,,0,,True,False,False,False,False,False,True,300,True,2000,True,3,1,1.3999971999999998,273,0,0,25.4,350,True,3800,True,0,0,0,0,-1,-1,-1,False,False,0,0,1,300,5,1,0.45,1000,False,3000,1000,0,0,0,30,1.016,False,50,0,0,0,5,30,1.3999971999999998,0,45.72,5,1000,1000,5,1.3999971999999998,1000,1000,False,10,3,50,5,1.3999971999999998,11.43,1000,1,1,1,1,1,Standard,0
0,Acetal,Standard,1.0000,Acetal,1393.606307644103,330,0,False,False,Acetal,4000,1000,2000,1000,0,25.4,True,1000,True,3800,True,1,0,0,1.3999971999999998,0.889,6.35,12.7,0,0,,,0,,True,False,False,False,False,False,True,300,True,2000,True,3,1,1.3999971999999998,273,0,0,25.4,350,True,3800,True,0,0,0,0,-1,-1,-1,False,False,0,0,1,300,5,1,0.45,1000,False,3000,1000,0,0,0,30,1.016,False,50,0,0,0,5,30,1.3999971999999998,0,45.72,5,1000,1000,5,1.3999971999999998,1000,1000,False,10,3,50,5,1.3999971999999998,11.43,1000,1,1,1,1,1,Standard,0
0,Acetal,Standard,1.5000,Acetal,1393.606307644103,330,0,False,False,Acetal,4000,1000,2000,1000,0,38.1,True,1000,True,3800,True,1,0,0,1.3999971999999998,0.889,6.35,12.7,0,0,,,0,,True,False,False,False,False,False,True,300,True,2000,True,3,1,1.3999971999999998,273,0,0,25.4,350,True,3800,True,0,0,0,0,-1,-1,-1,False,False,0,0,1,300,5,1,0.45,1000,False,3000,1000,0,0,0,30,1.016,False,50,0,0,0,5,30,1.3999971999999998,0,45.72,5,1000,1000,5,1.3999971999999998,1000,1000,False,10,3,50,5,1.3999971999999998,11.43,1000,1,1,1,1,1,Standard,0
0,Acetal,Standard,2.0000,Acetal,1393.606307644103,330,0,False,False,Acetal,4000,1000,2000,1000,0,50.8,True,1000,True,3800,True,1,0,0,1.3999971999999998,0,6.35,12.7,0,0,,,0,,True,False,False,False,False,False,True,300,True,2000,True,3,1,1.3999971999999998,273,0,0,25.4,350,True,3800,True,0,0,0,0,-1,-1,-1,False,False,0,0,1,300,5,1,0.45,1000,False,3000,1000,0,0,0,30,1.016,False,50,0,0,0,5,30,1.3999971999999998,0,45.72,5,1000,1000,5,1.3999971999999998,1000,1000,False,10,3,50,5,1.3999971999999998,11.43,1000,1,1,1,1,1,Standard,0
0,Acrylic,Standard,0.0630,Acrylic,1185.3662846628004,690,0,True,False,Acrylic,5000,1000,2000,1000,0,1.6002,True,1000,True,3800,True,1,0,0,1.3999971999999998,0.2,6.35,12.7,0,0,,,0,,True,False,False,False,False,False,True,300,False,1034.213592,False,1.3,1,1.3999971999999998,273,0,0,1000,350,True,3800,True,0,0,0,0,-1,-1,-1,False,False,0,0,1,300,5,1,0.0189,1000,False,3000,1000,0,0,0,30,1.016,False,50,0,0,0,5,30,1.3999971999999998,0,1.92024,5,1000,1000,5,1.3999971999999998,1000,1000,False,10,3,50,5,1.3999971999999998,0.48006,1000,1,1,1,1,1,Standard,1
0,Acrylic,Standard,0.1250,Acrylic,1185.3662846628004,690,0,True,False,Acrylic,5000,1000,2000,1000,0,3.175,True,1000,True,3800,True,1,0,0,1.3999971999999998,0.2,6.35,12.7,0,0,,,0,,True,False,False,False,False,False,True,300,False,1034.213592,False,1.3,1,1.3999971999999998,273,0,0,431.79999999999995,350,True,1378.951456,True,0,0,0,0,-1,-1,-1,False,False,0,0,1,300,5,1,0.075,1000,False,3000,1000,0,0,0,30,1.016,False,50,0,0,0,5,30,1.3999971999999998,0,7.62,5,1000,1000,5,1.3999971999999998,1000,1000,False,10,3,50,5,1.3999971999999998,1.905,1000,1,1,1,1,1,Standard,1
0,Acrylic,Standard,0.1870,Acrylic,1185.3662846628004,690,0,True,False,Acrylic,5000,1000,2000,1000,0,4.7498,True,1000,True,3800,True,1,0,0,1.3999971999999998,0.2,6.35,12.7,0,0,,,0,,True,False,False,False,False,False,True,300,True,1378.951456,False,1.3,1,1.3999971999999998,273,0,0,609.5999999999999,350,True,3800,True,0,0,0,0,-1,-1,-1,False,False,0,0,1,300,5,1,0.0561,1000,False,3000,1000,0,0,0,30,1.016,False,50,0,0,0,5,30,1.3999971999999998,0,5.69976,5,1000,1000,5,1.3999971999999998,1000,1000,False,10,3,50,5,1.3999971999999998,1.42494,1000,1,1,1,1,1,Standard,1
0,Acrylic,Standard,0.2500,Acrylic,1185.3662846628004,690,0,True,False,Acrylic,5000,1000,2000,1000,0,6.35,True,1000,True,3800,True,1,0,0,1.3999971999999998,0.2,6.35,12.7,0,0,,,0,,True,False,False,False,False,False,True,300,False,1034.213592,False,1.3,1,1.3999971999999998,273,0,0,431.79999999999995,350,True,1378.951456,True,0,0,0,0,-1,-1,-1,False,False,0,0,1,300,5,1,0.075,1000,False,3000,1000,0,0,0,30,1.016,False,50,0,0,0,5,30,1.3999971999999998,0,7.62,5,1000,1000,5,1.3999971999999998,1000,1000,False,10,3,50,5,1.3999971999999998,1.905,1000,1,1,1,1,1,Standard,1
0,Acrylic,Standard,0.3750,Acrylic,1185.3662846628004,690,0,True,False,Acrylic,5000,1000,2000,1000,0,9.525,True,1000,True,3800,True,1,0,0,1.3999971999999998,0.2,6.35,12.7,0,0,,,0,,True,False,False,False,False,False,True,300,True,1034.213592,False,1.3,1,1.3999971999999998,273,0,0,254,350,True,3800,True,0,0,0,0,-1,-1,-1,False,False,0,0,1,300,5,1,0.1125,1000,False,3000,1000,0,0,0,30,1.016,False,50,0,0,0,5,30,1.3999971999999998,0,11.43,5,1000,1000,5,1.3999971999999998,1000,1000,False,10,3,50,5,1.3999971999999998,2.8575,1000,1,1,1,1,1,Standard,1
0,Acrylic,Standard,0.5000,Acrylic,1185.3662846628004,690,0,True,False,Acrylic,5000,1000,2000,1000,0,12.7,True,1000,True,3800,True,1,0,0,1.3999971999999998,0.2,6.35,12.7,0,0,,,0,,True,False,False,False,False,False,True,300,False,1034.213592,False,1.3,1,1.3999971999999998,273,0,0,177.79999999999998,350,True,3800,True,0,0,0,0,-1,-1,-1,False,False,0,0,1,300,5,1,0.15,1000,False,3000,1000,0,0,0,30,1.016,False,50,0,0,0,5,30,1.3999971999999998,0,15.24,5,1000,1000,5,1.3999971999999998,1000,1000,False,10,3,50,5,1.3999971999999998,3.81,1000,1,1,1,1,1,Standard,1
0,Acrylic,Standard,0.6250,Acrylic,1185.3662846628004,690,0,True,False,Acrylic,5000,1000,2000,1000,0,15.875,True,1000,True,3800,True,1,0,0,1.3999971999999998,0.2,6.35,12.7,0,0,,,0,,True,False,False,False,False,False,True,300,False,1034.213592,False,1.3,1,1.3999971999999998,273,0,0,152.39999999999998,350,True,3800,True,0,0,0,0,-1,-1,-1,False,False,0,0,1,300,5,1,0.1875,1000,False,3000,1000,0,0,0,30,1.016,False,50,0,0,0,5,30,1.3999971999999998,0,19.05,5,1000,1000,5,1.3999971999999998,1000,1000,False,10,3,50,5,1.3999971999999998,4.7625,1000,1,1,1,1,1,Standard,1
0,Acrylic,Standard,0.7500,Acrylic,1185.3662846628004,690,0,True,False,Acrylic,5000,1000,2000,1000,0,19.05,True,1000,True,3800,True,1,0,0,1.3999971999999998,0.2,6.35,12.7,0,0,,,0,,True,False,False,False,False,False,True,300,False,1034.213592,False,1.3,1,1.3999971999999998,273,0,0,127,350,True,3800,True,0,0,0,0,-1,-1,-1,False,False,0,0,1,300,5,1,0.225,1000,False,3000,1000,0,0,0,30,1.016,False,50,0,0,0,5,30,1.3999971999999998,0,22.86,5,1000,1000,5,1.3999971999999998,1000,1000,False,10,3,50,5,1.3999971999999998,5.715,1000,1,1,1,1,1,Standard,1
0,Acrylic,Standard,1.0000,Acrylic,1185.3662846628004,690,0,True,False,Acrylic,5000,1000,2000,1000,0,25.4,True,1000,True,3800,True,1,0,0,1.3999971999999998,0.2,6.35,12.7,0,0,,,0,,True,False,False,False,False,False,True,300,False,1034.213592,False,1.3,1,1.3999971999999998,273,0,0,88.89999999999999,350,True,3800,True,0,0,0,0,-1,-1,-1,False,False,0,0,1,300,5,1,0.3,1000,False,3000,1000,0,0,0,30,1.016,False,50,0,0,0,5,30,1.3999971999999998,0,30.48,5,1000,1000,5,1.3999971999999998,1000,1000,False,10,3,50,5,1.3999971999999998,7.62,1000,1,1,1,1,1,Standard,1
0,Alu shim stock,3003,0.0150,Alu shim stock,2700.011337,213,0,True,False,Alu shim stock,4000,1000,2000,1000,0,0.38099999999999995,False,1000,True,1378.951456,False,1,0,0,1.3999971999999998,0.3048,6.35,12.7,0,0,,,0,,True,True,False,False,False,False,True,300,True,3800,True,1.5,1,1.3999971999999998,273,0,0,381,350,True,3800,True,0,-5.44033203100551,0,0,-3.6329507394882192,-1,-1,False,False,0,0,1,300,2,1,0.0189,2345,False,3000,1000,0,0,0,30,1.016,False,50,0,0,0,5,30,1.3999971999999998,0,1.92024,5,1000,1000,5,1.3999971999999998,1000,1000,False,10,3,50,5,1.3999971999999998,0.48006,1000,1,1,1,1,1,3003,8.3555197
0,Alu shim stock,3003,0.0250,Alu shim stock,2700.011337,213,0,True,False,Alu shim stock,4000,1000,2000,1000,0,0.635,False,1000,True,1378.951456,False,1,0,0,1.3999971999999998,0.7619999999999999,6.35,12.7,0,0,,,0,,True,True,False,False,False,False,True,300,True,3800,True,1.5,1,1.3999971999999998,273,0,0,381,350,True,3800,True,0,-5.44033203100551,0,0,-3.6329507394882192,-1,-1,False,False,0,0,1,300,2,1,0.0189,2345,False,3000,1000,0,0,0,30,1.016,False,50,0,0,0,5,30,1.3999971999999998,0,1.92024,5,1000,1000,5,1.3999971999999998,1000,1000,False,10,3,50,5,1.3999971999999998,0.48006,1000,1,1,1,1,1,3003,8.3555197
0,Alu shim stock,3003,0.0400,Alu shim stock,2700.011337,213,0,True,False,Alu shim stock,4000,1000,2000,1000,0,1.016,False,1000,True,1378.951456,False,1,0,0,1.3999971999999998,0.5588,6.35,12.7,0,0,,,0,,True,True,False,False,False,False,True,300,True,3800,True,1.5,1,1.3999971999999998,273,0,0,381,350,True,3800,True,0,-5.44033203100551,0,0,-3.6329507394882192,-1,-1,False,False,0,0,1,300,2,1,0.0189,2345,False,3000,1000,0,0,0,30,1.016,False,50,0,0,0,5,30,1.3999971999999998,0,1.92024,5,1000,1000,5,1.3999971999999998,1000,1000,False,10,3,50,5,1.3999971999999998,0.48006,1000,1,1,1,1,1,3003,8.3555197
0,Alu shim stock,3003,0.0630,Alu shim stock,2700.011337,213,0,True,False,Alu shim stock,4000,1000,2000,1000,0,1.6002,False,1000,True,1378.951456,False,1,0,0,1.3999971999999998,0.635,6.35,12.7,0,0,,,0,,True,True,False,False,False,False,True,300,True,3800,True,1.5,1,1.3999971999999998,273,0,0,381,350,True,3800,True,0,-5.44033203100551,0,0,-3.6329507394882192,-1,-1,False,False,0,0,1,300,2,1,0.0189,2345,False,3000,1000,0,0,0,30,1.016,False,50,0,0,0,5,30,1.3999971999999998,0,1.92024,5,1000,1000,5,1.3999971999999998,1000,1000,False,10,3,50,5,1.3999971999999998,0.48006,1000,1,1,1,1,1,3003,8.3555197
0,Alu shim stock,3003,0.0650,Alu shim stock,2700.011337,213,0,True,False,Alu shim stock,4000,1000,2000,1000,0,1.651,False,1000,True,1378.951456,False,1,0,0,1.3999971999999998,0.508,6.35,12.7,0,0,,,0,,True,False,False,False,False,False,True,300,True,3800,True,3,1,1.3999971999999998,273,0,0,200.66,350,True,3800,True,0,-5.710593137499642,0,0,-3.6619355755198,-1,-1,False,False,0,0,1,300,5,1,0.0375,1000,False,3000,1000,0,0,0,30,1.016,False,50,0,0,0,5,30,1.3999971999999998,0,3.81,5,1000,1000,5,1.3999971999999998,1000,1000,False,10,3,50,5,1.3999971999999998,0.9525,1000,1,1,1,1,1,3003,8.3555197
0,Alu shim stock,3003,0.0800,Alu shim stock,2700.011337,213,0,True,False,Alu shim stock,4000,1000,2000,1000,0,2.032,False,1000,True,1378.951456,False,1,0,0,1.3999971999999998,0.7619999999999999,6.35,12.7,0,0,,,0,,True,False,False,False,False,False,True,300,True,3800,True,1.5,1,1.3999971999999998,273,0,0,381,350,True,3800,True,0,-5.44033203100551,0,0,-3.6329507394882192,-1,-1,False,False,0,0,1,300,2,1,0.0189,2345,False,3000,1000,0,0,0,30,1.016,False,50,0,0,0,5,30,1.3999971999999998,0,1.92024,5,1000,1000,5,1.3999971999999998,1000,1000,False,10,3,50,5,1.3999971999999998,0.48006,1000,1,1,1,1,1,3003,8.3555197
0,Alu shim stock,3003,0.1000,Alu shim stock,2700.011337,213,0,True,False,Alu shim stock,4000,1000,2000,1000,0,2.54,False,1000,True,1378.951456,False,1,0,0,1.3999971999999998,0.8128,6.35,12.7,0,0,,,0,,True,False,False,False,False,False,True,300,True,3800,True,3,1,1.3999971999999998,273,0,0,200.66,350,True,3800,True,0,-5.710593137499642,0,0,-3.6619355755198,-1,-1,False,False,0,0,1,300,5,1,0.0375,1000,False,3000,1000,0,0,0,30,1.016,False,50,0,0,0,5,30,1.3999971999999998,0,3.81,5,1000,1000,5,1.3999971999999998,1000,1000,False,10,3,50,5,1.3999971999999998,0.9525,1000,1,1,1,1,1,3003,8.3555197
0,Alu shim stock,3003,0.1250,Alu shim stock,2700.011337,213,0,True,False,Alu shim stock,4000,1000,2000,1000,0,3.175,False,1000,True,1378.951456,False,1,0,0,1.3999971999999998,0.7111999999999999,4.7752,12.7,0,0,,,0,,True,False,False,False,False,False,True,300,True,3800,True,1,1,1.3999971999999998,508,0,0,200.66,350,True,3800,True,0,-5.710593137499642,0,0,-3.6619355755198,-1,-1,False,False,0,0,1,300,5,1,0.0375,1000,False,3000,1000,0,0,0,30,1.016,False,50,0,0,0,5,30,1.3999971999999998,0,3.81,5,1000,1000,5,1.3999971999999998,1000,1000,False,10,3,50,5,1.3999971999999998,0.9525,1000,1,1,1,1,1,3003,8.3555197
0,Alu shim stock,3003,0.1400,Alu shim stock,2700.011337,213,0,True,False,Alu shim stock,4000,1000,2000,1000,0,3.556,False,1000,True,1378.951456,False,1,0,0,1.3999971999999998,0.45719999999999994,6.35,12.7,0,0,,,0,,True,False,False,False,False,False,True,300,True,3800,True,3,1,1.3999971999999998,273,0,0,200.66,350,True,3800,True,0,-5.710593137499642,0,0,-3.6619355755198,-1,-1,False,False,0,0,1,300,5,1,0.0375,1000,False,3000,1000,0,0,0,30,1.016,False,50,0,0,0,5,30,1.3999971999999998,0,3.81,5,1000,1000,5,1.3999971999999998,1000,1000,False,10,3,50,5,1.3999971999999998,0.9525,1000,1,1,1,1,1,3003,8.3555197
0,Alu shim stock,3003,0.1600,Alu shim stock,2700.011337,213,0,True,False,Alu shim stock,4000,1000,2000,1000,0,4.064,False,1000,True,1378.951456,False,1,0,0,1.3999971999999998,0.45719999999999994,6.35,12.7,0,0,,,0,,True,False,False,False,False,False,True,300,True,3800,True,3,1,1.3999971999999998,273,0,0,200.66,350,True,3800,True,0,-5.710593137499642,0,0,-3.6619355755198,-1,-1,False,False,0,0,1,300,5,1,0.0375,1000,False,3000,1000,0,0,0,30,1.016,False,50,0,0,0,5,30,1.3999971999999998,0,3.81,5,1000,1000,5,1.3999971999999998,1000,1000,False,10,3,50,5,1.3999971999999998,0.9525,1000,1,1,1,1,1,3003,8.3555197
0,Alu shim stock,3003,0.1870,Alu shim stock,2700.011337,213,0,True,False,Alu shim stock,4000,1000,2000,1000,0,4.7498,False,1000,True,1378.951456,False,1,0,0,1.3999971999999998,0.7111999999999999,4.7752,12.7,0,0,,,0,,True,False,False,False,False,False,True,300,True,3800,True,4,2,1.3999971999999998,273,0,0,127,350,True,3800,True,0,-4.281536235070608,0,0,-2.449662620127041,-1,-1,False,False,0,0,1,914.4,5,1,0.0561,1000,False,3000,1000,0,0,0,30,1.016,False,50,0,0,0,5,30,1.3999971999999998,0,5.69976,5,1000,1000,5,1.3999971999999998,1000,1000,False,10,3,50,5,1.3999971999999998,1.42494,1000,1,1,1,1,1,3003,8.3555197
0,Alu shim stock,3003,0.2500,Alu shim stock,2700.011337,213,0,True,False,Alu shim stock,4000,1000,2000,1000,0,6.35,False,1000,True,1378.951456,False,1,0,0,1.3999971999999998,0.889,4.7752,12.7,0,0,,,0,,True,False,False,False,False,False,True,300,True,3800,False,3,1.5,1.3999971999999998,273,0,0,90.42399999999999,350,True,3800,True,0,-2.5193892912062745,0,0,-1.2603038465035852,-1,-1,False,False,0,0,1,300,5,1,0.075,1000,False,3000,1000,0,0,0,30,1.016,False,50,0,0,0,5,30,1.3999971999999998,0,7.62,5,1000,1000,5,1.3999971999999998,1000,1000,False,10,3,50,5,1.3999971999999998,1.905,1000,1,1,1,1,1,3003,8.3555197
0,Alu shim stock,3003,0.3130,Alu shim stock,2700.011337,213,0,True,False,Alu shim stock,4000,1000,2000,1000,0,7.9502,False,1000,True,1378.951456,False,1,0,0,1.3999971999999998,0.7619999999999999,6.35,12.7,0,0,,,0,,True,False,False,False,False,False,True,300,True,3800,True,8,3,1.3999971999999998,273,0,0,69.85,350,True,3800,True,0,-2.2869548095007075,0,0,-1.4641101061676423,-1,-1,False,False,0,0,1,300,5,1,0.0939,1000,False,3000,1000,0,0,0,30,1.016,False,50,0,0,0,5,30,1.3999971999999998,0,9.54024,5,1000,1000,5,1.3999971999999998,1000,1000,False,10,3,50,5,1.3999971999999998,2.38506,1000,1,1,1,1,1,3003,8.3555197
0,Alu shim stock,3003,0.3750,Alu shim stock,2700.011337,213,0,True,False,Alu shim stock,4000,1000,2000,1000,0,9.525,False,1000,True,1378.951456,False,1,0,0,1.3999971999999998,0.8128,4.7752,12.7,0,0,,,0,,True,False,False,False,False,False,True,300,True,3800,True,3,3,1.3999971999999998,273,0,0,56.641999999999996,350,True,3800,True,0,-1.680194404927422,0,0,-0.9166542563852882,-1,-1,False,False,0,0,1,300,5,1,0.1125,1000,False,3000,1000,0,0,0,30,1.0668,False,50,0,0,0,5,30,1.3999971999999998,0,11.43,5,1000,1000,5,1.3999971999999998,1000,1000,False,10,3,50,5,1.3999971999999998,2.8575,1000,1,1,1,1,1,3003,8.3555197
0,Alu shim stock,3003,0.5000,Alu shim stock,2700.011337,213,0,True,False,Alu shim stock,4000,1000,2000,1000,0,12.7,False,1000,True,1378.951456,False,1,0,0,1.3999971999999998,0.7111999999999999,4.7752,12.7,0,0,,,0,,True,False,False,False,False,False,True,300,True,3800,True,12,5,1.3999971999999998,273,0,0,40.64,350,True,3800,True,0,-1.7183580016554585,0,0,-0.7448031783150634,-1,-1,False,False,0,0,1,300,5,1,0.15,1000,False,3000,1000,0,0,0,30,1.016,False,50,0,0,0,5,30,1.3999971999999998,0,15.24,5,1000,1000,5,1.3999971999999998,1000,1000,False,10,3,50,5,1.3999971999999998,3.81,1000,1,1,1,1,1,3003,8.3555197
0,Alu shim stock,3003,0.6250,Alu shim stock,2700.011337,213,0,True,False,Alu shim stock,4000,1000,2000,1000,0,15.875,False,1000,True,1378.951456,False,1,0,0,1.3999971999999998,0.5588,6.35,12.7,0,0,,,0,,True,False,False,False,False,False,True,300,True,3800,True,25,10,1.3999971999999998,273,0,0,31.496,350,True,3800,True,0,-1.145762838175103,0,0,-0.7333459290514626,-1,-1,False,False,0,0,1,300,5,1,0.1875,1000,False,3000,1000,0,0,0,30,1.016,False,50,0,0,0,5,30,1.3999971999999998,0,19.05,5,1000,1000,5,1.3999971999999998,1000,1000,False,10,3,50,5,1.3999971999999998,4.7625,1000,1,1,1,1,1,3003,8.3555197
0,Alu shim stock,3003,0.7500,Alu shim stock,2700.011337,213,0,True,False,Alu shim stock,4000,1000,2000,1000,0,19.049999999999997,False,1000,True,1378.951456,False,1,0,0,1.3999971999999998,0.7111999999999999,4.7752,12.7,0,0,,,0,,True,False,False,False,False,False,True,300,True,3800,True,25,10,1.3999971999999998,273,0,0,31.496,350,True,3800,True,0,-1.145762838175103,0,0,-0.7333459290514626,-1,-1,False,False,0,0,1,300,5,1,0.1875,1000,False,3000,1000,0,0,0,30,1.016,False,50,0,0,0,5,30,1.3999971999999998,0,19.05,5,1000,1000,5,1.3999971999999998,1000,1000,False,10,3,50,5,1.3999971999999998,4.7625,1000,1,1,1,1,1,3003,8.3555197
0,Alu shim stock,3003,1.0000,Alu shim stock,2700.011337,213,0,True,False,Alu shim stock,4000,1000,2000,1000,0,25.4,False,1000,True,1378.951456,False,1,0,0,1.3999971999999998,0.7111999999999999,4.7752,12.7,0,0,,,0,,True,False,False,False,False,False,True,300,True,3800,True,3,10,1.3999971999999998,273,0,0,18.287999999999997,350,True,3800,True,0,-0.8593722436446815,0,0,-0.3724173220168406,-1,-1,False,False,0,0,0.5,300,5,1,0.3,1000,False,3000,1000,0,0,0,30,1.1429999999999998,False,50,0,0,0,5,30,1.3999971999999998,0,30.48,5,1000,1000,5,1.3999971999999998,1000,1000,False,10,3,50,5,1.3999971999999998,7.62,1000,1,1,1,1,1,3003,8.3555197
0,Alu shim stock,3003,1.2500,Alu shim stock,2700.011337,213,0,True,False,Alu shim stock,4000,1000,2000,1000,0,31.75,False,1000,True,1378.951456,False,1,0,0,1.3999971999999998,0.889,6.35,12.7,0,0,,,0,,True,False,False,False,False,False,True,300,True,3800,True,35,14,1.3999971999999998,273,0,0,14.224,350,True,3800,True,0,-0.5729386976834857,0,0,-0.36668798242515643,-1,-1,False,False,0,0,1,300,5,1,0.375,1000,False,3000,1000,0,0,0,30,1.016,False,50,0,0,0,5,30,1.3999971999999998,0,38.1,5,1000,1000,5,1.3999971999999998,1000,1000,False,10,3,50,5,1.3999971999999998,9.525,1000,1,1,1,1,1,3003,8.3555197
0,Alu shim stock,3003,1.3750,Alu shim stock,2700.011337,213,0,True,False,Alu shim stock,4000,1000,2000,1000,0,34.925,False,1000,True,1378.951456,False,1,0,0,1.3999971999999998,0.5588,6.35,12.7,0,0,,,0,,True,False,False,False,False,False,True,300,True,3800,True,3,10,1.3999971999999998,273,0,0,18.287999999999997,350,True,3800,True,0,-0.8593722436446815,0,0,-0.3724173220168406,-1,-1,False,False,0,0,0.5,300,5,1,0.3,1000,False,3000,1000,0,0,0,30,1.1429999999999998,False,50,0,0,0,5,30,1.3999971999999998,0,30.48,5,1000,1000,5,1.3999971999999998,1000,1000,False,10,3,50,5,1.3999971999999998,7.62,1000,1,1,1,1,1,3003,8.3555197
0,Alu shim stock,3003,1.5000,Alu shim stock,2700.011337,213,0,True,False,Alu shim stock,4000,1000,2000,1000,0,38.1,False,1000,True,1378.951456,False,1,0,0,1.3999971999999998,0.635,6.35,12.7,0,0,,,0,,True,False,False,False,False,False,True,300,True,3800,True,40,16,1.3999971999999998,273,0,0,11.43,350,True,3800,True,0,-0.47745377730957717,0,0,-0.3055745934585659,-1,-1,False,False,0,0,1,300,5,1,0.45,1000,False,3000,1000,0,0,0,30,1.016,False,50,0,0,0,5,30,1.3999971999999998,0,45.72,5,1000,1000,5,1.3999971999999998,1000,1000,False,10,3,50,5,1.3999971999999998,11.43,1000,1,1,1,1,1,3003,8.3555197
0,Alu shim stock,3003,1.7500,Alu shim stock,2700.011337,213,0,True,False,Alu shim stock,4000,1000,2000,1000,0,44.45,False,1000,True,1378.951456,False,1,0,0,1.3999971999999998,0.2,6.35,12.7,0,0,,,0,,True,False,False,False,False,False,True,300,True,3800,True,45,18,1.3999971999999998,273,0,0,9.652,350,True,3800,True,0,-0.4092486080349386,0,0,-0.26192173895527376,-1,-1,False,False,0,0,1,300,5,1,0.525,1000,False,3000,1000,0,0,0,30,1.016,False,50,0,0,0,5,30,1.3999971999999998,0,53.34,5,1000,1000,5,1.3999971999999998,1000,1000,False,10,3,50,5,1.3999971999999998,13.335,1000,1,1,1,1,1,3003,8.3555197
0,Alu shim stock,3003,2.0000,Alu shim stock,2700.011337,213,0,True,False,Alu shim stock,4000,1000,2000,1000,0,50.8,False,1000,True,1378.951456,False,1,0,0,1.3999971999999998,0.2,6.35,12.7,0,0,,,0,,True,False,False,False,False,False,True,300,True,3800,True,50,20,1.3999971999999998,273,0,0,8.128,350,True,3800,True,0,-0.4297102894010439,0,0,-0.30080007886327004,-1,-1,False,False,0,0,1,300,5,1,0.6,1000,False,3000,1000,0,0,0,30,1.016,False,50,0,0,0,5,30,1.3999971999999998,0,60.96,5,1000,1000,5,1.3999971999999998,1000,1000,False,10,3,50,5,1.3999971999999998,15.24,1000,1,1,1,1,1,3003,8.3555197
0,Alu shim stock,3003,2.2500,Alu shim stock,2700.011337,213,0,True,False,Alu shim stock,4000,1000,2000,1000,0,57.15,False,1000,True,1378.951456,False,1,0,0,1.3999971999999998,0.2,6.35,12.7,0,0,,,0,,True,False,False,False,False,False,True,300,True,3800,True,50,20,1.3999971999999998,273,0,0,8.128,350,True,3800,True,0,-0.4297102894010439,0,0,-0.30080007886327004,-1,-1,False,False,0,0,1,300,5,1,0.6,1000,False,3000,1000,0,0,0,30,1.016,False,50,0,0,0,5,30,1.3999971999999998,0,60.96,5,1000,1000,5,1.3999971999999998,1000,1000,False,10,3,50,5,1.3999971999999998,15.24,1000,1,1,1,1,1,3003,8.3555197
0,Alu shim stock,3003,2.5000,Alu shim stock,2700.011337,213,0,True,False,Alu shim stock,4000,1000,2000,1000,0,63.5,False,1000,True,1378.951456,False,1,0,0,1.3999971999999998,0.2,6.35,12.7,0,0,,,0,,True,False,False,False,False,False,True,300,True,3800,True,50,20,1.3999971999999998,273,0,0,8.128,350,True,3800,True,0,-0.4297102894010439,0,0,-0.30080007886327004,-1,-1,False,False,0,0,1,300,5,1,0.6,1000,False,3000,1000,0,0,0,30,1.016,False,50,0,0,0,5,30,1.3999971999999998,0,60.96,5,1000,1000,5,1.3999971999999998,1000,1000,False,10,3,50,5,1.3999971999999998,15.24,1000,1,1,1,1,1,3003,8.3555197
0,Alu shim stock,3003,2.7500,Alu shim stock,2700.011337,213,0,True,False,Alu shim stock,4000,1000,2000,1000,0,69.85,False,1000,True,1378.951456,False,1,0,0,1.3999971999999998,0.2,6.35,12.7,0,0,,,0,,True,False,False,False,False,False,True,300,True,3800,True,50,20,1.3999971999999998,273,0,0,8.128,350,True,3800,True,0,-0.4297102894010439,0,0,-0.30080007886327004,-1,-1,False,False,0,0,1,300,5,1,0.6,1000,False,3000,1000,0,0,0,30,1.016,False,50,0,0,0,5,30,1.3999971999999998,0,60.96,5,1000,1000,5,1.3999971999999998,1000,1000,False,10,3,50,5,1.3999971999999998,15.24,1000,1,1,1,1,1,3003,8.3555197
0,Alu shim stock,3003,3.0000,Alu shim stock,2700.011337,213,0,True,False,Alu shim stock,4000,1000,2000,1000,0,76.19999999999999,False,1000,True,1378.951456,False,1,0,0,1.3999971999999998,0.2,6.35,12.7,0,0,,,0,,True,False,False,False,False,False,True,300,True,3800,True,50,20,1.3999971999999998,273,0,0,8.128,350,True,3800,True,0,-0.358093959323571,0,0,-0.2291818957541002,-1,-1,False,False,0,0,1,300,5,1,0.6,1000,False,3000,1000,0,0,0,30,1.016,False,50,0,0,0,5,30,1.3999971999999998,0,60.96,5,1000,1000,5,1.3999971999999998,1000,1000,False,10,3,50,5,1.3999971999999998,15.24,1000,1,1,1,1,1,3003,8.3555197
0,Alu shim stock,3003,3.2500,Alu shim stock,2700.011337,213,0,True,False,Alu shim stock,4000,1000,2000,1000,0,82.55,False,1000,True,1378.951456,False,1,0,0,1.3999971999999998,0.2,6.35,12.7,0,0,,,0,,True,False,False,False,False,False,True,300,True,3800,True,50,20,1.3999971999999998,273,0,0,8.128,350,True,3800,True,0,-0.358093959323571,0,0,-0.2291818957541002,-1,-1,False,False,0,0,1,300,5,1,0.6,1000,False,3000,1000,0,0,0,30,1.016,False,50,0,0,0,5,30,1.3999971999999998,0,60.96,5,1000,1000,5,1.3999971999999998,1000,1000,False,10,3,50,5,1.3999971999999998,15.24,1000,1,1,1,1,1,3003,8.3555197
0,Alu shim stock,3003,3.5000,Alu shim stock,2700.011337,213,0,True,False,Alu shim stock,4000,1000,2000,1000,0,88.89999999999999,False,1000,True,1378.951456,False,1,0,0,1.3999971999999998,0.2,6.35,12.7,0,0,,,0,,True,False,False,False,False,False,True,300,True,3800,True,50,20,1.3999971999999998,273,0,0,8.128,350,True,3800,True,0,-0.358093959323571,0,0,-0.2291818957541002,-1,-1,False,False,0,0,1,300,5,1,0.6,1000,False,3000,1000,0,0,0,30,1.016,False,50,0,0,0,5,30,1.3999971999999998,0,60.96,5,1000,1000,5,1.3999971999999998,1000,1000,False,10,3,50,5,1.3999971999999998,15.24,1000,1,1,1,1,1,3003,8.3555197
0,Alu shim stock,3003,4.0000,Alu shim stock,2700.011337,213,0,True,False,Alu shim stock,4000,1000,2000,1000,0,101.6,False,1000,True,1378.951456,False,1,0,0,1.3999971999999998,0.2,6.35,12.7,0,0,,,0,,True,False,False,False,False,False,True,300,True,3800,True,50,20,1.3999971999999998,273,0,0,8.128,350,True,3800,True,0,-0.358093959323571,0,0,-0.2291818957541002,-1,-1,False,False,0,0,1,300,5,1,0.6,1000,False,3000,1000,0,0,0,30,1.016,False,50,0,0,0,5,30,1.3999971999999998,0,60.96,5,1000,1000,5,1.3999971999999998,1000,1000,False,10,3,50,5,1.3999971999999998,15.24,1000,1,1,1,1,1,3003,8.3555197
0,Alu shim stock,3003,4.5000,Alu shim stock,2700.011337,213,0,True,False,Alu shim stock,4000,1000,2000,1000,0,114.3,False,1000,True,1378.951456,False,1,0,0,1.3999971999999998,0.2,6.35,12.7,0,0,,,0,,True,False,False,False,False,False,True,300,True,3800,True,50,20,1.3999971999999998,273,0,0,8.128,350,True,3800,True,0,-0.358093959323571,0,0,-0.2291818957541002,-1,-1,False,False,0,0,1,300,5,1,0.6,1000,False,3000,1000,0,0,0,30,1.016,False,50,0,0,0,5,30,1.3999971999999998,0,60.96,5,1000,1000,5,1.3999971999999998,1000,1000,False,10,3,50,5,1.3999971999999998,15.24,1000,1,1,1,1,1,3003,8.3555197
0,Alu shim stock,3003,5.0000,Alu shim stock,2700.011337,213,0,True,False,Alu shim stock,4000,1000,2000,1000,0,127,False,1000,True,1378.951456,False,1,0,0,1.3999971999999998,0.2,6.35,12.7,0,0,,,0,,True,False,False,False,False,False,True,300,True,3800,True,50,20,1.3999971999999998,273,0,0,8.128,350,True,3800,True,0,-0.358093959323571,0,0,-0.2291818957541002,-1,-1,False,False,0,0,1,300,5,1,0.6,1000,False,3000,1000,0,0,0,30,1.016,False,50,0,0,0,5,30,1.3999971999999998,0,60.96,5,1000,1000,5,1.3999971999999998,1000,1000,False,10,3,50,5,1.3999971999999998,15.24,1000,1,1,1,1,1,3003,8.3555197
0,Alu shim stock,3003,6.0000,Alu shim stock,2700.011337,213,0,True,False,Alu shim stock,4000,1000,2000,1000,0,152.39999999999998,False,1000,True,1378.951456,False,1,0,0,1.3999971999999998,0.2,6.35,12.7,0,0,,,0,,True,False,False,False,False,False,True,300,True,3800,True,50,20,1.3999971999999998,273,0,0,8.128,350,True,3800,True,0,-0.358093959323571,0,0,-0.2291818957541002,-1,-1,False,False,0,0,1,300,5,1,0.6,1000,False,3000,1000,0,0,0,30,1.016,False,50,0,0,0,5,30,1.3999971999999998,0,60.96,5,1000,1000,5,1.3999971999999998,1000,1000,False,10,3,50,5,1.3999971999999998,15.24,1000,1,1,1,1,1,3003,8.3555197
0,Alu shim stock,5052,0.0150,Alu shim stock,2700.011337,213,0,True,False,Alu shim stock,4000,1000,2000,1000,0,0.38099999999999995,False,1000,True,1378.951456,False,1,0,0,1.3999971999999998,0.3048,6.35,12.7,0,0,,,0,,True,True,False,False,False,False,True,300,True,3800,True,1.5,1,1.3999971999999998,273,0,0,381,350,True,3800,True,0,-5.44033203100551,0,0,-3.6329507394882192,-1,-1,False,False,0,0,1,300,2,1,0.0189,2345,False,3000,1000,0,0,0,30,1.016,False,50,0,0,0,5,30,1.3999971999999998,0,1.92024,5,1000,1000,5,1.3999971999999998,1000,1000,False,10,3,50,5,1.3999971999999998,0.48006,1000,1,1,1,1,1,5052,8.3555197
0,Alu shim stock,5052,0.0250,Alu shim stock,2700.011337,213,0,True,False,Alu shim stock,4000,1000,2000,1000,0,0.635,False,1000,True,1378.951456,False,1,0,0,1.3999971999999998,0.7619999999999999,6.35,12.7,0,0,,,0,,True,True,False,False,False,False,True,300,True,3800,True,1.5,1,1.3999971999999998,273,0,0,381,350,True,3800,True,0,-5.44033203100551,0,0,-3.6329507394882192,-1,-1,False,False,0,0,1,300,2,1,0.0189,2345,False,3000,1000,0,0,0,30,1.016,False,50,0,0,0,5,30,1.3999971999999998,0,1.92024,5,1000,1000,5,1.3999971999999998,1000,1000,False,10,3,50,5,1.3999971999999998,0.48006,1000,1,1,1,1,1,5052,8.3555197
0,Alu shim stock,5052,0.0400,Alu shim stock,2700.011337,213,0,True,False,Alu shim stock,4000,1000,2000,1000,0,1.016,False,1000,True,1378.951456,False,1,0,0,1.3999971999999998,0.5588,6.35,12.7,0,0,,,0,,True,True,False,False,False,False,True,300,True,3800,True,1.5,1,1.3999971999999998,273,0,0,381,350,True,3800,True,0,-5.44033203100551,0,0,-3.6329507394882192,-1,-1,False,False,0,0,1,300,2,1,0.0189,2345,False,3000,1000,0,0,0,30,1.016,False,50,0,0,0,5,30,1.3999971999999998,0,1.92024,5,1000,1000,5,1.3999971999999998,1000,1000,False,10,3,50,5,1.3999971999999998,0.48006,1000,1,1,1,1,1,5052,8.3555197
0,Alu shim stock,5052,0.0630,Alu shim stock,2700.011337,213,0,True,False,Alu shim stock,4000,1000,2000,1000,0,1.6002,False,1000,True,1378.951456,False,1,0,0,1.3999971999999998,0.635,6.35,12.7,0,0,,,0,,True,True,False,False,False,False,True,300,True,3800,True,1.5,1,1.3999971999999998,273,0,0,381,350,True,3800,True,0,-5.44033203100551,0,0,-3.6329507394882192,-1,-1,False,False,0,0,1,300,2,1,0.0189,2345,False,3000,1000,0,0,0,30,1.016,False,50,0,0,0,5,30,1.3999971999999998,0,1.92024,5,1000,1000,5,1.3999971999999998,1000,1000,False,10,3,50,5,1.3999971999999998,0.48006,1000,1,1,1,1,1,5052,8.3555197
0,Alu shim stock,5052,0.0650,Alu shim stock,2700.011337,213,0,True,False,Alu shim stock,4000,1000,2000,1000,0,1.651,False,1000,True,1378.951456,False,1,0,0,1.3999971999999998,0.508,6.35,12.7,0,0,,,0,,True,False,False,False,False,False,True,300,True,3800,True,3,1,1.3999971999999998,273,0,0,200.66,350,True,3800,True,0,-5.710593137499642,0,0,-3.6619355755198,-1,-1,False,False,0,0,1,300,5,1,0.0375,1000,False,3000,1000,0,0,0,30,1.016,False,50,0,0,0,5,30,1.3999971999999998,0,3.81,5,1000,1000,5,1.3999971999999998,1000,1000,False,10,3,50,5,1.3999971999999998,0.9525,1000,1,1,1,1,1,5052,8.3555197
0,Alu shim stock,5052,0.0800,Alu shim stock,2700.011337,213,0,True,False,Alu shim stock,4000,1000,2000,1000,0,2.032,False,1000,True,1378.951456,False,1,0,0,1.3999971999999998,0.7619999999999999,6.35,12.7,0,0,,,0,,True,False,False,False,False,False,True,300,True,3800,True,1.5,1,1.3999971999999998,273,0,0,381,350,True,3800,True,0,-5.44033203100551,0,0,-3.6329507394882192,-1,-1,False,False,0,0,1,300,2,1,0.0189,2345,False,3000,1000,0,0,0,30,1.016,False,50,0,0,0,5,30,1.3999971999999998,0,1.92024,5,1000,1000,5,1.3999971999999998,1000,1000,False,10,3,50,5,1.3999971999999998,0.48006,1000,1,1,1,1,1,5052,8.3555197
0,Alu shim stock,5052,0.1000,Alu shim stock,2700.011337,213,0,True,False,Alu shim stock,4000,1000,2000,1000,0,2.54,False,1000,True,1378.951456,False,1,0,0,1.3999971999999998,0.8128,6.35,12.7,0,0,,,0,,True,False,False,False,False,False,True,300,True,3800,True,3,1,1.3999971999999998,273,0,0,200.66,350,True,3800,True,0,-5.710593137499642,0,0,-3.6619355755198,-1,-1,False,False,0,0,1,300,5,1,0.0375,1000,False,3000,1000,0,0,0,30,1.016,False,50,0,0,0,5,30,1.3999971999999998,0,3.81,5,1000,1000,5,1.3999971999999998,1000,1000,False,10,3,50,5,1.3999971999999998,0.9525,1000,1,1,1,1,1,5052,8.3555197
0,Alu shim stock,5052,0.1250,Alu shim stock,2700.011337,213,0,True,False,Alu shim stock,4000,1000,2000,1000,0,3.175,False,1000,True,1378.951456,False,1,0,0,1.3999971999999998,0.7111999999999999,4.7752,12.7,0,0,,,0,,True,False,False,False,False,False,True,300,True,3800,True,1,1,1.3999971999999998,508,0,0,200.66,350,True,3800,True,0,-5.710593137499642,0,0,-3.6619355755198,-1,-1,False,False,0,0,1,300,5,1,0.0375,1000,False,3000,1000,0,0,0,30,1.016,False,50,0,0,0,5,30,1.3999971999999998,0,3.81,5,1000,1000,5,1.3999971999999998,1000,1000,False,10,3,50,5,1.3999971999999998,0.9525,1000,1,1,1,1,1,5052,8.3555197
0,Alu shim stock,5052,0.1400,Alu shim stock,2700.011337,213,0,True,False,Alu shim stock,4000,1000,2000,1000,0,3.556,False,1000,True,1378.951456,False,1,0,0,1.3999971999999998,0.45719999999999994,6.35,12.7,0,0,,,0,,True,False,False,False,False,False,True,300,True,3800,True,3,1,1.3999971999999998,273,0,0,200.66,350,True,3800,True,0,-5.710593137499642,0,0,-3.6619355755198,-1,-1,False,False,0,0,1,300,5,1,0.0375,1000,False,3000,1000,0,0,0,30,1.016,False,50,0,0,0,5,30,1.3999971999999998,0,3.81,5,1000,1000,5,1.3999971999999998,1000,1000,False,10,3,50,5,1.3999971999999998,0.9525,1000,1,1,1,1,1,5052,8.3555197
0,Alu shim stock,5052,0.1600,Alu shim stock,2700.011337,213,0,True,False,Alu shim stock,4000,1000,2000,1000,0,4.064,False,1000,True,1378.951456,False,1,0,0,1.3999971999999998,0.45719999999999994,6.35,12.7,0,0,,,0,,True,False,False,False,False,False,True,300,True,3800,True,3,1,1.3999971999999998,273,0,0,200.66,350,True,3800,True,0,-5.710593137499642,0,0,-3.6619355755198,-1,-1,False,False,0,0,1,300,5,1,0.0375,1000,False,3000,1000,0,0,0,30,1.016,False,50,0,0,0,5,30,1.3999971999999998,0,3.81,5,1000,1000,5,1.3999971999999998,1000,1000,False,10,3,50,5,1.3999971999999998,0.9525,1000,1,1,1,1,1,5052,8.3555197
0,Alu shim stock,5052,0.1870,Alu shim stock,2700.011337,213,0,True,False,Alu shim stock,4000,1000,2000,1000,0,4.7498,False,1000,True,1378.951456,False,1,0,0,1.3999971999999998,0.7111999999999999,4.7752,12.7,0,0,,,0,,True,False,False,False,False,False,True,300,True,3800,True,4,2,1.3999971999999998,273,0,0,127,350,True,3800,True,0,-4.281536235070608,0,0,-2.449662620127041,-1,-1,False,False,0,0,1,914.4,5,1,0.0561,1000,False,3000,1000,0,0,0,30,1.016,False,50,0,0,0,5,30,1.3999971999999998,0,5.69976,5,1000,1000,5,1.3999971999999998,1000,1000,False,10,3,50,5,1.3999971999999998,1.42494,1000,1,1,1,1,1,5052,8.3555197
0,Alu shim stock,5052,0.2500,Alu shim stock,2700.011337,213,0,True,False,Alu shim stock,4000,1000,2000,1000,0,6.35,False,1000,True,1378.951456,False,1,0,0,1.3999971999999998,0.889,4.7752,12.7,0,0,,,0,,True,False,False,False,False,False,True,300,True,3800,False,3,1.5,1.3999971999999998,273,0,0,90.42399999999999,350,True,3800,True,0,-2.5193892912062745,0,0,-1.2603038465035852,-1,-1,False,False,0,0,1,300,5,1,0.075,1000,False,3000,1000,0,0,0,30,1.016,False,50,0,0,0,5,30,1.3999971999999998,0,7.62,5,1000,1000,5,1.3999971999999998,1000,1000,False,10,3,50,5,1.3999971999999998,1.905,1000,1,1,1,1,1,5052,8.3555197
0,Alu shim stock,5052,0.3130,Alu shim stock,2700.011337,213,0,True,False,Alu shim stock,4000,1000,2000,1000,0,7.9502,False,1000,True,1378.951456,False,1,0,0,1.3999971999999998,0.7619999999999999,6.35,12.7,0,0,,,0,,True,False,False,False,False,False,True,300,True,3800,True,8,3,1.3999971999999998,273,0,0,69.85,350,True,3800,True,0,-2.2869548095007075,0,0,-1.4641101061676423,-1,-1,False,False,0,0,1,300,5,1,0.0939,1000,False,3000,1000,0,0,0,30,1.016,False,50,0,0,0,5,30,1.3999971999999998,0,9.54024,5,1000,1000,5,1.3999971999999998,1000,1000,False,10,3,50,5,1.3999971999999998,2.38506,1000,1,1,1,1,1,5052,8.3555197
0,Alu shim stock,5052,0.3750,Alu shim stock,2700.011337,213,0,True,False,Alu shim stock,4000,1000,2000,1000,0,9.525,False,1000,True,1378.951456,False,1,0,0,1.3999971999999998,0.8128,4.7752,12.7,0,0,,,0,,True,False,False,False,False,False,True,300,True,3800,True,3,3,1.3999971999999998,273,0,0,56.641999999999996,350,True,3800,True,0,-1.680194404927422,0,0,-0.9166542563852882,-1,-1,False,False,0,0,1,300,5,1,0.1125,1000,False,3000,1000,0,0,0,30,1.0668,False,50,0,0,0,5,30,1.3999971999999998,0,11.43,5,1000,1000,5,1.3999971999999998,1000,1000,False,10,3,50,5,1.3999971999999998,2.8575,1000,1,1,1,1,1,5052,8.3555197
0,Alu shim stock,5052,0.5000,Alu shim stock,2700.011337,213,0,True,False,Alu shim stock,4000,1000,2000,1000,0,12.7,False,1000,True,1378.951456,False,1,0,0,1.3999971999999998,0.7111999999999999,4.7752,12.7,0,0,,,0,,True,False,False,False,False,False,True,300,True,3800,True,12,5,1.3999971999999998,273,0,0,40.64,350,True,3800,True,0,-1.7183580016554585,0,0,-0.7448031783150634,-1,-1,False,False,0,0,1,300,5,1,0.15,1000,False,3000,1000,0,0,0,30,1.016,False,50,0,0,0,5,30,1.3999971999999998,0,15.24,5,1000,1000,5,1.3999971999999998,1000,1000,False,10,3,50,5,1.3999971999999998,3.81,1000,1,1,1,1,1,5052,8.3555197
0,Alu shim stock,5052,0.6250,Alu shim stock,2700.011337,213,0,True,False,Alu shim stock,4000,1000,2000,1000,0,15.875,False,1000,True,1378.951456,False,1,0,0,1.3999971999999998,0.5588,6.35,12.7,0,0,,,0,,True,False,False,False,False,False,True,300,True,3800,True,25,10,1.3999971999999998,273,0,0,31.496,350,True,3800,True,0,-1.145762838175103,0,0,-0.7333459290514626,-1,-1,False,False,0,0,1,300,5,1,0.1875,1000,False,3000,1000,0,0,0,30,1.016,False,50,0,0,0,5,30,1.3999971999999998,0,19.05,5,1000,1000,5,1.3999971999999998,1000,1000,False,10,3,50,5,1.3999971999999998,4.7625,1000,1,1,1,1,1,5052,8.3555197
0,Alu shim stock,5052,0.7500,Alu shim stock,2700.011337,213,0,True,False,Alu shim stock,4000,1000,2000,1000,0,19.049999999999997,False,1000,True,1378.951456,False,1,0,0,1.3999971999999998,0.7111999999999999,4.7752,12.7,0,0,,,0,,True,False,False,False,False,False,True,300,True,3800,True,25,10,1.3999971999999998,273,0,0,31.496,350,True,3800,True,0,-1.145762838175103,0,0,-0.7333459290514626,-1,-1,False,False,0,0,1,300,5,1,0.1875,1000,False,3000,1000,0,0,0,30,1.016,False,50,0,0,0,5,30,1.3999971999999998,0,19.05,5,1000,1000,5,1.3999971999999998,1000,1000,False,10,3,50,5,1.3999971999999998,4.7625,1000,1,1,1,1,1,5052,8.3555197
0,Alu shim stock,5052,1.0000,Alu shim stock,2700.011337,213,0,True,False,Alu shim stock,4000,1000,2000,1000,0,25.4,False,1000,True,1378.951456,False,1,0,0,1.3999971999999998,0.7111999999999999,4.7752,12.7,0,0,,,0,,True,False,False,False,False,False,True,300,True,3800,True,3,10,1.3999971999999998,273,0,0,18.287999999999997,350,True,3800,True,0,-0.8593722436446815,0,0,-0.3724173220168406,-1,-1,False,False,0,0,0.5,300,5,1,0.3,1000,False,3000,1000,0,0,0,30,1.1429999999999998,False,50,0,0,0,5,30,1.3999971999999998,0,30.48,5,1000,1000,5,1.3999971999999998,1000,1000,False,10,3,50,5,1.3999971999999998,7.62,1000,1,1,1,1,1,5052,8.3555197
0,Alu shim stock,5052,1.2500,Alu shim stock,2700.011337,213,0,True,False,Alu shim stock,4000,1000,2000,1000,0,31.75,False,1000,True,1378.951456,False,1,0,0,1.3999971999999998,0.889,6.35,12.7,0,0,,,0,,True,False,False,False,False,False,True,300,True,3800,True,35,14,1.3999971999999998,273,0,0,14.224,350,True,3800,True,0,-0.5729386976834857,0,0,-0.36668798242515643,-1,-1,False,False,0,0,1,300,5,1,0.375,1000,False,3000,1000,0,0,0,30,1.016,False,50,0,0,0,5,30,1.3999971999999998,0,38.1,5,1000,1000,5,1.3999971999999998,1000,1000,False,10,3,50,5,1.3999971999999998,9.525,1000,1,1,1,1,1,5052,8.3555197
0,Alu shim stock,5052,1.3750,Alu shim stock,2700.011337,213,0,True,False,Alu shim stock,4000,1000,2000,1000,0,34.925,False,1000,True,1378.951456,False,1,0,0,1.3999971999999998,0.5588,6.35,12.7,0,0,,,0,,True,False,False,False,False,False,True,300,True,3800,True,3,10,1.3999971999999998,273,0,0,18.287999999999997,350,True,3800,True,0,-0.8593722436446815,0,0,-0.3724173220168406,-1,-1,False,False,0,0,0.5,300,5,1,0.3,1000,False,3000,1000,0,0,0,30,1.1429999999999998,False,50,0,0,0,5,30,1.3999971999999998,0,30.48,5,1000,1000,5,1.3999971999999998,1000,1000,False,10,3,50,5,1.3999971999999998,7.62,1000,1,1,1,1,1,5052,8.3555197
0,Alu shim stock,5052,1.5000,Alu shim stock,2700.011337,213,0,True,False,Alu shim stock,4000,1000,2000,1000,0,38.1,False,1000,True,1378.951456,False,1,0,0,1.3999971999999998,0.635,6.35,12.7,0,0,,,0,,True,False,False,False,False,False,True,300,True,3800,True,40,16,1.3999971999999998,273,0,0,11.43,350,True,3800,True,0,-0.47745377730957717,0,0,-0.3055745934585659,-1,-1,False,False,0,0,1,300,5,1,0.45,1000,False,3000,1000,0,0,0,30,1.016,False,50,0,0,0,5,30,1.3999971999999998,0,45.72,5,1000,1000,5,1.3999971999999998,1000,1000,False,10,3,50,5,1.3999971999999998,11.43,1000,1,1,1,1,1,5052,8.3555197
0,Alu shim stock,5052,1.7500,Alu shim stock,2700.011337,213,0,True,False,Alu shim stock,4000,1000,2000,1000,0,44.45,False,1000,True,1378.951456,False,1,0,0,1.3999971999999998,0.2,6.35,12.7,0,0,,,0,,True,False,False,False,False,False,True,300,True,3800,True,45,18,1.3999971999999998,273,0,0,9.652,350,True,3800,True,0,-0.4092486080349386,0,0,-0.26192173895527376,-1,-1,False,False,0,0,1,300,5,1,0.525,1000,False,3000,1000,0,0,0,30,1.016,False,50,0,0,0,5,30,1.3999971999999998,0,53.34,5,1000,1000,5,1.3999971999999998,1000,1000,False,10,3,50,5,1.3999971999999998,13.335,1000,1,1,1,1,1,5052,8.3555197
0,Alu shim stock,5052,2.0000,Alu shim stock,2700.011337,213,0,True,False,Alu shim stock,4000,1000,2000,1000,0,50.8,False,1000,True,1378.951456,False,1,0,0,1.3999971999999998,0.2,6.35,12.7,0,0,,,0,,True,False,False,False,False,False,True,300,True,3800,True,50,20,1.3999971999999998,273,0,0,8.128,350,True,3800,True,0,-0.4297102894010439,0,0,-0.30080007886327004,-1,-1,False,False,0,0,1,300,5,1,0.6,1000,False,3000,1000,0,0,0,30,1.016,False,50,0,0,0,5,30,1.3999971999999998,0,60.96,5,1000,1000,5,1.3999971999999998,1000,1000,False,10,3,50,5,1.3999971999999998,15.24,1000,1,1,1,1,1,5052,8.3555197
0,Alu shim stock,5052,2.2500,Alu shim stock,2700.011337,213,0,True,False,Alu shim stock,4000,1000,2000,1000,0,57.15,False,1000,True,1378.951456,False,1,0,0,1.3999971999999998,0.2,6.35,12.7,0,0,,,0,,True,False,False,False,False,False,True,300,True,3800,True,50,20,1.3999971999999998,273,0,0,8.128,350,True,3800,True,0,-0.4297102894010439,0,0,-0.30080007886327004,-1,-1,False,False,0,0,1,300,5,1,0.6,1000,False,3000,1000,0,0,0,30,1.016,False,50,0,0,0,5,30,1.3999971999999998,0,60.96,5,1000,1000,5,1.3999971999999998,1000,1000,False,10,3,50,5,1.3999971999999998,15.24,1000,1,1,1,1,1,5052,8.3555197
0,Alu shim stock,5052,2.5000,Alu shim stock,2700.011337,213,0,True,False,Alu shim stock,4000,1000,2000,1000,0,63.5,False,1000,True,1378.951456,False,1,0,0,1.3999971999999998,0.2,6.35,12.7,0,0,,,0,,True,False,False,False,False,False,True,300,True,3800,True,50,20,1.3999971999999998,273,0,0,8.128,350,True,3800,True,0,-0.4297102894010439,0,0,-0.30080007886327004,-1,-1,False,False,0,0,1,300,5,1,0.6,1000,False,3000,1000,0,0,0,30,1.016,False,50,0,0,0,5,30,1.3999971999999998,0,60.96,5,1000,1000,5,1.3999971999999998,1000,1000,False,10,3,50,5,1.3999971999999998,15.24,1000,1,1,1,1,1,5052,8.3555197
0,Alu shim stock,5052,2.7500,Alu shim stock,2700.011337,213,0,True,False,Alu shim stock,4000,1000,2000,1000,0,69.85,False,1000,True,1378.951456,False,1,0,0,1.3999971999999998,0.2,6.35,12.7,0,0,,,0,,True,False,False,False,False,False,True,300,True,3800,True,50,20,1.3999971999999998,273,0,0,8.128,350,True,3800,True,0,-0.4297102894010439,0,0,-0.30080007886327004,-1,-1,False,False,0,0,1,300,5,1,0.6,1000,False,3000,1000,0,0,0,30,1.016,False,50,0,0,0,5,30,1.3999971999999998,0,60.96,5,1000,1000,5,1.3999971999999998,1000,1000,False,10,3,50,5,1.3999971999999998,15.24,1000,1,1,1,1,1,5052,8.3555197
0,Alu shim stock,5052,3.0000,Alu shim stock,2700.011337,213,0,True,False,Alu shim stock,4000,1000,2000,1000,0,76.19999999999999,False,1000,True,1378.951456,False,1,0,0,1.3999971999999998,0.2,6.35,12.7,0,0,,,0,,True,False,False,False,False,False,True,300,True,3800,True,50,20,1.3999971999999998,273,0,0,8.128,350,True,3800,True,0,-0.358093959323571,0,0,-0.2291818957541002,-1,-1,False,False,0,0,1,300,5,1,0.6,1000,False,3000,1000,0,0,0,30,1.016,False,50,0,0,0,5,30,1.3999971999999998,0,60.96,5,1000,1000,5,1.3999971999999998,1000,1000,False,10,3,50,5,1.3999971999999998,15.24,1000,1,1,1,1,1,5052,8.3555197
0,Alu shim stock,5052,3.2500,Alu shim stock,2700.011337,213,0,True,False,Alu shim stock,4000,1000,2000,1000,0,82.55,False,1000,True,1378.951456,False,1,0,0,1.3999971999999998,0.2,6.35,12.7,0,0,,,0,,True,False,False,False,False,False,True,300,True,3800,True,50,20,1.3999971999999998,273,0,0,8.128,350,True,3800,True,0,-0.358093959323571,0,0,-0.2291818957541002,-1,-1,False,False,0,0,1,300,5,1,0.6,1000,False,3000,1000,0,0,0,30,1.016,False,50,0,0,0,5,30,1.3999971999999998,0,60.96,5,1000,1000,5,1.3999971999999998,1000,1000,False,10,3,50,5,1.3999971999999998,15.24,1000,1,1,1,1,1,5052,8.3555197
0,Alu shim stock,5052,3.5000,Alu shim stock,2700.011337,213,0,True,False,Alu shim stock,4000,1000,2000,1000,0,88.89999999999999,False,1000,True,1378.951456,False,1,0,0,1.3999971999999998,0.2,6.35,12.7,0,0,,,0,,True,False,False,False,False,False,True,300,True,3800,True,50,20,1.3999971999999998,273,0,0,8.128,350,True,3800,True,0,-0.358093959323571,0,0,-0.2291818957541002,-1,-1,False,False,0,0,1,300,5,1,0.6,1000,False,3000,1000,0,0,0,30,1.016,False,50,0,0,0,5,30,1.3999971999999998,0,60.96,5,1000,1000,5,1.3999971999999998,1000,1000,False,10,3,50,5,1.3999971999999998,15.24,1000,1,1,1,1,1,5052,8.3555197
0,Alu shim stock,5052,4.0000,Alu shim stock,2700.011337,213,0,True,False,Alu shim stock,4000,1000,2000,1000,0,101.6,False,1000,True,1378.951456,False,1,0,0,1.3999971999999998,0.2,6.35,12.7,0,0,,,0,,True,False,False,False,False,False,True,300,True,3800,True,50,20,1.3999971999999998,273,0,0,8.128,350,True,3800,True,0,-0.358093959323571,0,0,-0.2291818957541002,-1,-1,False,False,0,0,1,300,5,1,0.6,1000,False,3000,1000,0,0,0,30,1.016,False,50,0,0,0,5,30,1.3999971999999998,0,60.96,5,1000,1000,5,1.3999971999999998,1000,1000,False,10,3,50,5,1.3999971999999998,15.24,1000,1,1,1,1,1,5052,8.3555197
0,Alu shim stock,5052,4.5000,Alu shim stock,2700.011337,213,0,True,False,Alu shim stock,4000,1000,2000,1000,0,114.3,False,1000,True,1378.951456,False,1,0,0,1.3999971999999998,0.2,6.35,12.7,0,0,,,0,,True,False,False,False,False,False,True,300,True,3800,True,50,20,1.3999971999999998,273,0,0,8.128,350,True,3800,True,0,-0.358093959323571,0,0,-0.2291818957541002,-1,-1,False,False,0,0,1,300,5,1,0.6,1000,False,3000,1000,0,0,0,30,1.016,False,50,0,0,0,5,30,1.3999971999999998,0,60.96,5,1000,1000,5,1.3999971999999998,1000,1000,False,10,3,50,5,1.3999971999999998,15.24,1000,1,1,1,1,1,5052,8.3555197
0,Alu shim stock,5052,5.0000,Alu shim stock,2700.011337,213,0,True,False,Alu shim stock,4000,1000,2000,1000,0,127,False,1000,True,1378.951456,False,1,0,0,1.3999971999999998,0.2,6.35,12.7,0,0,,,0,,True,False,False,False,False,False,True,300,True,3800,True,50,20,1.3999971999999998,273,0,0,8.128,350,True,3800,True,0,-0.358093959323571,0,0,-0.2291818957541002,-1,-1,False,False,0,0,1,300,5,1,0.6,1000,False,3000,1000,0,0,0,30,1.016,False,50,0,0,0,5,30,1.3999971999999998,0,60.96,5,1000,1000,5,1.3999971999999998,1000,1000,False,10,3,50,5,1.3999971999999998,15.24,1000,1,1,1,1,1,5052,8.3555197
0,Alu shim stock,5052,6.0000,Alu shim stock,2700.011337,213,0,True,False,Alu shim stock,4000,1000,2000,1000,0,152.39999999999998,False,1000,True,1378.951456,False,1,0,0,1.3999971999999998,0.2,6.35,12.7,0,0,,,0,,True,False,False,False,False,False,True,300,True,3800,True,50,20,1.3999971999999998,273,0,0,8.128,350,True,3800,True,0,-0.358093959323571,0,0,-0.2291818957541002,-1,-1,False,False,0,0,1,300,5,1,0.6,1000,False,3000,1000,0,0,0,30,1.016,False,50,0,0,0,5,30,1.3999971999999998,0,60.96,5,1000,1000,5,1.3999971999999998,1000,1000,False,10,3,50,5,1.3999971999999998,15.24,1000,1,1,1,1,1,5052,8.3555197
0,Alu shim stock,6061 T6,0.0150,Alu shim stock,2700.011337,213,0,True,False,Alu shim stock,4000,1000,2000,1000,0,0.38099999999999995,False,1000,True,1378.951456,False,1,0,0,1.3999971999999998,0.3048,6.35,12.7,0,0,,,0,,True,True,False,False,False,False,True,300,True,3800,True,1.5,1,1.3999971999999998,273,0,0,381,350,True,3800,True,0,-5.44033203100551,0,0,-3.6329507394882192,-1,-1,False,False,0,0,1,300,2,1,0.0189,2345,False,3000,1000,0,0,0,30,1.016,False,50,0,0,0,5,30,1.3999971999999998,0,1.92024,5,1000,1000,5,1.3999971999999998,1000,1000,False,10,3,50,5,1.3999971999999998,0.48006,1000,1,1,1,1,1,6061 T6,8.3555197
0,Alu shim stock,6061 T6,0.0250,Alu shim stock,2700.011337,213,0,True,False,Alu shim stock,4000,1000,2000,1000,0,0.635,False,1000,True,1378.951456,False,1,0,0,1.3999971999999998,0.7619999999999999,6.35,12.7,0,0,,,0,,True,True,False,False,False,False,True,300,True,3800,True,1.5,1,1.3999971999999998,273,0,0,381,350,True,3800,True,0,-5.44033203100551,0,0,-3.6329507394882192,-1,-1,False,False,0,0,1,300,2,1,0.0189,2345,False,3000,1000,0,0,0,30,1.016,False,50,0,0,0,5,30,1.3999971999999998,0,1.92024,5,1000,1000,5,1.3999971999999998,1000,1000,False,10,3,50,5,1.3999971999999998,0.48006,1000,1,1,1,1,1,6061 T6,8.3555197
0,Alu shim stock,6061 T6,0.0400,Alu shim stock,2700.011337,213,0,True,False,Alu shim stock,4000,1000,2000,1000,0,1.016,False,1000,True,1378.951456,False,1,0,0,1.3999971999999998,0.5588,6.35,12.7,0,0,,,0,,True,True,False,False,False,False,True,300,True,3800,True,1.5,1,1.3999971999999998,273,0,0,381,350,True,3800,True,0,-5.44033203100551,0,0,-3.6329507394882192,-1,-1,False,False,0,0,1,300,2,1,0.0189,2345,False,3000,1000,0,0,0,30,1.016,False,50,0,0,0,5,30,1.3999971999999998,0,1.92024,5,1000,1000,5,1.3999971999999998,1000,1000,False,10,3,50,5,1.3999971999999998,0.48006,1000,1,1,1,1,1,6061 T6,8.3555197
0,Alu shim stock,6061 T6,0.0630,Alu shim stock,2700.011337,213,0,True,False,Alu shim stock,4000,1000,2000,1000,0,1.6002,False,1000,True,1378.951456,False,1,0,0,1.3999971999999998,0.635,6.35,12.7,0,0,,,0,,True,True,False,False,False,False,True,300,True,3800,True,1.5,1,1.3999971999999998,273,0,0,381,350,True,3800,True,0,-5.44033203100551,0,0,-3.6329507394882192,-1,-1,False,False,0,0,1,300,2,1,0.0189,2345,False,3000,1000,0,0,0,30,1.016,False,50,0,0,0,5,30,1.3999971999999998,0,1.92024,5,1000,1000,5,1.3999971999999998,1000,1000,False,10,3,50,5,1.3999971999999998,0.48006,1000,1,1,1,1,1,6061 T6,8.3555197
0,Alu shim stock,6061 T6,0.0650,Alu shim stock,2700.011337,213,0,True,False,Alu shim stock,4000,1000,2000,1000,0,1.651,False,1000,True,1378.951456,False,1,0,0,1.3999971999999998,0.508,6.35,12.7,0,0,,,0,,True,False,False,False,False,False,True,300,True,3800,True,3,1,1.3999971999999998,273,0,0,200.66,350,True,3800,True,0,-5.710593137499642,0,0,-3.6619355755198,-1,-1,False,False,0,0,1,300,5,1,0.0375,1000,False,3000,1000,0,0,0,30,1.016,False,50,0,0,0,5,30,1.3999971999999998,0,3.81,5,1000,1000,5,1.3999971999999998,1000,1000,False,10,3,50,5,1.3999971999999998,0.9525,1000,1,1,1,1,1,6061 T6,8.3555197
0,Alu shim stock,6061 T6,0.0800,Alu shim stock,2700.011337,213,0,True,False,Alu shim stock,4000,1000,2000,1000,0,2.032,False,1000,True,1378.951456,False,1,0,0,1.3999971999999998,0.7619999999999999,6.35,12.7,0,0,,,0,,True,False,False,False,False,False,True,300,True,3800,True,1.5,1,1.3999971999999998,273,0,0,381,350,True,3800,True,0,-5.44033203100551,0,0,-3.6329507394882192,-1,-1,False,False,0,0,1,300,2,1,0.0189,2345,False,3000,1000,0,0,0,30,1.016,False,50,0,0,0,5,30,1.3999971999999998,0,1.92024,5,1000,1000,5,1.3999971999999998,1000,1000,False,10,3,50,5,1.3999971999999998,0.48006,1000,1,1,1,1,1,6061 T6,8.3555197
0,Alu shim stock,6061 T6,0.1000,Alu shim stock,2700.011337,213,0,True,False,Alu shim stock,4000,1000,2000,1000,0,2.54,False,1000,True,1378.951456,False,1,0,0,1.3999971999999998,0.8128,6.35,12.7,0,0,,,0,,True,False,False,False,False,False,True,300,True,3800,True,3,1,1.3999971999999998,273,0,0,200.66,350,True,3800,True,0,-5.710593137499642,0,0,-3.6619355755198,-1,-1,False,False,0,0,1,300,5,1,0.0375,1000,False,3000,1000,0,0,0,30,1.016,False,50,0,0,0,5,30,1.3999971999999998,0,3.81,5,1000,1000,5,1.3999971999999998,1000,1000,False,10,3,50,5,1.3999971999999998,0.9525,1000,1,1,1,1,1,6061 T6,8.3555197
0,Alu shim stock,6061 T6,0.1250,Alu shim stock,2700.011337,213,0,True,False,Alu shim stock,4000,1000,2000,1000,0,3.175,False,1000,True,1378.951456,False,1,0,0,1.3999971999999998,0.7111999999999999,4.7752,12.7,0,0,,,0,,True,False,False,False,False,False,True,300,True,3800,True,1,1,1.3999971999999998,508,0,0,200.66,350,True,3800,True,0,-5.710593137499642,0,0,-3.6619355755198,-1,-1,False,False,0,0,1,300,5,1,0.0375,1000,False,3000,1000,0,0,0,30,1.016,False,50,0,0,0,5,30,1.3999971999999998,0,3.81,5,1000,1000,5,1.3999971999999998,1000,1000,False,10,3,50,5,1.3999971999999998,0.9525,1000,1,1,1,1,1,6061 T6,8.3555197
0,Alu shim stock,6061 T6,0.1400,Alu shim stock,2700.011337,213,0,True,False,Alu shim stock,4000,1000,2000,1000,0,3.556,False,1000,True,1378.951456,False,1,0,0,1.3999971999999998,0.45719999999999994,6.35,12.7,0,0,,,0,,True,False,False,False,False,False,True,300,True,3800,True,3,1,1.3999971999999998,273,0,0,200.66,350,True,3800,True,0,-5.710593137499642,0,0,-3.6619355755198,-1,-1,False,False,0,0,1,300,5,1,0.0375,1000,False,3000,1000,0,0,0,30,1.016,False,50,0,0,0,5,30,1.3999971999999998,0,3.81,5,1000,1000,5,1.3999971999999998,1000,1000,False,10,3,50,5,1.3999971999999998,0.9525,1000,1,1,1,1,1,6061 T6,8.3555197
0,Alu shim stock,6061 T6,0.1600,Alu shim stock,2700.011337,213,0,True,False,Alu shim stock,4000,1000,2000,1000,0,4.064,False,1000,True,1378.951456,False,1,0,0,1.3999971999999998,0.45719999999999994,6.35,12.7,0,0,,,0,,True,False,False,False,False,False,True,300,True,3800,True,3,1,1.3999971999999998,273,0,0,200.66,350,True,3800,True,0,-5.710593137499642,0,0,-3.6619355755198,-1,-1,False,False,0,0,1,300,5,1,0.0375,1000,False,3000,1000,0,0,0,30,1.016,False,50,0,0,0,5,30,1.3999971999999998,0,3.81,5,1000,1000,5,1.3999971999999998,1000,1000,False,10,3,50,5,1.3999971999999998,0.9525,1000,1,1,1,1,1,6061 T6,8.3555197
0,Alu shim stock,6061 T6,0.1870,Alu shim stock,2700.011337,213,0,True,False,Alu shim stock,4000,1000,2000,1000,0,4.7498,False,1000,True,1378.951456,False,1,0,0,1.3999971999999998,0.7111999999999999,4.7752,12.7,0,0,,,0,,True,False,False,False,False,False,True,300,True,3800,True,4,2,1.3999971999999998,273,0,0,127,350,True,3800,True,0,-4.281536235070608,0,0,-2.449662620127041,-1,-1,False,False,0,0,1,914.4,5,1,0.0561,1000,False,3000,1000,0,0,0,30,1.016,False,50,0,0,0,5,30,1.3999971999999998,0,5.69976,5,1000,1000,5,1.3999971999999998,1000,1000,False,10,3,50,5,1.3999971999999998,1.42494,1000,1,1,1,1,1,6061 T6,8.3555197
0,Alu shim stock,6061 T6,0.2500,Alu shim stock,2700.011337,213,0,True,False,Alu shim stock,4000,1000,2000,1000,0,6.35,False,1000,True,1378.951456,False,1,0,0,1.3999971999999998,0.889,4.7752,12.7,0,0,,,0,,True,False,False,False,False,False,True,300,True,3800,False,3,1.5,1.3999971999999998,273,0,0,90.42399999999999,350,True,3800,True,0,-2.5193892912062745,0,0,-1.2603038465035852,-1,-1,False,False,0,0,1,300,5,1,0.075,1000,False,3000,1000,0,0,0,30,1.016,False,50,0,0,0,5,30,1.3999971999999998,0,7.62,5,1000,1000,5,1.3999971999999998,1000,1000,False,10,3,50,5,1.3999971999999998,1.905,1000,1,1,1,1,1,6061 T6,8.3555197
0,Alu shim stock,6061 T6,0.3130,Alu shim stock,2700.011337,213,0,True,False,Alu shim stock,4000,1000,2000,1000,0,7.9502,False,1000,True,1378.951456,False,1,0,0,1.3999971999999998,0.7619999999999999,6.35,12.7,0,0,,,0,,True,False,False,False,False,False,True,300,True,3800,True,8,3,1.3999971999999998,273,0,0,69.85,350,True,3800,True,0,-2.2869548095007075,0,0,-1.4641101061676423,-1,-1,False,False,0,0,1,300,5,1,0.0939,1000,False,3000,1000,0,0,0,30,1.016,False,50,0,0,0,5,30,1.3999971999999998,0,9.54024,5,1000,1000,5,1.3999971999999998,1000,1000,False,10,3,50,5,1.3999971999999998,2.38506,1000,1,1,1,1,1,6061 T6,8.3555197
0,Alu shim stock,6061 T6,0.3750,Alu shim stock,2700.011337,213,0,True,False,Alu shim stock,4000,1000,2000,1000,0,9.525,False,1000,True,1378.951456,False,1,0,0,1.3999971999999998,0.8128,4.7752,12.7,0,0,,,0,,True,False,False,False,False,False,True,300,True,3800,True,3,3,1.3999971999999998,273,0,0,56.641999999999996,350,True,3800,True,0,-1.680194404927422,0,0,-0.9166542563852882,-1,-1,False,False,0,0,1,300,5,1,0.1125,1000,False,3000,1000,0,0,0,30,1.0668,False,50,0,0,0,5,30,1.3999971999999998,0,11.43,5,1000,1000,5,1.3999971999999998,1000,1000,False,10,3,50,5,1.3999971999999998,2.8575,1000,1,1,1,1,1,6061 T6,8.3555197
0,Alu shim stock,6061 T6,0.5000,Alu shim stock,2700.011337,213,0,True,False,Alu shim stock,4000,1000,2000,1000,0,12.7,False,1000,True,1378.951456,False,1,0,0,1.3999971999999998,0.7111999999999999,4.7752,12.7,0,0,,,0,,True,False,False,False,False,False,True,300,True,3800,True,12,5,1.3999971999999998,273,0,0,40.64,350,True,3800,True,0,-1.7183580016554585,0,0,-0.7448031783150634,-1,-1,False,False,0,0,1,300,5,1,0.15,1000,False,3000,1000,0,0,0,30,1.016,False,50,0,0,0,5,30,1.3999971999999998,0,15.24,5,1000,1000,5,1.3999971999999998,1000,1000,False,10,3,50,5,1.3999971999999998,3.81,1000,1,1,1,1,1,6061 T6,8.3555197
0,Alu shim stock,6061 T6,0.6250,Alu shim stock,2700.011337,213,0,True,False,Alu shim stock,4000,1000,2000,1000,0,15.875,False,1000,True,1378.951456,False,1,0,0,1.3999971999999998,0.5588,6.35,12.7,0,0,,,0,,True,False,False,False,False,False,True,300,True,3800,True,25,10,1.3999971999999998,273,0,0,31.496,350,True,3800,True,0,-1.145762838175103,0,0,-0.7333459290514626,-1,-1,False,False,0,0,1,300,5,1,0.1875,1000,False,3000,1000,0,0,0,30,1.016,False,50,0,0,0,5,30,1.3999971999999998,0,19.05,5,1000,1000,5,1.3999971999999998,1000,1000,False,10,3,50,5,1.3999971999999998,4.7625,1000,1,1,1,1,1,6061 T6,8.3555197
0,Alu shim stock,6061 T6,0.7500,Alu shim stock,2700.011337,213,0,True,False,Alu shim stock,4000,1000,2000,1000,0,19.049999999999997,False,1000,True,1378.951456,False,1,0,0,1.3999971999999998,0.7111999999999999,4.7752,12.7,0,0,,,0,,True,False,False,False,False,False,True,300,True,3800,True,25,10,1.3999971999999998,273,0,0,31.496,350,True,3800,True,0,-1.145762838175103,0,0,-0.7333459290514626,-1,-1,False,False,0,0,1,300,5,1,0.1875,1000,False,3000,1000,0,0,0,30,1.016,False,50,0,0,0,5,30,1.3999971999999998,0,19.05,5,1000,1000,5,1.3999971999999998,1000,1000,False,10,3,50,5,1.3999971999999998,4.7625,1000,1,1,1,1,1,6061 T6,8.3555197
0,Alu shim stock,6061 T6,1.0000,Alu shim stock,2700.011337,213,0,True,False,Alu shim stock,4000,1000,2000,1000,0,25.4,False,1000,True,1378.951456,False,1,0,0,1.3999971999999998,0.7111999999999999,4.7752,12.7,0,0,,,0,,True,False,False,False,False,False,True,300,True,3800,True,3,10,1.3999971999999998,273,0,0,18.287999999999997,350,True,3800,True,0,-0.8593722436446815,0,0,-0.3724173220168406,-1,-1,False,False,0,0,0.5,300,5,1,0.3,1000,False,3000,1000,0,0,0,30,1.1429999999999998,False,50,0,0,0,5,30,1.3999971999999998,0,30.48,5,1000,1000,5,1.3999971999999998,1000,1000,False,10,3,50,5,1.3999971999999998,7.62,1000,1,1,1,1,1,6061 T6,8.3555197
0,Alu shim stock,6061 T6,1.2500,Alu shim stock,2700.011337,213,0,True,False,Alu shim stock,4000,1000,2000,1000,0,31.75,False,1000,True,1378.951456,False,1,0,0,1.3999971999999998,0.889,6.35,12.7,0,0,,,0,,True,False,False,False,False,False,True,300,True,3800,True,35,14,1.3999971999999998,273,0,0,14.224,350,True,3800,True,0,-0.5729386976834857,0,0,-0.36668798242515643,-1,-1,False,False,0,0,1,300,5,1,0.375,1000,False,3000,1000,0,0,0,30,1.016,False,50,0,0,0,5,30,1.3999971999999998,0,38.1,5,1000,1000,5,1.3999971999999998,1000,1000,False,10,3,50,5,1.3999971999999998,9.525,1000,1,1,1,1,1,6061 T6,8.3555197
0,Alu shim stock,6061 T6,1.3750,Alu shim stock,2700.011337,213,0,True,False,Alu shim stock,4000,1000,2000,1000,0,34.925,False,1000,True,1378.951456,False,1,0,0,1.3999971999999998,0.5588,6.35,12.7,0,0,,,0,,True,False,False,False,False,False,True,300,True,3800,True,3,10,1.3999971999999998,273,0,0,18.287999999999997,350,True,3800,True,0,-0.8593722436446815,0,0,-0.3724173220168406,-1,-1,False,False,0,0,0.5,300,5,1,0.3,1000,False,3000,1000,0,0,0,30,1.1429999999999998,False,50,0,0,0,5,30,1.3999971999999998,0,30.48,5,1000,1000,5,1.3999971999999998,1000,1000,False,10,3,50,5,1.3999971999999998,7.62,1000,1,1,1,1,1,6061 T6,8.3555197
0,Alu shim stock,6061 T6,1.5000,Alu shim stock,2700.011337,213,0,True,False,Alu shim stock,4000,1000,2000,1000,0,38.1,False,1000,True,1378.951456,False,1,0,0,1.3999971999999998,0.635,6.35,12.7,0,0,,,0,,True,False,False,False,False,False,True,300,True,3800,True,40,16,1.3999971999999998,273,0,0,11.43,350,True,3800,True,0,-0.47745377730957717,0,0,-0.3055745934585659,-1,-1,False,False,0,0,1,300,5,1,0.45,1000,False,3000,1000,0,0,0,30,1.016,False,50,0,0,0,5,30,1.3999971999999998,0,45.72,5,1000,1000,5,1.3999971999999998,1000,1000,False,10,3,50,5,1.3999971999999998,11.43,1000,1,1,1,1,1,6061 T6,8.3555197
0,Alu shim stock,6061 T6,1.7500,Alu shim stock,2700.011337,213,0,True,False,Alu shim stock,4000,1000,2000,1000,0,44.45,False,1000,True,1378.951456,False,1,0,0,1.3999971999999998,0.2,6.35,12.7,0,0,,,0,,True,False,False,False,False,False,True,300,True,3800,True,45,18,1.3999971999999998,273,0,0,9.652,350,True,3800,True,0,-0.4092486080349386,0,0,-0.26192173895527376,-1,-1,False,False,0,0,1,300,5,1,0.525,1000,False,3000,1000,0,0,0,30,1.016,False,50,0,0,0,5,30,1.3999971999999998,0,53.34,5,1000,1000,5,1.3999971999999998,1000,1000,False,10,3,50,5,1.3999971999999998,13.335,1000,1,1,1,1,1,6061 T6,8.3555197
0,Alu shim stock,6061 T6,2.0000,Alu shim stock,2700.011337,213,0,True,False,Alu shim stock,4000,1000,2000,1000,0,50.8,False,1000,True,1378.951456,False,1,0,0,1.3999971999999998,0.2,6.35,12.7,0,0,,,0,,True,False,False,False,False,False,True,300,True,3800,True,50,20,1.3999971999999998,273,0,0,8.128,350,True,3800,True,0,-0.4297102894010439,0,0,-0.30080007886327004,-1,-1,False,False,0,0,1,300,5,1,0.6,1000,False,3000,1000,0,0,0,30,1.016,False,50,0,0,0,5,30,1.3999971999999998,0,60.96,5,1000,1000,5,1.3999971999999998,1000,1000,False,10,3,50,5,1.3999971999999998,15.24,1000,1,1,1,1,1,6061 T6,8.3555197
0,Alu shim stock,6061 T6,2.2500,Alu shim stock,2700.011337,213,0,True,False,Alu shim stock,4000,1000,2000,1000,0,57.15,False,1000,True,1378.951456,False,1,0,0,1.3999971999999998,0.2,6.35,12.7,0,0,,,0,,True,False,False,False,False,False,True,300,True,3800,True,50,20,1.3999971999999998,273,0,0,8.128,350,True,3800,True,0,-0.4297102894010439,0,0,-0.30080007886327004,-1,-1,False,False,0,0,1,300,5,1,0.6,1000,False,3000,1000,0,0,0,30,1.016,False,50,0,0,0,5,30,1.3999971999999998,0,60.96,5,1000,1000,5,1.3999971999999998,1000,1000,False,10,3,50,5,1.3999971999999998,15.24,1000,1,1,1,1,1,6061 T6,8.3555197
0,Alu shim stock,6061 T6,2.5000,Alu shim stock,2700.011337,213,0,True,False,Alu shim stock,4000,1000,2000,1000,0,63.5,False,1000,True,1378.951456,False,1,0,0,1.3999971999999998,0.2,6.35,12.7,0,0,,,0,,True,False,False,False,False,False,True,300,True,3800,True,50,20,1.3999971999999998,273,0,0,8.128,350,True,3800,True,0,-0.4297102894010439,0,0,-0.30080007886327004,-1,-1,False,False,0,0,1,300,5,1,0.6,1000,False,3000,1000,0,0,0,30,1.016,False,50,0,0,0,5,30,1.3999971999999998,0,60.96,5,1000,1000,5,1.3999971999999998,1000,1000,False,10,3,50,5,1.3999971999999998,15.24,1000,1,1,1,1,1,6061 T6,8.3555197
0,Alu shim stock,6061 T6,2.7500,Alu shim stock,2700.011337,213,0,True,False,Alu shim stock,4000,1000,2000,1000,0,69.85,False,1000,True,1378.951456,False,1,0,0,1.3999971999999998,0.2,6.35,12.7,0,0,,,0,,True,False,False,False,False,False,True,300,True,3800,True,50,20,1.3999971999999998,273,0,0,8.128,350,True,3800,True,0,-0.4297102894010439,0,0,-0.30080007886327004,-1,-1,False,False,0,0,1,300,5,1,0.6,1000,False,3000,1000,0,0,0,30,1.016,False,50,0,0,0,5,30,1.3999971999999998,0,60.96,5,1000,1000,5,1.3999971999999998,1000,1000,False,10,3,50,5,1.3999971999999998,15.24,1000,1,1,1,1,1,6061 T6,8.3555197
0,Alu shim stock,6061 T6,3.0000,Alu shim stock,2700.011337,213,0,True,False,Alu shim stock,4000,1000,2000,1000,0,76.19999999999999,False,1000,True,1378.951456,False,1,0,0,1.3999971999999998,0.2,6.35,12.7,0,0,,,0,,True,False,False,False,False,False,True,300,True,3800,True,50,20,1.3999971999999998,273,0,0,8.128,350,True,3800,True,0,-0.358093959323571,0,0,-0.2291818957541002,-1,-1,False,False,0,0,1,300,5,1,0.6,1000,False,3000,1000,0,0,0,30,1.016,False,50,0,0,0,5,30,1.3999971999999998,0,60.96,5,1000,1000,5,1.3999971999999998,1000,1000,False,10,3,50,5,1.3999971999999998,15.24,1000,1,1,1,1,1,6061 T6,8.3555197
0,Alu shim stock,6061 T6,3.2500,Alu shim stock,2700.011337,213,0,True,False,Alu shim stock,4000,1000,2000,1000,0,82.55,False,1000,True,1378.951456,False,1,0,0,1.3999971999999998,0.2,6.35,12.7,0,0,,,0,,True,False,False,False,False,False,True,300,True,3800,True,50,20,1.3999971999999998,273,0,0,8.128,350,True,3800,True,0,-0.358093959323571,0,0,-0.2291818957541002,-1,-1,False,False,0,0,1,300,5,1,0.6,1000,False,3000,1000,0,0,0,30,1.016,False,50,0,0,0,5,30,1.3999971999999998,0,60.96,5,1000,1000,5,1.3999971999999998,1000,1000,False,10,3,50,5,1.3999971999999998,15.24,1000,1,1,1,1,1,6061 T6,8.3555197
0,Alu shim stock,6061 T6,3.5000,Alu shim stock,2700.011337,213,0,True,False,Alu shim stock,4000,1000,2000,1000,0,88.89999999999999,False,1000,True,1378.951456,False,1,0,0,1.3999971999999998,0.2,6.35,12.7,0,0,,,0,,True,False,False,False,False,False,True,300,True,3800,True,50,20,1.3999971999999998,273,0,0,8.128,350,True,3800,True,0,-0.358093959323571,0,0,-0.2291818957541002,-1,-1,False,False,0,0,1,300,5,1,0.6,1000,False,3000,1000,0,0,0,30,1.016,False,50,0,0,0,5,30,1.3999971999999998,0,60.96,5,1000,1000,5,1.3999971999999998,1000,1000,False,10,3,50,5,1.3999971999999998,15.24,1000,1,1,1,1,1,6061 T6,8.3555197
0,Alu shim stock,6061 T6,4.0000,Alu shim stock,2700.011337,213,0,True,False,Alu shim stock,4000,1000,2000,1000,0,101.6,False,1000,True,1378.951456,False,1,0,0,1.3999971999999998,0.2,6.35,12.7,0,0,,,0,,True,False,False,False,False,False,True,300,True,3800,True,50,20,1.3999971999999998,273,0,0,8.128,350,True,3800,True,0,-0.358093959323571,0,0,-0.2291818957541002,-1,-1,False,False,0,0,1,300,5,1,0.6,1000,False,3000,1000,0,0,0,30,1.016,False,50,0,0,0,5,30,1.3999971999999998,0,60.96,5,1000,1000,5,1.3999971999999998,1000,1000,False,10,3,50,5,1.3999971999999998,15.24,1000,1,1,1,1,1,6061 T6,8.3555197
0,Alu shim stock,6061 T6,4.5000,Alu shim stock,2700.011337,213,0,True,False,Alu shim stock,4000,1000,2000,1000,0,114.3,False,1000,True,1378.951456,False,1,0,0,1.3999971999999998,0.2,6.35,12.7,0,0,,,0,,True,False,False,False,False,False,True,300,True,3800,True,50,20,1.3999971999999998,273,0,0,8.128,350,True,3800,True,0,-0.358093959323571,0,0,-0.2291818957541002,-1,-1,False,False,0,0,1,300,5,1,0.6,1000,False,3000,1000,0,0,0,30,1.016,False,50,0,0,0,5,30,1.3999971999999998,0,60.96,5,1000,1000,5,1.3999971999999998,1000,1000,False,10,3,50,5,1.3999971999999998,15.24,1000,1,1,1,1,1,6061 T6,8.3555197
0,Alu shim stock,6061 T6,5.0000,Alu shim stock,2700.011337,213,0,True,False,Alu shim stock,4000,1000,2000,1000,0,127,False,1000,True,1378.951456,False,1,0,0,1.3999971999999998,0.2,6.35,12.7,0,0,,,0,,True,False,False,False,False,False,True,300,True,3800,True,50,20,1.3999971999999998,273,0,0,8.128,350,True,3800,True,0,-0.358093959323571,0,0,-0.2291818957541002,-1,-1,False,False,0,0,1,300,5,1,0.6,1000,False,3000,1000,0,0,0,30,1.016,False,50,0,0,0,5,30,1.3999971999999998,0,60.96,5,1000,1000,5,1.3999971999999998,1000,1000,False,10,3,50,5,1.3999971999999998,15.24,1000,1,1,1,1,1,6061 T6,8.3555197
0,Alu shim stock,6061 T6,6.0000,Alu shim stock,2700.011337,213,0,True,False,Alu shim stock,4000,1000,2000,1000,0,152.39999999999998,False,1000,True,1378.951456,False,1,0,0,1.3999971999999998,0.2,6.35,12.7,0,0,,,0,,True,False,False,False,False,False,True,300,True,3800,True,50,20,1.3999971999999998,273,0,0,8.128,350,True,3800,True,0,-0.358093959323571,0,0,-0.2291818957541002,-1,-1,False,False,0,0,1,300,5,1,0.6,1000,False,3000,1000,0,0,0,30,1.016,False,50,0,0,0,5,30,1.3999971999999998,0,60.96,5,1000,1000,5,1.3999971999999998,1000,1000,False,10,3,50,5,1.3999971999999998,15.24,1000,1,1,1,1,1,6061 T6,8.3555197
0,Aluminium_AEREM,Standard,0.0150,Aluminium_AEREM,2700.011337,155,0,False,False,Aluminium_AEREM,4000,1000,2000,1000,0,0.38099999999999995,True,1000,True,3800,True,1,0,0,1.3999971999999998,0.2,6.35,12.7,0,0,,,0,,True,False,False,False,False,False,True,300,True,3800,True,1.5,1,1.3999971999999998,273,0,0,381,350,True,3800,True,0,-5.44033203100551,0,0,-3.6329507394882192,-1,-1,False,False,0,0,1,300,2,1,0.0189,2345,False,3000,1000,0,0,0,30,1.016,False,50,0,0,0,5,30,1.3999971999999998,0,1.92024,5,1000,1000,5,1.3999971999999998,1000,1000,False,10,3,50,5,1.3999971999999998,0.48006,1000,1,1,1,1,1,Standard,8.3555197
0,Aluminium_AEREM,Standard,0.0630,Aluminium_AEREM,2700.011337,155,0,False,False,Aluminium_AEREM,4000,1000,2000,1000,0,1.6002,True,1000,True,3800,True,1,0,0,1.3999971999999998,0,6.35,12.7,0,0,,,0,,True,False,False,False,False,False,True,300,True,3800,True,1.5,1,1.3999971999999998,273,0,0,381,350,True,3800,True,0,-5.44033203100551,0,0,-3.6329507394882192,-1,-1,False,False,0,0,1,300,2,1,0.0189,2345,False,3000,1000,0,0,0,30,1.016,False,50,0,0,0,5,30,1.3999971999999998,0,1.92024,5,1000,1000,5,1.3999971999999998,1000,1000,False,10,3,50,5,1.3999971999999998,0.48006,1000,1,1,1,1,1,Standard,8.3555197
0,Aluminium_AEREM,Standard,0.1250,Aluminium_AEREM,2700.011337,155,0,False,False,Aluminium_AEREM,4000,1000,2000,1000,0,3.175,True,1000,True,3800,True,1,0,0,1.3999971999999998,0,6.35,12.7,0,0,,,0,,True,False,False,False,False,False,True,300,True,3800,True,3,1,1.3999971999999998,273,0,0,200.66,350,True,3800,True,0,-5.710593137499642,0,0,-3.6619355755198,-1,-1,False,False,0,0,1,300,5,1,0.0375,1000,False,3000,1000,0,0,0,30,1.016,False,50,0,0,0,5,30,1.3999971999999998,0,3.81,5,1000,1000,5,1.3999971999999998,1000,1000,False,10,3,50,5,1.3999971999999998,0.9525,1000,1,1,1,1,1,Standard,8.3555197
0,Aluminium_AEREM,Standard,0.1870,Aluminium_AEREM,2700.011337,155,0,False,False,Aluminium_AEREM,4000,1000,2000,1000,0,4.7498,True,1000,True,3800,True,1,0,0,1.3999971999999998,0.5588,6.35,12.7,0,0,,,0,,True,False,False,False,False,False,True,300,True,3800,True,4,2,1.3999971999999998,273,0,0,127,350,True,3800,True,0,-3.824242674381146,0,0,-2.449662620127041,-1,-1,False,False,0,0,1,300,5,1,0.0561,1000,False,3000,1000,0,0,0,30,1.016,False,50,0,0,0,5,30,1.3999971999999998,0,5.69976,5,1000,1000,5,1.3999971999999998,1000,1000,False,10,3,50,5,1.3999971999999998,1.42494,1000,1,1,1,1,1,Standard,8.3555197
0,Aluminium_AEREM,Standard,0.2500,Aluminium_AEREM,2700.011337,155,0,False,False,Aluminium_AEREM,4000,1000,2000,1000,0,6.35,True,1000,True,3800,True,1,0,0,1.3999971999999998,0,6.35,12.7,0,0,,,0,,True,False,False,False,False,False,True,300,True,3800,True,3,1,1.3999971999999998,273,0,0,90.42399999999999,350,True,3800,True,0,-2.633749233537393,0,0,-1.8328395059420577,-1,-1,False,False,0,0,1,300,5,1,0.075,1000,False,3000,1000,0,0,0,30,1.016,False,50,0,0,0,5,30,1.3999971999999998,0,7.62,5,1000,1000,5,1.3999971999999998,1000,1000,False,10,3,50,5,1.3999971999999998,1.905,1000,1,1,1,1,1,Standard,8.3555197
0,Aluminium_AEREM,Standard,0.3130,Aluminium_AEREM,2700.011337,155,0,False,False,Aluminium_AEREM,4000,1000,2000,1000,0,7.9502,True,1000,True,3800,True,1,0,0,1.3999971999999998,0.2,6.35,12.7,0,0,,,0,,True,False,False,False,False,False,True,300,True,3800,True,8,3,1.3999971999999998,273,0,0,69.85,350,True,3800,True,0,-2.2869548095007075,0,0,-1.4641101061676423,-1,-1,False,False,0,0,1,300,5,1,0.0939,1000,False,3000,1000,0,0,0,30,1.016,False,50,0,0,0,5,30,1.3999971999999998,0,9.54024,5,1000,1000,5,1.3999971999999998,1000,1000,False,10,3,50,5,1.3999971999999998,2.38506,1000,1,1,1,1,1,Standard,8.3555197
0,Aluminium_AEREM,Standard,0.3750,Aluminium_AEREM,2700.011337,155,0,False,False,Aluminium_AEREM,4000,1000,2000,1000,0,9.525,True,1000,True,3800,True,1,0,0,1.3999971999999998,0.508,6.35,12.7,0,0,,,0,,True,False,False,False,False,False,True,300,True,3800,True,3,3,1.3999971999999998,273,0,0,56.641999999999996,350,True,3800,True,0,-1.9091524329963754,0,0,-1.2221245846153128,-1,-1,False,False,0,0,1,300,5,1,0.1125,1000,False,3000,1000,0,0,0,30,1.016,False,50,0,0,0,5,30,1.3999971999999998,0,11.43,5,1000,1000,5,1.3999971999999998,1000,1000,False,10,3,50,5,1.3999971999999998,2.8575,1000,1,1,1,1,1,Standard,8.3555197
0,Aluminium_AEREM,Standard,0.5000,Aluminium_AEREM,2700.011337,155,0,False,False,Aluminium_AEREM,4000,1000,2000,1000,0,12.7,True,1000,True,3800,True,1,0,0,1.3999971999999998,0,6.35,12.7,0,0,,,0,,True,False,False,False,False,False,True,300,True,3800,True,12,5,1.3999971999999998,273,0,0,40.64,350,True,3800,True,0,-1.432096184164646,0,0,-0.916654256385287,-1,-1,False,False,0,0,1,300,5,1,0.15,1000,False,3000,1000,0,0,0,30,1.016,False,50,0,0,0,5,30,1.3999971999999998,0,15.24,5,1000,1000,5,1.3999971999999998,1000,1000,False,10,3,50,5,1.3999971999999998,3.81,1000,1,1,1,1,1,Standard,8.3555197
0,Aluminium_AEREM,Standard,0.6250,Aluminium_AEREM,2700.011337,155,0,False,False,Aluminium_AEREM,4000,1000,2000,1000,0,15.875,True,1000,True,3800,True,1,0,0,1.3999971999999998,0,6.35,12.7,0,0,,,0,,True,False,False,False,False,False,True,300,True,3800,True,25,10,1.3999971999999998,273,0,0,31.496,350,True,3800,True,0,-1.145762838175103,0,0,-0.7333459290514626,-1,-1,False,False,0,0,1,300,5,1,0.1875,1000,False,3000,1000,0,0,0,30,1.016,False,50,0,0,0,5,30,1.3999971999999998,0,19.05,5,1000,1000,5,1.3999971999999998,1000,1000,False,10,3,50,5,1.3999971999999998,4.7625,1000,1,1,1,1,1,Standard,8.3555197
0,Aluminium_AEREM,Standard,0.7500,Aluminium_AEREM,2700.011337,155,0,False,False,Aluminium_AEREM,4000,1000,2000,1000,0,19.049999999999997,True,1000,True,3800,True,1,0,0,1.3999971999999998,0,6.35,12.7,0,0,,,0,,True,False,False,False,False,False,True,300,True,3800,True,25,10,1.3999971999999998,273,0,0,31.496,350,True,3800,True,0,-1.145762838175103,0,0,-0.7333459290514626,-1,-1,False,False,0,0,1,300,5,1,0.1875,1000,False,3000,1000,0,0,0,30,1.016,False,50,0,0,0,5,30,1.3999971999999998,0,19.05,5,1000,1000,5,1.3999971999999998,1000,1000,False,10,3,50,5,1.3999971999999998,4.7625,1000,1,1,1,1,1,Standard,8.3555197
0,Aluminium_AEREM,Standard,1.0000,Aluminium_AEREM,2700.011337,155,0,False,False,Aluminium_AEREM,4000,1000,2000,1000,0,25.4,True,1000,True,3800,True,1,0,0,1.3999971999999998,0,6.35,12.7,0,0,,,0,,True,False,False,False,False,False,True,300,True,3800,True,3,10,1.3999971999999998,273,0,0,18.287999999999997,350,True,3800,True,0,-0.7161599454704083,0,0,-0.4583564580004311,-1,-1,False,False,0,0,1,300,5,1,0.3,1000,False,3000,1000,0,0,0,30,1.016,False,50,0,0,0,5,30,1.3999971999999998,0,30.48,5,1000,1000,5,1.3999971999999998,1000,1000,False,10,3,50,5,1.3999971999999998,7.62,1000,1,1,1,1,1,Standard,8.3555197
0,Aluminium_AEREM,Standard,1.2500,Aluminium_AEREM,2700.011337,155,0,False,False,Aluminium_AEREM,4000,1000,2000,1000,0,31.75,True,1000,True,3800,True,1,0,0,1.3999971999999998,0.2,6.35,12.7,0,0,,,0,,True,False,False,False,False,False,True,300,True,3800,True,35,14,1.3999971999999998,273,0,0,14.224,350,True,3800,True,0,-0.5729386976834857,0,0,-0.36668798242515643,-1,-1,False,False,0,0,1,300,5,1,0.375,1000,False,3000,1000,0,0,0,30,1.016,False,50,0,0,0,5,30,1.3999971999999998,0,38.1,5,1000,1000,5,1.3999971999999998,1000,1000,False,10,3,50,5,1.3999971999999998,9.525,1000,1,1,1,1,1,Standard,8.3555197
0,Aluminium_AEREM,Standard,1.5000,Aluminium_AEREM,2700.011337,155,0,False,False,Aluminium_AEREM,4000,1000,2000,1000,0,38.1,True,1000,True,3800,True,1,0,0,1.3999971999999998,0.2,6.35,12.7,0,0,,,0,,True,False,False,False,False,False,True,300,True,3800,True,40,16,1.3999971999999998,273,0,0,11.43,350,True,3800,True,0,-0.47745377730957717,0,0,-0.3055745934585659,-1,-1,False,False,0,0,1,300,5,1,0.45,1000,False,3000,1000,0,0,0,30,1.016,False,50,0,0,0,5,30,1.3999971999999998,0,45.72,5,1000,1000,5,1.3999971999999998,1000,1000,False,10,3,50,5,1.3999971999999998,11.43,1000,1,1,1,1,1,Standard,8.3555197
0,Aluminium_AEREM,Standard,1.7500,Aluminium_AEREM,2700.011337,155,0,False,False,Aluminium_AEREM,4000,1000,2000,1000,0,44.45,True,1000,True,3800,True,1,0,0,1.3999971999999998,0.2,6.35,12.7,0,0,,,0,,True,False,False,False,False,False,True,300,True,3800,True,45,18,1.3999971999999998,273,0,0,9.652,350,True,3800,True,0,-0.4092486080349386,0,0,-0.26192173895527376,-1,-1,False,False,0,0,1,300,5,1,0.525,1000,False,3000,1000,0,0,0,30,1.016,False,50,0,0,0,5,30,1.3999971999999998,0,53.34,5,1000,1000,5,1.3999971999999998,1000,1000,False,10,3,50,5,1.3999971999999998,13.335,1000,1,1,1,1,1,Standard,8.3555197
0,Aluminium_AEREM,Standard,2.0000,Aluminium_AEREM,2700.011337,155,0,False,False,Aluminium_AEREM,4000,1000,2000,1000,0,50.8,True,1000,True,3800,True,1,0,0,1.3999971999999998,0.2,6.35,12.7,0,0,,,0,,True,False,False,False,False,False,True,300,True,3800,True,50,20,1.3999971999999998,273,0,0,8.128,350,True,3800,True,0,-0.358093959323571,0,0,-0.2291818957541002,-1,-1,False,False,0,0,1,300,5,1,0.6,1000,False,3000,1000,0,0,0,30,1.016,False,50,0,0,0,5,30,1.3999971999999998,0,60.96,5,1000,1000,5,1.3999971999999998,1000,1000,False,10,3,50,5,1.3999971999999998,15.24,1000,1,1,1,1,1,Standard,8.3555197
0,Aluminium,3003,0.0150,Aluminium,2700.011337,213,0,False,False,Aluminium,4000,1000,2000,1000,0,0.38099999999999995,False,1000,True,1378.951456,False,1,0,0,1.3999971999999998,0.3048,6.35,12.7,0,0,,,0,,True,True,False,False,False,False,True,300,True,3800,True,1.5,1,1.3999971999999998,273,0,0,381,350,True,3800,True,0,-5.44033203100551,0,0,-3.6329507394882192,-1,-1,False,False,0,0,1,300,2,1,0.0189,2345,False,3000,1000,0,0,0,30,1.016,False,50,0,0,0,5,30,1.3999971999999998,0,1.92024,5,1000,1000,5,1.3999971999999998,1000,1000,False,10,3,50,5,1.3999971999999998,0.48006,1000,1,1,1,1,1,3003,8.3555197
0,Aluminium,3003,0.0250,Aluminium,2700.011337,213,0,False,False,Aluminium,4000,1000,2000,1000,0,0.635,False,1000,True,1378.951456,False,1,0,0,1.3999971999999998,0.7619999999999999,6.35,12.7,0,0,,,0,,True,True,False,False,False,False,True,300,True,3800,True,1.5,1,1.3999971999999998,273,0,0,381,350,True,3800,True,0,-5.44033203100551,0,0,-3.6329507394882192,-1,-1,False,False,0,0,1,300,2,1,0.0189,2345,False,3000,1000,0,0,0,30,1.016,False,50,0,0,0,5,30,1.3999971999999998,0,1.92024,5,1000,1000,5,1.3999971999999998,1000,1000,False,10,3,50,5,1.3999971999999998,0.48006,1000,1,1,1,1,1,3003,8.3555197
0,Aluminium,3003,0.0400,Aluminium,2700.011337,213,0,False,False,Aluminium,4000,1000,2000,1000,0,1.016,False,1000,True,1378.951456,False,1,0,0,1.3999971999999998,0.5588,6.35,12.7,0,0,,,0,,True,True,False,False,False,False,True,300,True,3800,True,1.5,1,1.3999971999999998,273,0,0,381,350,True,3800,True,0,-5.44033203100551,0,0,-3.6329507394882192,-1,-1,False,False,0,0,1,300,2,1,0.0189,2345,False,3000,1000,0,0,0,30,1.016,False,50,0,0,0,5,30,1.3999971999999998,0,1.92024,5,1000,1000,5,1.3999971999999998,1000,1000,False,10,3,50,5,1.3999971999999998,0.48006,1000,1,1,1,1,1,3003,8.3555197
0,Aluminium,3003,0.0630,Aluminium,2700.011337,213,0,False,False,Aluminium,4000,1000,2000,1000,0,1.6002,False,1000,True,1378.951456,False,1,0,0,1.3999971999999998,0.635,6.35,12.7,0,0,,,0,,True,True,False,False,False,False,True,300,True,3800,True,1.5,1,1.3999971999999998,273,0,0,381,350,True,3800,True,0,-5.44033203100551,0,0,-3.6329507394882192,-1,-1,False,False,0,0,1,300,2,1,0.0189,2345,False,3000,1000,0,0,0,30,1.016,False,50,0,0,0,5,30,1.3999971999999998,0,1.92024,5,1000,1000,5,1.3999971999999998,1000,1000,False,10,3,50,5,1.3999971999999998,0.48006,1000,1,1,1,1,1,3003,8.3555197
0,Aluminium,3003,0.0650,Aluminium,2700.011337,213,0,False,False,Aluminium,4000,1000,2000,1000,0,1.651,False,1000,True,1378.951456,False,1,0,0,1.3999971999999998,0.508,6.35,12.7,0,0,,,0,,True,False,False,False,False,False,True,300,True,3800,True,3,1,1.3999971999999998,273,0,0,200.66,350,True,3800,True,0,-5.710593137499642,0,0,-3.6619355755198,-1,-1,False,False,0,0,1,300,5,1,0.0375,1000,False,3000,1000,0,0,0,30,1.016,False,50,0,0,0,5,30,1.3999971999999998,0,3.81,5,1000,1000,5,1.3999971999999998,1000,1000,False,10,3,50,5,1.3999971999999998,0.9525,1000,1,1,1,1,1,3003,8.3555197
0,Aluminium,3003,0.0800,Aluminium,2700.011337,213,0,False,False,Aluminium,4000,1000,2000,1000,0,2.032,False,1000,True,1378.951456,False,1,0,0,1.3999971999999998,0.7619999999999999,6.35,12.7,0,0,,,0,,True,False,False,False,False,False,True,300,True,3800,True,1.5,1,1.3999971999999998,273,0,0,381,350,True,3800,True,0,-5.44033203100551,0,0,-3.6329507394882192,-1,-1,False,False,0,0,1,300,2,1,0.0189,2345,False,3000,1000,0,0,0,30,1.016,False,50,0,0,0,5,30,1.3999971999999998,0,1.92024,5,1000,1000,5,1.3999971999999998,1000,1000,False,10,3,50,5,1.3999971999999998,0.48006,1000,1,1,1,1,1,3003,8.3555197
0,Aluminium,3003,0.1000,Aluminium,2700.011337,213,0,False,False,Aluminium,4000,1000,2000,1000,0,2.54,False,1000,True,1378.951456,False,1,0,0,1.3999971999999998,0.8128,6.35,12.7,0,0,,,0,,True,False,False,False,False,False,True,300,True,3800,True,3,1,1.3999971999999998,273,0,0,200.66,350,True,3800,True,0,-5.710593137499642,0,0,-3.6619355755198,-1,-1,False,False,0,0,1,300,5,1,0.0375,1000,False,3000,1000,0,0,0,30,1.016,False,50,0,0,0,5,30,1.3999971999999998,0,3.81,5,1000,1000,5,1.3999971999999998,1000,1000,False,10,3,50,5,1.3999971999999998,0.9525,1000,1,1,1,1,1,3003,8.3555197
0,Aluminium,3003,0.1250,Aluminium,2700.011337,213,0,False,False,Aluminium,4000,1000,2000,1000,0,3.175,False,1000,True,1378.951456,False,1,0,0,1.3999971999999998,0.7111999999999999,4.7752,12.7,0,0,,,0,,True,False,False,False,False,False,True,300,True,3800,True,3,1,1.3999971999999998,508,0,0,200.66,350,True,3800,True,0,-5.710593137499642,0,0,-3.6619355755198,-1,-1,False,False,0,0,1,300,5,1,0.0375,1000,False,3000,1000,0,0,0,30,1.016,False,50,0,0,0,5,30,1.3999971999999998,0,3.81,5,1000,1000,5,1.3999971999999998,1000,1000,False,10,3,50,5,1.3999971999999998,0.9525,1000,1,1,1,1,1,3003,8.3555197
0,Aluminium,3003,0.1400,Aluminium,2700.011337,213,0,False,False,Aluminium,4000,1000,2000,1000,0,3.556,False,1000,True,1378.951456,False,1,0,0,1.3999971999999998,0.45719999999999994,6.35,12.7,0,0,,,0,,True,False,False,False,False,False,True,300,True,3800,True,3,1,1.3999971999999998,273,0,0,200.66,350,True,3800,True,0,-5.710593137499642,0,0,-3.6619355755198,-1,-1,False,False,0,0,1,300,5,1,0.0375,1000,False,3000,1000,0,0,0,30,1.016,False,50,0,0,0,5,30,1.3999971999999998,0,3.81,5,1000,1000,5,1.3999971999999998,1000,1000,False,10,3,50,5,1.3999971999999998,0.9525,1000,1,1,1,1,1,3003,8.3555197
0,Aluminium,3003,0.1600,Aluminium,2700.011337,213,0,False,False,Aluminium,4000,1000,2000,1000,0,4.064,False,1000,True,1378.951456,False,1,0,0,1.3999971999999998,0.45719999999999994,6.35,12.7,0,0,,,0,,True,False,False,False,False,False,True,300,True,3800,True,3,1,1.3999971999999998,273,0,0,200.66,350,True,3800,True,0,-5.710593137499642,0,0,-3.6619355755198,-1,-1,False,False,0,0,1,300,5,1,0.0375,1000,False,3000,1000,0,0,0,30,1.016,False,50,0,0,0,5,30,1.3999971999999998,0,3.81,5,1000,1000,5,1.3999971999999998,1000,1000,False,10,3,50,5,1.3999971999999998,0.9525,1000,1,1,1,1,1,3003,8.3555197
0,Aluminium,3003,0.1870,Aluminium,2700.011337,213,0,False,False,Aluminium,4000,1000,2000,1000,0,4.7498,False,1000,True,1378.951456,False,1,0,0,1.3999971999999998,0.7111999999999999,4.7752,12.7,0,0,,,0,,True,False,False,False,False,False,True,300,True,3800,True,4,2,1.3999971999999998,273,0,0,127,350,True,3800,True,0,-4.281536235070608,0,0,-2.449662620127041,-1,-1,False,False,0,0,1,914.4,5,1,0.0561,1000,False,3000,1000,0,0,0,30,1.016,False,50,0,0,0,5,30,1.3999971999999998,0,5.69976,5,1000,1000,5,1.3999971999999998,1000,1000,False,10,3,50,5,1.3999971999999998,1.42494,1000,1,1,1,1,1,3003,8.3555197
0,Aluminium,3003,0.2500,Aluminium,2700.011337,213,0,False,False,Aluminium,4000,1000,2000,1000,0,6.35,False,1000,True,1378.951456,False,1,0,0,1.3999971999999998,0.7111999999999999,4.7752,12.7,0,0,,,0,,True,False,False,False,False,False,True,300,True,3800,True,3,1,1.3999971999999998,273,0,0,90.42399999999999,350,True,3800,True,0,-2.5193892912062745,0,0,-1.2603038465035852,-1,-1,False,False,0,0,1,300,5,1,0.075,1000,False,3000,1000,0,0,0,30,1.016,False,50,0,0,0,5,30,1.3999971999999998,0,7.62,5,1000,1000,5,1.3999971999999998,1000,1000,False,10,3,50,5,1.3999971999999998,1.905,1000,1,1,1,1,1,3003,8.3555197
0,Aluminium,3003,0.3130,Aluminium,2700.011337,213,0,False,False,Aluminium,4000,1000,2000,1000,0,7.9502,False,1000,True,1378.951456,False,1,0,0,1.3999971999999998,0.635,6.35,12.7,0,0,,,0,,True,False,False,False,False,False,True,300,True,3800,True,8,3,1.3999971999999998,273,0,0,69.85,350,True,3800,True,0,-2.2869548095007075,0,0,-1.4641101061676423,-1,-1,False,False,0,0,1,300,5,1,0.0939,1000,False,3000,1000,0,0,0,30,1.016,False,50,0,0,0,5,30,1.3999971999999998,0,9.54024,5,1000,1000,5,1.3999971999999998,1000,1000,False,10,3,50,5,1.3999971999999998,2.38506,1000,1,1,1,1,1,3003,8.3555197
0,Aluminium,3003,0.3750,Aluminium,2700.011337,213,0,False,False,Aluminium,4000,1000,2000,1000,0,9.525,False,1000,True,1378.951456,False,1,0,0,1.3999971999999998,0.7111999999999999,4.7752,12.7,0,0,,,0,,True,False,False,False,False,False,True,300,True,3800,True,3,3,1.3999971999999998,273,0,0,56.641999999999996,350,True,3800,True,0,-1.680194404927422,0,0,-0.9166542563852882,-1,-1,False,False,0,0,1,300,5,1,0.1125,1000,False,3000,1000,0,0,0,30,1.0668,False,50,0,0,0,5,30,1.3999971999999998,0,11.43,5,1000,1000,5,1.3999971999999998,1000,1000,False,10,3,50,5,1.3999971999999998,2.8575,1000,1,1,1,1,1,3003,8.3555197
0,Aluminium,3003,0.5000,Aluminium,2700.011337,213,0,False,False,Aluminium,4000,1000,2000,1000,0,12.7,False,1000,True,1378.951456,False,1,0,0,1.3999971999999998,0.7111999999999999,4.7752,12.7,0,0,,,0,,True,False,False,False,False,False,True,300,True,3800,True,12,5,1.3999971999999998,273,0,0,40.64,350,True,3800,True,0,-1.7183580016554585,0,0,-0.7448031783150634,-1,-1,False,False,0,0,1,300,5,1,0.15,1000,False,3000,1000,0,0,0,30,1.016,False,50,0,0,0,5,30,1.3999971999999998,0,15.24,5,1000,1000,5,1.3999971999999998,1000,1000,False,10,3,50,5,1.3999971999999998,3.81,1000,1,1,1,1,1,3003,8.3555197
0,Aluminium,3003,0.6250,Aluminium,2700.011337,213,0,False,False,Aluminium,4000,1000,2000,1000,0,15.875,False,1000,True,1378.951456,False,1,0,0,1.3999971999999998,0.5588,6.35,12.7,0,0,,,0,,True,False,False,False,False,False,True,300,True,3800,True,25,10,1.3999971999999998,273,0,0,31.496,350,True,3800,True,0,-1.145762838175103,0,0,-0.7333459290514626,-1,-1,False,False,0,0,1,300,5,1,0.1875,1000,False,3000,1000,0,0,0,30,1.016,False,50,0,0,0,5,30,1.3999971999999998,0,19.05,5,1000,1000,5,1.3999971999999998,1000,1000,False,10,3,50,5,1.3999971999999998,4.7625,1000,1,1,1,1,1,3003,8.3555197
0,Aluminium,3003,0.7500,Aluminium,2700.011337,213,0,False,False,Aluminium,4000,1000,2000,1000,0,19.049999999999997,False,1000,True,1378.951456,False,1,0,0,1.3999971999999998,0.7111999999999999,4.7752,12.7,0,0,,,0,,True,False,False,False,False,False,True,300,True,3800,True,25,10,1.3999971999999998,273,0,0,31.496,350,True,3800,True,0,-1.145762838175103,0,0,-0.7333459290514626,-1,-1,False,False,0,0,1,300,5,1,0.1875,1000,False,3000,1000,0,0,0,30,1.016,False,50,0,0,0,5,30,1.3999971999999998,0,19.05,5,1000,1000,5,1.3999971999999998,1000,1000,False,10,3,50,5,1.3999971999999998,4.7625,1000,1,1,1,1,1,3003,8.3555197
0,Aluminium,3003,1.0000,Aluminium,2700.011337,213,0,False,False,Aluminium,4000,1000,2000,1000,0,25.4,False,1000,True,1378.951456,False,1,0,0,1.3999971999999998,0.7111999999999999,4.7752,12.7,0,0,,,0,,True,False,False,False,False,False,True,300,True,3800,True,3,10,1.3999971999999998,273,0,0,18.287999999999997,350,True,3800,True,0,-0.8593722436446815,0,0,-0.3724173220168406,-1,-1,False,False,0,0,0.5,300,5,1,0.3,1000,False,3000,1000,0,0,0,30,1.1429999999999998,False,50,0,0,0,5,30,1.3999971999999998,0,30.48,5,1000,1000,5,1.3999971999999998,1000,1000,False,10,3,50,5,1.3999971999999998,7.62,1000,1,1,1,1,1,3003,8.3555197
0,Aluminium,3003,1.2500,Aluminium,2700.011337,213,0,False,False,Aluminium,4000,1000,2000,1000,0,31.75,False,1000,True,1378.951456,False,1,0,0,1.3999971999999998,0.889,6.35,12.7,0,0,,,0,,True,False,False,False,False,False,True,300,True,3800,True,35,14,1.3999971999999998,273,0,0,14.224,350,True,3800,True,0,-0.5729386976834857,0,0,-0.36668798242515643,-1,-1,False,False,0,0,1,300,5,1,0.375,1000,False,3000,1000,0,0,0,30,1.016,False,50,0,0,0,5,30,1.3999971999999998,0,38.1,5,1000,1000,5,1.3999971999999998,1000,1000,False,10,3,50,5,1.3999971999999998,9.525,1000,1,1,1,1,1,3003,8.3555197
0,Aluminium,3003,1.3750,Aluminium,2700.011337,213,0,False,False,Aluminium,4000,1000,2000,1000,0,34.925,False,1000,True,1378.951456,False,1,0,0,1.3999971999999998,0.5588,6.35,12.7,0,0,,,0,,True,False,False,False,False,False,True,300,True,3800,True,3,10,1.3999971999999998,273,0,0,18.287999999999997,350,True,3800,True,0,-0.8593722436446815,0,0,-0.3724173220168406,-1,-1,False,False,0,0,0.5,300,5,1,0.3,1000,False,3000,1000,0,0,0,30,1.1429999999999998,False,50,0,0,0,5,30,1.3999971999999998,0,30.48,5,1000,1000,5,1.3999971999999998,1000,1000,False,10,3,50,5,1.3999971999999998,7.62,1000,1,1,1,1,1,3003,8.3555197
0,Aluminium,3003,1.5000,Aluminium,2700.011337,213,0,False,False,Aluminium,4000,1000,2000,1000,0,38.1,False,1000,True,1378.951456,False,1,0,0,1.3999971999999998,0.635,6.35,12.7,0,0,,,0,,True,False,False,False,False,False,True,300,True,3800,True,40,16,1.3999971999999998,273,0,0,11.43,350,True,3800,True,0,-0.47745377730957717,0,0,-0.3055745934585659,-1,-1,False,False,0,0,1,300,5,1,0.45,1000,False,3000,1000,0,0,0,30,1.016,False,50,0,0,0,5,30,1.3999971999999998,0,45.72,5,1000,1000,5,1.3999971999999998,1000,1000,False,10,3,50,5,1.3999971999999998,11.43,1000,1,1,1,1,1,3003,8.3555197
0,Aluminium,3003,1.7500,Aluminium,2700.011337,213,0,False,False,Aluminium,4000,1000,2000,1000,0,44.45,False,1000,True,1378.951456,False,1,0,0,1.3999971999999998,0.2,6.35,12.7,0,0,,,0,,True,False,False,False,False,False,True,300,True,3800,True,45,18,1.3999971999999998,273,0,0,9.652,350,True,3800,True,0,-0.4092486080349386,0,0,-0.26192173895527376,-1,-1,False,False,0,0,1,300,5,1,0.525,1000,False,3000,1000,0,0,0,30,1.016,False,50,0,0,0,5,30,1.3999971999999998,0,53.34,5,1000,1000,5,1.3999971999999998,1000,1000,False,10,3,50,5,1.3999971999999998,13.335,1000,1,1,1,1,1,3003,8.3555197
0,Aluminium,3003,2.0000,Aluminium,2700.011337,213,0,False,False,Aluminium,4000,1000,2000,1000,0,50.8,False,1000,True,1378.951456,False,1,0,0,1.3999971999999998,0.2,6.35,12.7,0,0,,,0,,True,False,False,False,False,False,True,300,True,3800,True,50,20,1.3999971999999998,273,0,0,8.128,350,True,3800,True,0,-0.4297102894010439,0,0,-0.30080007886327004,-1,-1,False,False,0,0,1,300,5,1,0.6,1000,False,3000,1000,0,0,0,30,1.016,False,50,0,0,0,5,30,1.3999971999999998,0,60.96,5,1000,1000,5,1.3999971999999998,1000,1000,False,10,3,50,5,1.3999971999999998,15.24,1000,1,1,1,1,1,3003,8.3555197
0,Aluminium,3003,2.2500,Aluminium,2700.011337,213,0,False,False,Aluminium,4000,1000,2000,1000,0,57.15,False,1000,True,1378.951456,False,1,0,0,1.3999971999999998,0.2,6.35,12.7,0,0,,,0,,True,False,False,False,False,False,True,300,True,3800,True,50,20,1.3999971999999998,273,0,0,8.128,350,True,3800,True,0,-0.4297102894010439,0,0,-0.30080007886327004,-1,-1,False,False,0,0,1,300,5,1,0.6,1000,False,3000,1000,0,0,0,30,1.016,False,50,0,0,0,5,30,1.3999971999999998,0,60.96,5,1000,1000,5,1.3999971999999998,1000,1000,False,10,3,50,5,1.3999971999999998,15.24,1000,1,1,1,1,1,3003,8.3555197
0,Aluminium,3003,2.5000,Aluminium,2700.011337,213,0,False,False,Aluminium,4000,1000,2000,1000,0,63.5,False,1000,True,1378.951456,False,1,0,0,1.3999971999999998,0.2,6.35,12.7,0,0,,,0,,True,False,False,False,False,False,True,300,True,3800,True,50,20,1.3999971999999998,273,0,0,8.128,350,True,3800,True,0,-0.4297102894010439,0,0,-0.30080007886327004,-1,-1,False,False,0,0,1,300,5,1,0.6,1000,False,3000,1000,0,0,0,30,1.016,False,50,0,0,0,5,30,1.3999971999999998,0,60.96,5,1000,1000,5,1.3999971999999998,1000,1000,False,10,3,50,5,1.3999971999999998,15.24,1000,1,1,1,1,1,3003,8.3555197
0,Aluminium,3003,3.0000,Aluminium,2700.011337,213,0,False,False,Aluminium,4000,1000,2000,1000,0,76.19999999999999,False,1000,True,1378.951456,False,1,0,0,1.3999971999999998,0.2,6.35,12.7,0,0,,,0,,True,False,False,False,False,False,True,300,True,3800,True,50,20,1.3999971999999998,273,0,0,8.128,350,True,3800,True,0,-0.358093959323571,0,0,-0.2291818957541002,-1,-1,False,False,0,0,1,300,5,1,0.6,1000,False,3000,1000,0,0,0,30,1.016,False,50,0,0,0,5,30,1.3999971999999998,0,60.96,5,1000,1000,5,1.3999971999999998,1000,1000,False,10,3,50,5,1.3999971999999998,15.24,1000,1,1,1,1,1,3003,8.3555197
0,Aluminium,3003,3.2500,Aluminium,2700.011337,213,0,False,False,Aluminium,4000,1000,2000,1000,0,82.55,False,1000,True,1378.951456,False,1,0,0,1.3999971999999998,0.2,6.35,12.7,0,0,,,0,,True,False,False,False,False,False,True,300,True,3800,True,50,20,1.3999971999999998,273,0,0,8.128,350,True,3800,True,0,-0.358093959323571,0,0,-0.2291818957541002,-1,-1,False,False,0,0,1,300,5,1,0.6,1000,False,3000,1000,0,0,0,30,1.016,False,50,0,0,0,5,30,1.3999971999999998,0,60.96,5,1000,1000,5,1.3999971999999998,1000,1000,False,10,3,50,5,1.3999971999999998,15.24,1000,1,1,1,1,1,3003,8.3555197
0,Aluminium,3003,3.5000,Aluminium,2700.011337,213,0,False,False,Aluminium,4000,1000,2000,1000,0,88.89999999999999,False,1000,True,1378.951456,False,1,0,0,1.3999971999999998,0.2,6.35,12.7,0,0,,,0,,True,False,False,False,False,False,True,300,True,3800,True,50,20,1.3999971999999998,273,0,0,8.128,350,True,3800,True,0,-0.358093959323571,0,0,-0.2291818957541002,-1,-1,False,False,0,0,1,300,5,1,0.6,1000,False,3000,1000,0,0,0,30,1.016,False,50,0,0,0,5,30,1.3999971999999998,0,60.96,5,1000,1000,5,1.3999971999999998,1000,1000,False,10,3,50,5,1.3999971999999998,15.24,1000,1,1,1,1,1,3003,8.3555197
0,Aluminium,3003,4.0000,Aluminium,2700.011337,213,0,False,False,Aluminium,4000,1000,2000,1000,0,101.6,False,1000,True,1378.951456,False,1,0,0,1.3999971999999998,0.2,6.35,12.7,0,0,,,0,,True,False,False,False,False,False,True,300,True,3800,True,50,20,1.3999971999999998,273,0,0,8.128,350,True,3800,True,0,-0.358093959323571,0,0,-0.2291818957541002,-1,-1,False,False,0,0,1,300,5,1,0.6,1000,False,3000,1000,0,0,0,30,1.016,False,50,0,0,0,5,30,1.3999971999999998,0,60.96,5,1000,1000,5,1.3999971999999998,1000,1000,False,10,3,50,5,1.3999971999999998,15.24,1000,1,1,1,1,1,3003,8.3555197
0,Aluminium,3003,4.5000,Aluminium,2700.011337,213,0,False,False,Aluminium,4000,1000,2000,1000,0,114.3,False,1000,True,1378.951456,False,1,0,0,1.3999971999999998,0.2,6.35,12.7,0,0,,,0,,True,False,False,False,False,False,True,300,True,3800,True,50,20,1.3999971999999998,273,0,0,8.128,350,True,3800,True,0,-0.358093959323571,0,0,-0.2291818957541002,-1,-1,False,False,0,0,1,300,5,1,0.6,1000,False,3000,1000,0,0,0,30,1.016,False,50,0,0,0,5,30,1.3999971999999998,0,60.96,5,1000,1000,5,1.3999971999999998,1000,1000,False,10,3,50,5,1.3999971999999998,15.24,1000,1,1,1,1,1,3003,8.3555197
0,Aluminium,3003,5.0000,Aluminium,2700.011337,213,0,False,False,Aluminium,4000,1000,2000,1000,0,127,False,1000,True,1378.951456,False,1,0,0,1.3999971999999998,0.2,6.35,12.7,0,0,,,0,,True,False,False,False,False,False,True,300,True,3800,True,50,20,1.3999971999999998,273,0,0,8.128,350,True,3800,True,0,-0.358093959323571,0,0,-0.2291818957541002,-1,-1,False,False,0,0,1,300,5,1,0.6,1000,False,3000,1000,0,0,0,30,1.016,False,50,0,0,0,5,30,1.3999971999999998,0,60.96,5,1000,1000,5,1.3999971999999998,1000,1000,False,10,3,50,5,1.3999971999999998,15.24,1000,1,1,1,1,1,3003,8.3555197
0,Aluminium,3003,6.0000,Aluminium,2700.011337,213,0,False,False,Aluminium,4000,1000,2000,1000,0,152.39999999999998,False,1000,True,1378.951456,False,1,0,0,1.3999971999999998,0.2,6.35,12.7,0,0,,,0,,True,False,False,False,False,False,True,300,True,3800,True,50,20,1.3999971999999998,273,0,0,8.128,350,True,3800,True,0,-0.358093959323571,0,0,-0.2291818957541002,-1,-1,False,False,0,0,1,300,5,1,0.6,1000,False,3000,1000,0,0,0,30,1.016,False,50,0,0,0,5,30,1.3999971999999998,0,60.96,5,1000,1000,5,1.3999971999999998,1000,1000,False,10,3,50,5,1.3999971999999998,15.24,1000,1,1,1,1,1,3003,8.3555197
0,Aluminium,5052,0.0150,Aluminium,2700.011337,213,0,False,False,Aluminium,4000,1000,2000,1000,0,0.38099999999999995,False,1000,True,1378.951456,False,1,0,0,1.3999971999999998,0.3048,6.35,12.7,0,0,,,0,,True,True,False,False,False,False,True,300,True,3800,True,1.5,1,1.3999971999999998,273,0,0,381,350,True,3800,True,0,-5.44033203100551,0,0,-3.6329507394882192,-1,-1,False,False,0,0,1,300,2,1,0.0189,2345,False,3000,1000,0,0,0,30,1.016,False,50,0,0,0,5,30,1.3999971999999998,0,1.92024,5,1000,1000,5,1.3999971999999998,1000,1000,False,10,3,50,5,1.3999971999999998,0.48006,1000,1,1,1,1,1,5052,8.3555197
0,Aluminium,5052,0.0250,Aluminium,2700.011337,213,0,False,False,Aluminium,4000,1000,2000,1000,0,0.635,False,1000,True,1378.951456,False,1,0,0,1.3999971999999998,0.7619999999999999,6.35,12.7,0,0,,,0,,True,True,False,False,False,False,True,300,True,3800,True,1.5,1,1.3999971999999998,273,0,0,381,350,True,3800,True,0,-5.44033203100551,0,0,-3.6329507394882192,-1,-1,False,False,0,0,1,300,2,1,0.0189,2345,False,3000,1000,0,0,0,30,1.016,False,50,0,0,0,5,30,1.3999971999999998,0,1.92024,5,1000,1000,5,1.3999971999999998,1000,1000,False,10,3,50,5,1.3999971999999998,0.48006,1000,1,1,1,1,1,5052,8.3555197
0,Aluminium,5052,0.0400,Aluminium,2700.011337,213,0,False,False,Aluminium,4000,1000,2000,1000,0,1.016,False,1000,True,1378.951456,False,1,0,0,1.3999971999999998,0.5588,6.35,12.7,0,0,,,0,,True,True,False,False,False,False,True,300,True,3800,True,1.5,1,1.3999971999999998,273,0,0,381,350,True,3800,True,0,-5.44033203100551,0,0,-3.6329507394882192,-1,-1,False,False,0,0,1,300,2,1,0.0189,2345,False,3000,1000,0,0,0,30,1.016,False,50,0,0,0,5,30,1.3999971999999998,0,1.92024,5,1000,1000,5,1.3999971999999998,1000,1000,False,10,3,50,5,1.3999971999999998,0.48006,1000,1,1,1,1,1,5052,8.3555197
0,Aluminium,5052,0.0630,Aluminium,2700.011337,213,0,False,False,Aluminium,4000,1000,2000,1000,0,1.6002,False,1000,True,1378.951456,False,1,0,0,1.3999971999999998,0.635,6.35,12.7,0,0,,,0,,True,True,False,False,False,False,True,300,True,3800,True,1.5,1,1.3999971999999998,273,0,0,381,350,True,3800,True,0,-5.44033203100551,0,0,-3.6329507394882192,-1,-1,False,False,0,0,1,300,2,1,0.0189,2345,False,3000,1000,0,0,0,30,1.016,False,50,0,0,0,5,30,1.3999971999999998,0,1.92024,5,1000,1000,5,1.3999971999999998,1000,1000,False,10,3,50,5,1.3999971999999998,0.48006,1000,1,1,1,1,1,5052,8.3555197
0,Aluminium,5052,0.0650,Aluminium,2700.011337,213,0,False,False,Aluminium,4000,1000,2000,1000,0,1.651,False,1000,True,1378.951456,False,1,0,0,1.3999971999999998,0.508,6.35,12.7,0,0,,,0,,True,False,False,False,False,False,True,300,True,3800,True,3,1,1.3999971999999998,273,0,0,200.66,350,True,3800,True,0,-5.710593137499642,0,0,-3.6619355755198,-1,-1,False,False,0,0,1,300,5,1,0.0375,1000,False,3000,1000,0,0,0,30,1.016,False,50,0,0,0,5,30,1.3999971999999998,0,3.81,5,1000,1000,5,1.3999971999999998,1000,1000,False,10,3,50,5,1.3999971999999998,0.9525,1000,1,1,1,1,1,5052,8.3555197
0,Aluminium,5052,0.0800,Aluminium,2700.011337,213,0,False,False,Aluminium,4000,1000,2000,1000,0,2.032,False,1000,True,1378.951456,False,1,0,0,1.3999971999999998,0.7619999999999999,6.35,12.7,0,0,,,0,,True,False,False,False,False,False,True,300,True,3800,True,1.5,1,1.3999971999999998,273,0,0,381,350,True,3800,True,0,-5.44033203100551,0,0,-3.6329507394882192,-1,-1,False,False,0,0,1,300,2,1,0.0189,2345,False,3000,1000,0,0,0,30,1.016,False,50,0,0,0,5,30,1.3999971999999998,0,1.92024,5,1000,1000,5,1.3999971999999998,1000,1000,False,10,3,50,5,1.3999971999999998,0.48006,1000,1,1,1,1,1,5052,8.3555197
0,Aluminium,5052,0.1000,Aluminium,2700.011337,213,0,False,False,Aluminium,4000,1000,2000,1000,0,2.54,False,1000,True,1378.951456,False,1,0,0,1.3999971999999998,0.8128,6.35,12.7,0,0,,,0,,True,False,False,False,False,False,True,300,True,3800,True,3,1,1.3999971999999998,273,0,0,200.66,350,True,3800,True,0,-5.710593137499642,0,0,-3.6619355755198,-1,-1,False,False,0,0,1,300,5,1,0.0375,1000,False,3000,1000,0,0,0,30,1.016,False,50,0,0,0,5,30,1.3999971999999998,0,3.81,5,1000,1000,5,1.3999971999999998,1000,1000,False,10,3,50,5,1.3999971999999998,0.9525,1000,1,1,1,1,1,5052,8.3555197
0,Aluminium,5052,0.1250,Aluminium,2700.011337,213,0,False,False,Aluminium,4000,1000,2000,1000,0,3.175,False,1000,True,1378.951456,False,1,0,0,1.3999971999999998,0.7111999999999999,4.7752,12.7,0,0,,,0,,True,False,False,False,False,False,True,300,True,3800,True,3,1,1.3999971999999998,508,0,0,200.66,350,True,3800,True,0,-5.710593137499642,0,0,-3.6619355755198,-1,-1,False,False,0,0,1,300,5,1,0.0375,1000,False,3000,1000,0,0,0,30,1.016,False,50,0,0,0,5,30,1.3999971999999998,0,3.81,5,1000,1000,5,1.3999971999999998,1000,1000,False,10,3,50,5,1.3999971999999998,0.9525,1000,1,1,1,1,1,5052,8.3555197
0,Aluminium,5052,0.1400,Aluminium,2700.011337,213,0,False,False,Aluminium,4000,1000,2000,1000,0,3.556,False,1000,True,1378.951456,False,1,0,0,1.3999971999999998,0.45719999999999994,6.35,12.7,0,0,,,0,,True,False,False,False,False,False,True,300,True,3800,True,3,1,1.3999971999999998,273,0,0,200.66,350,True,3800,True,0,-5.710593137499642,0,0,-3.6619355755198,-1,-1,False,False,0,0,1,300,5,1,0.0375,1000,False,3000,1000,0,0,0,30,1.016,False,50,0,0,0,5,30,1.3999971999999998,0,3.81,5,1000,1000,5,1.3999971999999998,1000,1000,False,10,3,50,5,1.3999971999999998,0.9525,1000,1,1,1,1,1,5052,8.3555197
0,Aluminium,5052,0.1600,Aluminium,2700.011337,213,0,False,False,Aluminium,4000,1000,2000,1000,0,4.064,False,1000,True,1378.951456,False,1,0,0,1.3999971999999998,0.45719999999999994,6.35,12.7,0,0,,,0,,True,False,False,False,False,False,True,300,True,3800,True,3,1,1.3999971999999998,273,0,0,200.66,350,True,3800,True,0,-5.710593137499642,0,0,-3.6619355755198,-1,-1,False,False,0,0,1,300,5,1,0.0375,1000,False,3000,1000,0,0,0,30,1.016,False,50,0,0,0,5,30,1.3999971999999998,0,3.81,5,1000,1000,5,1.3999971999999998,1000,1000,False,10,3,50,5,1.3999971999999998,0.9525,1000,1,1,1,1,1,5052,8.3555197
0,Aluminium,5052,0.1870,Aluminium,2700.011337,213,0,False,False,Aluminium,4000,1000,2000,1000,0,4.7498,False,1000,True,1378.951456,False,1,0,0,1.3999971999999998,0.7111999999999999,4.7752,12.7,0,0,,,0,,True,False,False,False,False,False,True,300,True,3800,True,4,2,1.3999971999999998,273,0,0,127,350,True,3800,True,0,-4.281536235070608,0,0,-2.449662620127041,-1,-1,False,False,0,0,1,914.4,5,1,0.0561,1000,False,3000,1000,0,0,0,30,1.016,False,50,0,0,0,5,30,1.3999971999999998,0,5.69976,5,1000,1000,5,1.3999971999999998,1000,1000,False,10,3,50,5,1.3999971999999998,1.42494,1000,1,1,1,1,1,5052,8.3555197
0,Aluminium,5052,0.2500,Aluminium,2700.011337,213,0,False,False,Aluminium,4000,1000,2000,1000,0,6.35,False,1000,True,1378.951456,False,1,0,0,1.3999971999999998,0.7111999999999999,4.7752,12.7,0,0,,,0,,True,False,False,False,False,False,True,300,True,3800,True,3,1,1.3999971999999998,273,0,0,90.42399999999999,350,True,3800,True,0,-2.5193892912062745,0,0,-1.2603038465035852,-1,-1,False,False,0,0,1,300,5,1,0.075,1000,False,3000,1000,0,0,0,30,1.016,False,50,0,0,0,5,30,1.3999971999999998,0,7.62,5,1000,1000,5,1.3999971999999998,1000,1000,False,10,3,50,5,1.3999971999999998,1.905,1000,1,1,1,1,1,5052,8.3555197
0,Aluminium,5052,0.3130,Aluminium,2700.011337,213,0,False,False,Aluminium,4000,1000,2000,1000,0,7.9502,False,1000,True,1378.951456,False,1,0,0,1.3999971999999998,0.635,6.35,12.7,0,0,,,0,,True,False,False,False,False,False,True,300,True,3800,True,8,3,1.3999971999999998,273,0,0,69.85,350,True,3800,True,0,-2.2869548095007075,0,0,-1.4641101061676423,-1,-1,False,False,0,0,1,300,5,1,0.0939,1000,False,3000,1000,0,0,0,30,1.016,False,50,0,0,0,5,30,1.3999971999999998,0,9.54024,5,1000,1000,5,1.3999971999999998,1000,1000,False,10,3,50,5,1.3999971999999998,2.38506,1000,1,1,1,1,1,5052,8.3555197
0,Aluminium,5052,0.3750,Aluminium,2700.011337,213,0,False,False,Aluminium,4000,1000,2000,1000,0,9.525,False,1000,True,1378.951456,False,1,0,0,1.3999971999999998,0.7111999999999999,4.7752,12.7,0,0,,,0,,True,False,False,False,False,False,True,300,True,3800,True,3,3,1.3999971999999998,273,0,0,56.641999999999996,350,True,3800,True,0,-1.680194404927422,0,0,-0.9166542563852882,-1,-1,False,False,0,0,1,300,5,1,0.1125,1000,False,3000,1000,0,0,0,30,1.0668,False,50,0,0,0,5,30,1.3999971999999998,0,11.43,5,1000,1000,5,1.3999971999999998,1000,1000,False,10,3,50,5,1.3999971999999998,2.8575,1000,1,1,1,1,1,5052,8.3555197
0,Aluminium,5052,0.5000,Aluminium,2700.011337,213,0,False,False,Aluminium,4000,1000,2000,1000,0,12.7,False,1000,True,1378.951456,False,1,0,0,1.3999971999999998,0.7111999999999999,4.7752,12.7,0,0,,,0,,True,False,False,False,False,False,True,300,True,3800,True,12,5,1.3999971999999998,273,0,0,40.64,350,True,3800,True,0,-1.7183580016554585,0,0,-0.7448031783150634,-1,-1,False,False,0,0,1,300,5,1,0.15,1000,False,3000,1000,0,0,0,30,1.016,False,50,0,0,0,5,30,1.3999971999999998,0,15.24,5,1000,1000,5,1.3999971999999998,1000,1000,False,10,3,50,5,1.3999971999999998,3.81,1000,1,1,1,1,1,5052,8.3555197
0,Aluminium,5052,0.6250,Aluminium,2700.011337,213,0,False,False,Aluminium,4000,1000,2000,1000,0,15.875,False,1000,True,1378.951456,False,1,0,0,1.3999971999999998,0.5588,6.35,12.7,0,0,,,0,,True,False,False,False,False,False,True,300,True,3800,True,25,10,1.3999971999999998,273,0,0,31.496,350,True,3800,True,0,-1.145762838175103,0,0,-0.7333459290514626,-1,-1,False,False,0,0,1,300,5,1,0.1875,1000,False,3000,1000,0,0,0,30,1.016,False,50,0,0,0,5,30,1.3999971999999998,0,19.05,5,1000,1000,5,1.3999971999999998,1000,1000,False,10,3,50,5,1.3999971999999998,4.7625,1000,1,1,1,1,1,5052,8.3555197
0,Aluminium,5052,0.7500,Aluminium,2700.011337,213,0,False,False,Aluminium,4000,1000,2000,1000,0,19.049999999999997,False,1000,True,1378.951456,False,1,0,0,1.3999971999999998,0.7111999999999999,4.7752,12.7,0,0,,,0,,True,False,False,False,False,False,True,300,True,3800,True,25,10,1.3999971999999998,273,0,0,31.496,350,True,3800,True,0,-1.145762838175103,0,0,-0.7333459290514626,-1,-1,False,False,0,0,1,300,5,1,0.1875,1000,False,3000,1000,0,0,0,30,1.016,False,50,0,0,0,5,30,1.3999971999999998,0,19.05,5,1000,1000,5,1.3999971999999998,1000,1000,False,10,3,50,5,1.3999971999999998,4.7625,1000,1,1,1,1,1,5052,8.3555197
0,Aluminium,5052,1.0000,Aluminium,2700.011337,213,0,False,False,Aluminium,4000,1000,2000,1000,0,25.4,False,1000,True,1378.951456,False,1,0,0,1.3999971999999998,0.7111999999999999,4.7752,12.7,0,0,,,0,,True,False,False,False,False,False,True,300,True,3800,True,3,10,1.3999971999999998,273,0,0,18.287999999999997,350,True,3800,True,0,-0.8593722436446815,0,0,-0.3724173220168406,-1,-1,False,False,0,0,0.5,300,5,1,0.3,1000,False,3000,1000,0,0,0,30,1.1429999999999998,False,50,0,0,0,5,30,1.3999971999999998,0,30.48,5,1000,1000,5,1.3999971999999998,1000,1000,False,10,3,50,5,1.3999971999999998,7.62,1000,1,1,1,1,1,5052,8.3555197
0,Aluminium,5052,1.2500,Aluminium,2700.011337,213,0,False,False,Aluminium,4000,1000,2000,1000,0,31.75,False,1000,True,1378.951456,False,1,0,0,1.3999971999999998,0.889,6.35,12.7,0,0,,,0,,True,False,False,False,False,False,True,300,True,3800,True,35,14,1.3999971999999998,273,0,0,14.224,350,True,3800,True,0,-0.5729386976834857,0,0,-0.36668798242515643,-1,-1,False,False,0,0,1,300,5,1,0.375,1000,False,3000,1000,0,0,0,30,1.016,False,50,0,0,0,5,30,1.3999971999999998,0,38.1,5,1000,1000,5,1.3999971999999998,1000,1000,False,10,3,50,5,1.3999971999999998,9.525,1000,1,1,1,1,1,5052,8.3555197
0,Aluminium,5052,1.3750,Aluminium,2700.011337,213,0,False,False,Aluminium,4000,1000,2000,1000,0,34.925,False,1000,True,1378.951456,False,1,0,0,1.3999971999999998,0.5588,6.35,12.7,0,0,,,0,,True,False,False,False,False,False,True,300,True,3800,True,3,10,1.3999971999999998,273,0,0,18.287999999999997,350,True,3800,True,0,-0.8593722436446815,0,0,-0.3724173220168406,-1,-1,False,False,0,0,0.5,300,5,1,0.3,1000,False,3000,1000,0,0,0,30,1.1429999999999998,False,50,0,0,0,5,30,1.3999971999999998,0,30.48,5,1000,1000,5,1.3999971999999998,1000,1000,False,10,3,50,5,1.3999971999999998,7.62,1000,1,1,1,1,1,5052,8.3555197
0,Aluminium,5052,1.5000,Aluminium,2700.011337,213,0,False,False,Aluminium,4000,1000,2000,1000,0,38.1,False,1000,True,1378.951456,False,1,0,0,1.3999971999999998,0.635,6.35,12.7,0,0,,,0,,True,False,False,False,False,False,True,300,True,3800,True,40,16,1.3999971999999998,273,0,0,11.43,350,True,3800,True,0,-0.47745377730957717,0,0,-0.3055745934585659,-1,-1,False,False,0,0,1,300,5,1,0.45,1000,False,3000,1000,0,0,0,30,1.016,False,50,0,0,0,5,30,1.3999971999999998,0,45.72,5,1000,1000,5,1.3999971999999998,1000,1000,False,10,3,50,5,1.3999971999999998,11.43,1000,1,1,1,1,1,5052,8.3555197
0,Aluminium,5052,1.7500,Aluminium,2700.011337,213,0,False,False,Aluminium,4000,1000,2000,1000,0,44.45,False,1000,True,1378.951456,False,1,0,0,1.3999971999999998,0.2,6.35,12.7,0,0,,,0,,True,False,False,False,False,False,True,300,True,3800,True,45,18,1.3999971999999998,273,0,0,9.652,350,True,3800,True,0,-0.4092486080349386,0,0,-0.26192173895527376,-1,-1,False,False,0,0,1,300,5,1,0.525,1000,False,3000,1000,0,0,0,30,1.016,False,50,0,0,0,5,30,1.3999971999999998,0,53.34,5,1000,1000,5,1.3999971999999998,1000,1000,False,10,3,50,5,1.3999971999999998,13.335,1000,1,1,1,1,1,5052,8.3555197
0,Aluminium,5052,2.0000,Aluminium,2700.011337,213,0,False,False,Aluminium,4000,1000,2000,1000,0,50.8,False,1000,True,1378.951456,False,1,0,0,1.3999971999999998,0.2,6.35,12.7,0,0,,,0,,True,False,False,False,False,False,True,300,True,3800,True,50,20,1.3999971999999998,273,0,0,8.128,350,True,3800,True,0,-0.4297102894010439,0,0,-0.30080007886327004,-1,-1,False,False,0,0,1,300,5,1,0.6,1000,False,3000,1000,0,0,0,30,1.016,False,50,0,0,0,5,30,1.3999971999999998,0,60.96,5,1000,1000,5,1.3999971999999998,1000,1000,False,10,3,50,5,1.3999971999999998,15.24,1000,1,1,1,1,1,5052,8.3555197
0,Aluminium,5052,2.2500,Aluminium,2700.011337,213,0,False,False,Aluminium,4000,1000,2000,1000,0,57.15,False,1000,True,1378.951456,False,1,0,0,1.3999971999999998,0.2,6.35,12.7,0,0,,,0,,True,False,False,False,False,False,True,300,True,3800,True,50,20,1.3999971999999998,273,0,0,8.128,350,True,3800,True,0,-0.4297102894010439,0,0,-0.30080007886327004,-1,-1,False,False,0,0,1,300,5,1,0.6,1000,False,3000,1000,0,0,0,30,1.016,False,50,0,0,0,5,30,1.3999971999999998,0,60.96,5,1000,1000,5,1.3999971999999998,1000,1000,False,10,3,50,5,1.3999971999999998,15.24,1000,1,1,1,1,1,5052,8.3555197
0,Aluminium,5052,2.5000,Aluminium,2700.011337,213,0,False,False,Aluminium,4000,1000,2000,1000,0,63.5,False,1000,True,1378.951456,False,1,0,0,1.3999971999999998,0.2,6.35,12.7,0,0,,,0,,True,False,False,False,False,False,True,300,True,3800,True,50,20,1.3999971999999998,273,0,0,8.128,350,True,3800,True,0,-0.4297102894010439,0,0,-0.30080007886327004,-1,-1,False,False,0,0,1,300,5,1,0.6,1000,False,3000,1000,0,0,0,30,1.016,False,50,0,0,0,5,30,1.3999971999999998,0,60.96,5,1000,1000,5,1.3999971999999998,1000,1000,False,10,3,50,5,1.3999971999999998,15.24,1000,1,1,1,1,1,5052,8.3555197
0,Aluminium,5052,3.0000,Aluminium,2700.011337,213,0,False,False,Aluminium,4000,1000,2000,1000,0,76.19999999999999,False,1000,True,1378.951456,False,1,0,0,1.3999971999999998,0.2,6.35,12.7,0,0,,,0,,True,False,False,False,False,False,True,300,True,3800,True,50,20,1.3999971999999998,273,0,0,8.128,350,True,3800,True,0,-0.358093959323571,0,0,-0.2291818957541002,-1,-1,False,False,0,0,1,300,5,1,0.6,1000,False,3000,1000,0,0,0,30,1.016,False,50,0,0,0,5,30,1.3999971999999998,0,60.96,5,1000,1000,5,1.3999971999999998,1000,1000,False,10,3,50,5,1.3999971999999998,15.24,1000,1,1,1,1,1,5052,8.3555197
0,Aluminium,5052,3.2500,Aluminium,2700.011337,213,0,False,False,Aluminium,4000,1000,2000,1000,0,82.55,False,1000,True,1378.951456,False,1,0,0,1.3999971999999998,0.2,6.35,12.7,0,0,,,0,,True,False,False,False,False,False,True,300,True,3800,True,50,20,1.3999971999999998,273,0,0,8.128,350,True,3800,True,0,-0.358093959323571,0,0,-0.2291818957541002,-1,-1,False,False,0,0,1,300,5,1,0.6,1000,False,3000,1000,0,0,0,30,1.016,False,50,0,0,0,5,30,1.3999971999999998,0,60.96,5,1000,1000,5,1.3999971999999998,1000,1000,False,10,3,50,5,1.3999971999999998,15.24,1000,1,1,1,1,1,5052,8.3555197
0,Aluminium,5052,3.5000,Aluminium,2700.011337,213,0,False,False,Aluminium,4000,1000,2000,1000,0,88.89999999999999,False,1000,True,1378.951456,False,1,0,0,1.3999971999999998,0.2,6.35,12.7,0,0,,,0,,True,False,False,False,False,False,True,300,True,3800,True,50,20,1.3999971999999998,273,0,0,8.128,350,True,3800,True,0,-0.358093959323571,0,0,-0.2291818957541002,-1,-1,False,False,0,0,1,300,5,1,0.6,1000,False,3000,1000,0,0,0,30,1.016,False,50,0,0,0,5,30,1.3999971999999998,0,60.96,5,1000,1000,5,1.3999971999999998,1000,1000,False,10,3,50,5,1.3999971999999998,15.24,1000,1,1,1,1,1,5052,8.3555197
0,Aluminium,5052,4.0000,Aluminium,2700.011337,213,0,False,False,Aluminium,4000,1000,2000,1000,0,101.6,False,1000,True,1378.951456,False,1,0,0,1.3999971999999998,0.2,6.35,12.7,0,0,,,0,,True,False,False,False,False,False,True,300,True,3800,True,50,20,1.3999971999999998,273,0,0,8.128,350,True,3800,True,0,-0.358093959323571,0,0,-0.2291818957541002,-1,-1,False,False,0,0,1,300,5,1,0.6,1000,False,3000,1000,0,0,0,30,1.016,False,50,0,0,0,5,30,1.3999971999999998,0,60.96,5,1000,1000,5,1.3999971999999998,1000,1000,False,10,3,50,5,1.3999971999999998,15.24,1000,1,1,1,1,1,5052,8.3555197
0,Aluminium,5052,4.5000,Aluminium,2700.011337,213,0,False,False,Aluminium,4000,1000,2000,1000,0,114.3,False,1000,True,1378.951456,False,1,0,0,1.3999971999999998,0.2,6.35,12.7,0,0,,,0,,True,False,False,False,False,False,True,300,True,3800,True,50,20,1.3999971999999998,273,0,0,8.128,350,True,3800,True,0,-0.358093959323571,0,0,-0.2291818957541002,-1,-1,False,False,0,0,1,300,5,1,0.6,1000,False,3000,1000,0,0,0,30,1.016,False,50,0,0,0,5,30,1.3999971999999998,0,60.96,5,1000,1000,5,1.3999971999999998,1000,1000,False,10,3,50,5,1.3999971999999998,15.24,1000,1,1,1,1,1,5052,8.3555197
0,Aluminium,5052,5.0000,Aluminium,2700.011337,213,0,False,False,Aluminium,4000,1000,2000,1000,0,127,False,1000,True,1378.951456,False,1,0,0,1.3999971999999998,0.2,6.35,12.7,0,0,,,0,,True,False,False,False,False,False,True,300,True,3800,True,50,20,1.3999971999999998,273,0,0,8.128,350,True,3800,True,0,-0.358093959323571,0,0,-0.2291818957541002,-1,-1,False,False,0,0,1,300,5,1,0.6,1000,False,3000,1000,0,0,0,30,1.016,False,50,0,0,0,5,30,1.3999971999999998,0,60.96,5,1000,1000,5,1.3999971999999998,1000,1000,False,10,3,50,5,1.3999971999999998,15.24,1000,1,1,1,1,1,5052,8.3555197
0,Aluminium,5052,6.0000,Aluminium,2700.011337,213,0,False,False,Aluminium,4000,1000,2000,1000,0,152.39999999999998,False,1000,True,1378.951456,False,1,0,0,1.3999971999999998,0.2,6.35,12.7,0,0,,,0,,True,False,False,False,False,False,True,300,True,3800,True,50,20,1.3999971999999998,273,0,0,8.128,350,True,3800,True,0,-0.358093959323571,0,0,-0.2291818957541002,-1,-1,False,False,0,0,1,300,5,1,0.6,1000,False,3000,1000,0,0,0,30,1.016,False,50,0,0,0,5,30,1.3999971999999998,0,60.96,5,1000,1000,5,1.3999971999999998,1000,1000,False,10,3,50,5,1.3999971999999998,15.24,1000,1,1,1,1,1,5052,8.3555197
0,Aluminium,6061 T6,0.0150,Aluminium,2700.011337,213,0,False,False,Aluminium,4000,1000,2000,1000,0,0.38099999999999995,False,1000,True,1378.951456,False,1,0,0,1.3999971999999998,0.3048,6.35,12.7,0,0,,,0,,True,True,False,False,False,False,True,300,True,3800,True,1.5,1,1.3999971999999998,273,0,0,381,350,True,3800,True,0,-5.44033203100551,0,0,-3.6329507394882192,-1,-1,False,False,0,0,1,300,2,1,0.0189,2345,False,3000,1000,0,0,0,30,1.016,False,50,0,0,0,5,30,1.3999971999999998,0,1.92024,5,1000,1000,5,1.3999971999999998,1000,1000,False,10,3,50,5,1.3999971999999998,0.48006,1000,1,1,1,1,1,6061 T6,8.3555197
0,Aluminium,6061 T6,0.0250,Aluminium,2700.011337,213,0,False,False,Aluminium,4000,1000,2000,1000,0,0.635,False,1000,True,1378.951456,False,1,0,0,1.3999971999999998,0.7619999999999999,6.35,12.7,0,0,,,0,,True,True,False,False,False,False,True,300,True,3800,True,1.5,1,1.3999971999999998,273,0,0,381,350,True,3800,True,0,-5.44033203100551,0,0,-3.6329507394882192,-1,-1,False,False,0,0,1,300,2,1,0.0189,2345,False,3000,1000,0,0,0,30,1.016,False,50,0,0,0,5,30,1.3999971999999998,0,1.92024,5,1000,1000,5,1.3999971999999998,1000,1000,False,10,3,50,5,1.3999971999999998,0.48006,1000,1,1,1,1,1,6061 T6,8.3555197
0,Aluminium,6061 T6,0.0400,Aluminium,2700.011337,213,0,False,False,Aluminium,4000,1000,2000,1000,0,1.016,False,1000,True,1378.951456,False,1,0,0,1.3999971999999998,0.5588,6.35,12.7,0,0,,,0,,True,True,False,False,False,False,True,300,True,3800,True,1.5,1,1.3999971999999998,273,0,0,381,350,True,3800,True,0,-5.44033203100551,0,0,-3.6329507394882192,-1,-1,False,False,0,0,1,300,2,1,0.0189,2345,False,3000,1000,0,0,0,30,1.016,False,50,0,0,0,5,30,1.3999971999999998,0,1.92024,5,1000,1000,5,1.3999971999999998,1000,1000,False,10,3,50,5,1.3999971999999998,0.48006,1000,1,1,1,1,1,6061 T6,8.3555197
0,Aluminium,6061 T6,0.0630,Aluminium,2700.011337,213,0,False,False,Aluminium,4000,1000,2000,1000,0,1.6002,False,1000,True,1378.951456,False,1,0,0,1.3999971999999998,0.635,6.35,12.7,0,0,,,0,,True,True,False,False,False,False,True,300,True,3800,True,1.5,1,1.3999971999999998,273,0,0,381,350,True,3800,True,0,-5.44033203100551,0,0,-3.6329507394882192,-1,-1,False,False,0,0,1,300,2,1,0.0189,2345,False,3000,1000,0,0,0,30,1.016,False,50,0,0,0,5,30,1.3999971999999998,0,1.92024,5,1000,1000,5,1.3999971999999998,1000,1000,False,10,3,50,5,1.3999971999999998,0.48006,1000,1,1,1,1,1,6061 T6,8.3555197
0,Aluminium,6061 T6,0.0650,Aluminium,2700.011337,213,0,False,False,Aluminium,4000,1000,2000,1000,0,1.651,False,1000,True,1378.951456,False,1,0,0,1.3999971999999998,0.508,6.35,12.7,0,0,,,0,,True,False,False,False,False,False,True,300,True,3800,True,3,1,1.3999971999999998,273,0,0,200.66,350,True,3800,True,0,-5.710593137499642,0,0,-3.6619355755198,-1,-1,False,False,0,0,1,300,5,1,0.0375,1000,False,3000,1000,0,0,0,30,1.016,False,50,0,0,0,5,30,1.3999971999999998,0,3.81,5,1000,1000,5,1.3999971999999998,1000,1000,False,10,3,50,5,1.3999971999999998,0.9525,1000,1,1,1,1,1,6061 T6,8.3555197
0,Aluminium,6061 T6,0.0800,Aluminium,2700.011337,213,0,False,False,Aluminium,4000,1000,2000,1000,0,2.032,False,1000,True,1378.951456,False,1,0,0,1.3999971999999998,0.7619999999999999,6.35,12.7,0,0,,,0,,True,False,False,False,False,False,True,300,True,3800,True,1.5,1,1.3999971999999998,273,0,0,381,350,True,3800,True,0,-5.44033203100551,0,0,-3.6329507394882192,-1,-1,False,False,0,0,1,300,2,1,0.0189,2345,False,3000,1000,0,0,0,30,1.016,False,50,0,0,0,5,30,1.3999971999999998,0,1.92024,5,1000,1000,5,1.3999971999999998,1000,1000,False,10,3,50,5,1.3999971999999998,0.48006,1000,1,1,1,1,1,6061 T6,8.3555197
0,Aluminium,6061 T6,0.1000,Aluminium,2700.011337,213,0,False,False,Aluminium,4000,1000,2000,1000,0,2.54,False,1000,True,1378.951456,False,1,0,0,1.3999971999999998,0.8128,6.35,12.7,0,0,,,0,,True,False,False,False,False,False,True,300,True,3800,True,3,1,1.3999971999999998,273,0,0,200.66,350,True,3800,True,0,-5.710593137499642,0,0,-3.6619355755198,-1,-1,False,False,0,0,1,300,5,1,0.0375,1000,False,3000,1000,0,0,0,30,1.016,False,50,0,0,0,5,30,1.3999971999999998,0,3.81,5,1000,1000,5,1.3999971999999998,1000,1000,False,10,3,50,5,1.3999971999999998,0.9525,1000,1,1,1,1,1,6061 T6,8.3555197
0,Aluminium,6061 T6,0.1250,Aluminium,2700.011337,213,0,False,False,Aluminium,4000,1000,2000,1000,0,3.175,False,1000,True,1378.951456,False,1,0,0,1.3999971999999998,0.7111999999999999,4.7752,12.7,0,0,,,0,,True,False,False,False,False,False,True,300,True,3800,True,3,1,1.3999971999999998,508,0,0,200.66,350,True,3800,True,0,-5.710593137499642,0,0,-3.6619355755198,-1,-1,False,False,0,0,1,300,5,1,0.0375,1000,False,3000,1000,0,0,0,30,1.016,False,50,0,0,0,5,30,1.3999971999999998,0,3.81,5,1000,1000,5,1.3999971999999998,1000,1000,False,10,3,50,5,1.3999971999999998,0.9525,1000,1,1,1,1,1,6061 T6,8.3555197
0,Aluminium,6061 T6,0.1400,Aluminium,2700.011337,213,0,False,False,Aluminium,4000,1000,2000,1000,0,3.556,False,1000,True,1378.951456,False,1,0,0,1.3999971999999998,0.45719999999999994,6.35,12.7,0,0,,,0,,True,False,False,False,False,False,True,300,True,3800,True,3,1,1.3999971999999998,273,0,0,200.66,350,True,3800,True,0,-5.710593137499642,0,0,-3.6619355755198,-1,-1,False,False,0,0,1,300,5,1,0.0375,1000,False,3000,1000,0,0,0,30,1.016,False,50,0,0,0,5,30,1.3999971999999998,0,3.81,5,1000,1000,5,1.3999971999999998,1000,1000,False,10,3,50,5,1.3999971999999998,0.9525,1000,1,1,1,1,1,6061 T6,8.3555197
0,Aluminium,6061 T6,0.1600,Aluminium,2700.011337,213,0,False,False,Aluminium,4000,1000,2000,1000,0,4.064,False,1000,True,1378.951456,False,1,0,0,1.3999971999999998,0.45719999999999994,6.35,12.7,0,0,,,0,,True,False,False,False,False,False,True,300,True,3800,True,3,1,1.3999971999999998,273,0,0,200.66,350,True,3800,True,0,-5.710593137499642,0,0,-3.6619355755198,-1,-1,False,False,0,0,1,300,5,1,0.0375,1000,False,3000,1000,0,0,0,30,1.016,False,50,0,0,0,5,30,1.3999971999999998,0,3.81,5,1000,1000,5,1.3999971999999998,1000,1000,False,10,3,50,5,1.3999971999999998,0.9525,1000,1,1,1,1,1,6061 T6,8.3555197
0,Aluminium,6061 T6,0.1870,Aluminium,2700.011337,213,0,False,False,Aluminium,4000,1000,2000,1000,0,4.7498,False,1000,True,1378.951456,False,1,0,0,1.3999971999999998,0.7111999999999999,4.7752,12.7,0,0,,,0,,True,False,False,False,False,False,True,300,True,3800,True,4,2,1.3999971999999998,273,0,0,127,350,True,3800,True,0,-4.281536235070608,0,0,-2.449662620127041,-1,-1,False,False,0,0,1,914.4,5,1,0.0561,1000,False,3000,1000,0,0,0,30,1.016,False,50,0,0,0,5,30,1.3999971999999998,0,5.69976,5,1000,1000,5,1.3999971999999998,1000,1000,False,10,3,50,5,1.3999971999999998,1.42494,1000,1,1,1,1,1,6061 T6,8.3555197
0,Aluminium,6061 T6,0.2500,Aluminium,2700.011337,213,0,False,False,Aluminium,4000,1000,2000,1000,0,6.35,False,1000,True,1378.951456,False,1,0,0,1.3999971999999998,0.7111999999999999,4.7752,12.7,0,0,,,0,,True,False,False,False,False,False,True,300,True,3800,True,3,1,1.3999971999999998,273,0,0,90.42399999999999,350,True,3800,True,0,-2.5193892912062745,0,0,-1.2603038465035852,-1,-1,False,False,0,0,1,300,5,1,0.075,1000,False,3000,1000,0,0,0,30,1.016,False,50,0,0,0,5,30,1.3999971999999998,0,7.62,5,1000,1000,5,1.3999971999999998,1000,1000,False,10,3,50,5,1.3999971999999998,1.905,1000,1,1,1,1,1,6061 T6,8.3555197
0,Aluminium,6061 T6,0.3130,Aluminium,2700.011337,213,0,False,False,Aluminium,4000,1000,2000,1000,0,7.9502,False,1000,True,1378.951456,False,1,0,0,1.3999971999999998,0.635,6.35,12.7,0,0,,,0,,True,False,False,False,False,False,True,300,True,3800,True,8,3,1.3999971999999998,273,0,0,69.85,350,True,3800,True,0,-2.2869548095007075,0,0,-1.4641101061676423,-1,-1,False,False,0,0,1,300,5,1,0.0939,1000,False,3000,1000,0,0,0,30,1.016,False,50,0,0,0,5,30,1.3999971999999998,0,9.54024,5,1000,1000,5,1.3999971999999998,1000,1000,False,10,3,50,5,1.3999971999999998,2.38506,1000,1,1,1,1,1,6061 T6,8.3555197
0,Aluminium,6061 T6,0.3750,Aluminium,2700.011337,213,0,False,False,Aluminium,4000,1000,2000,1000,0,9.525,False,1000,True,1378.951456,False,1,0,0,1.3999971999999998,0.7111999999999999,4.7752,12.7,0,0,,,0,,True,False,False,False,False,False,True,300,True,3800,True,3,3,1.3999971999999998,273,0,0,56.641999999999996,350,True,3800,True,0,-1.680194404927422,0,0,-0.9166542563852882,-1,-1,False,False,0,0,1,300,5,1,0.1125,1000,False,3000,1000,0,0,0,30,1.0668,False,50,0,0,0,5,30,1.3999971999999998,0,11.43,5,1000,1000,5,1.3999971999999998,1000,1000,False,10,3,50,5,1.3999971999999998,2.8575,1000,1,1,1,1,1,6061 T6,8.3555197
0,Aluminium,6061 T6,0.5000,Aluminium,2700.011337,213,0,False,False,Aluminium,4000,1000,2000,1000,0,12.7,False,1000,True,1378.951456,False,1,0,0,1.3999971999999998,0.7111999999999999,4.7752,12.7,0,0,,,0,,True,False,False,False,False,False,True,300,True,3800,True,12,5,1.3999971999999998,273,0,0,40.64,350,True,3800,True,0,-1.7183580016554585,0,0,-0.7448031783150634,-1,-1,False,False,0,0,1,300,5,1,0.15,1000,False,3000,1000,0,0,0,30,1.016,False,50,0,0,0,5,30,1.3999971999999998,0,15.24,5,1000,1000,5,1.3999971999999998,1000,1000,False,10,3,50,5,1.3999971999999998,3.81,1000,1,1,1,1,1,6061 T6,8.3555197
0,Aluminium,6061 T6,0.6250,Aluminium,2700.011337,213,0,False,False,Aluminium,4000,1000,2000,1000,0,15.875,False,1000,True,1378.951456,False,1,0,0,1.3999971999999998,0.5588,6.35,12.7,0,0,,,0,,True,False,False,False,False,False,True,300,True,3800,True,25,10,1.3999971999999998,273,0,0,31.496,350,True,3800,True,0,-1.145762838175103,0,0,-0.7333459290514626,-1,-1,False,False,0,0,1,300,5,1,0.1875,1000,False,3000,1000,0,0,0,30,1.016,False,50,0,0,0,5,30,1.3999971999999998,0,19.05,5,1000,1000,5,1.3999971999999998,1000,1000,False,10,3,50,5,1.3999971999999998,4.7625,1000,1,1,1,1,1,6061 T6,8.3555197
0,Aluminium,6061 T6,0.7500,Aluminium,2700.011337,213,0,False,False,Aluminium,4000,1000,2000,1000,0,19.049999999999997,False,1000,True,1378.951456,False,1,0,0,1.3999971999999998,0.7111999999999999,4.7752,12.7,0,0,,,0,,True,False,False,False,False,False,True,300,True,3800,True,25,10,1.3999971999999998,273,0,0,31.496,350,True,3800,True,0,-1.145762838175103,0,0,-0.7333459290514626,-1,-1,False,False,0,0,1,300,5,1,0.1875,1000,False,3000,1000,0,0,0,30,1.016,False,50,0,0,0,5,30,1.3999971999999998,0,19.05,5,1000,1000,5,1.3999971999999998,1000,1000,False,10,3,50,5,1.3999971999999998,4.7625,1000,1,1,1,1,1,6061 T6,8.3555197
0,Aluminium,6061 T6,1.0000,Aluminium,2700.011337,213,0,False,False,Aluminium,4000,1000,2000,1000,0,25.4,False,1000,True,1378.951456,False,1,0,0,1.3999971999999998,0.7111999999999999,4.7752,12.7,0,0,,,0,,True,False,False,False,False,False,True,300,True,3800,True,3,10,1.3999971999999998,273,0,0,18.287999999999997,350,True,3800,True,0,-0.8593722436446815,0,0,-0.3724173220168406,-1,-1,False,False,0,0,0.5,300,5,1,0.3,1000,False,3000,1000,0,0,0,30,1.1429999999999998,False,50,0,0,0,5,30,1.3999971999999998,0,30.48,5,1000,1000,5,1.3999971999999998,1000,1000,False,10,3,50,5,1.3999971999999998,7.62,1000,1,1,1,1,1,6061 T6,8.3555197
0,Aluminium,6061 T6,1.2500,Aluminium,2700.011337,213,0,False,False,Aluminium,4000,1000,2000,1000,0,31.75,False,1000,True,1378.951456,False,1,0,0,1.3999971999999998,0.889,6.35,12.7,0,0,,,0,,True,False,False,False,False,False,True,300,True,3800,True,35,14,1.3999971999999998,273,0,0,14.224,350,True,3800,True,0,-0.5729386976834857,0,0,-0.36668798242515643,-1,-1,False,False,0,0,1,300,5,1,0.375,1000,False,3000,1000,0,0,0,30,1.016,False,50,0,0,0,5,30,1.3999971999999998,0,38.1,5,1000,1000,5,1.3999971999999998,1000,1000,False,10,3,50,5,1.3999971999999998,9.525,1000,1,1,1,1,1,6061 T6,8.3555197
0,Aluminium,6061 T6,1.3750,Aluminium,2700.011337,213,0,False,False,Aluminium,4000,1000,2000,1000,0,34.925,False,1000,True,1378.951456,False,1,0,0,1.3999971999999998,0.5588,6.35,12.7,0,0,,,0,,True,False,False,False,False,False,True,300,True,3800,True,3,10,1.3999971999999998,273,0,0,18.287999999999997,350,True,3800,True,0,-0.8593722436446815,0,0,-0.3724173220168406,-1,-1,False,False,0,0,0.5,300,5,1,0.3,1000,False,3000,1000,0,0,0,30,1.1429999999999998,False,50,0,0,0,5,30,1.3999971999999998,0,30.48,5,1000,1000,5,1.3999971999999998,1000,1000,False,10,3,50,5,1.3999971999999998,7.62,1000,1,1,1,1,1,6061 T6,8.3555197
0,Aluminium,6061 T6,1.5000,Aluminium,2700.011337,213,0,False,False,Aluminium,4000,1000,2000,1000,0,38.1,False,1000,True,1378.951456,False,1,0,0,1.3999971999999998,0.635,6.35,12.7,0,0,,,0,,True,False,False,False,False,False,True,300,True,3800,True,40,16,1.3999971999999998,273,0,0,11.43,350,True,3800,True,0,-0.47745377730957717,0,0,-0.3055745934585659,-1,-1,False,False,0,0,1,300,5,1,0.45,1000,False,3000,1000,0,0,0,30,1.016,False,50,0,0,0,5,30,1.3999971999999998,0,45.72,5,1000,1000,5,1.3999971999999998,1000,1000,False,10,3,50,5,1.3999971999999998,11.43,1000,1,1,1,1,1,6061 T6,8.3555197
0,Aluminium,6061 T6,1.7500,Aluminium,2700.011337,213,0,False,False,Aluminium,4000,1000,2000,1000,0,44.45,False,1000,True,1378.951456,False,1,0,0,1.3999971999999998,0.2,6.35,12.7,0,0,,,0,,True,False,False,False,False,False,True,300,True,3800,True,45,18,1.3999971999999998,273,0,0,9.652,350,True,3800,True,0,-0.4092486080349386,0,0,-0.26192173895527376,-1,-1,False,False,0,0,1,300,5,1,0.525,1000,False,3000,1000,0,0,0,30,1.016,False,50,0,0,0,5,30,1.3999971999999998,0,53.34,5,1000,1000,5,1.3999971999999998,1000,1000,False,10,3,50,5,1.3999971999999998,13.335,1000,1,1,1,1,1,6061 T6,8.3555197
0,Aluminium,6061 T6,2.0000,Aluminium,2700.011337,213,0,False,False,Aluminium,4000,1000,2000,1000,0,50.8,False,1000,True,1378.951456,False,1,0,0,1.3999971999999998,0.2,6.35,12.7,0,0,,,0,,True,False,False,False,False,False,True,300,True,3800,True,50,20,1.3999971999999998,273,0,0,8.128,350,True,3800,True,0,-0.4297102894010439,0,0,-0.30080007886327004,-1,-1,False,False,0,0,1,300,5,1,0.6,1000,False,3000,1000,0,0,0,30,1.016,False,50,0,0,0,5,30,1.3999971999999998,0,60.96,5,1000,1000,5,1.3999971999999998,1000,1000,False,10,3,50,5,1.3999971999999998,15.24,1000,1,1,1,1,1,6061 T6,8.3555197
0,Aluminium,6061 T6,2.2500,Aluminium,2700.011337,213,0,False,False,Aluminium,4000,1000,2000,1000,0,57.15,False,1000,True,1378.951456,False,1,0,0,1.3999971999999998,0.2,6.35,12.7,0,0,,,0,,True,False,False,False,False,False,True,300,True,3800,True,50,20,1.3999971999999998,273,0,0,8.128,350,True,3800,True,0,-0.4297102894010439,0,0,-0.30080007886327004,-1,-1,False,False,0,0,1,300,5,1,0.6,1000,False,3000,1000,0,0,0,30,1.016,False,50,0,0,0,5,30,1.3999971999999998,0,60.96,5,1000,1000,5,1.3999971999999998,1000,1000,False,10,3,50,5,1.3999971999999998,15.24,1000,1,1,1,1,1,6061 T6,8.3555197
0,Aluminium,6061 T6,2.5000,Aluminium,2700.011337,213,0,False,False,Aluminium,4000,1000,2000,1000,0,63.5,False,1000,True,1378.951456,False,1,0,0,1.3999971999999998,0.2,6.35,12.7,0,0,,,0,,True,False,False,False,False,False,True,300,True,3800,True,50,20,1.3999971999999998,273,0,0,8.128,350,True,3800,True,0,-0.4297102894010439,0,0,-0.30080007886327004,-1,-1,False,False,0,0,1,300,5,1,0.6,1000,False,3000,1000,0,0,0,30,1.016,False,50,0,0,0,5,30,1.3999971999999998,0,60.96,5,1000,1000,5,1.3999971999999998,1000,1000,False,10,3,50,5,1.3999971999999998,15.24,1000,1,1,1,1,1,6061 T6,8.3555197
0,Aluminium,6061 T6,3.0000,Aluminium,2700.011337,213,0,False,False,Aluminium,4000,1000,2000,1000,0,76.19999999999999,False,1000,True,1378.951456,False,1,0,0,1.3999971999999998,0.2,6.35,12.7,0,0,,,0,,True,False,False,False,False,False,True,300,True,3800,True,50,20,1.3999971999999998,273,0,0,8.128,350,True,3800,True,0,-0.358093959323571,0,0,-0.2291818957541002,-1,-1,False,False,0,0,1,300,5,1,0.6,1000,False,3000,1000,0,0,0,30,1.016,False,50,0,0,0,5,30,1.3999971999999998,0,60.96,5,1000,1000,5,1.3999971999999998,1000,1000,False,10,3,50,5,1.3999971999999998,15.24,1000,1,1,1,1,1,6061 T6,8.3555197
0,Aluminium,6061 T6,3.2500,Aluminium,2700.011337,213,0,False,False,Aluminium,4000,1000,2000,1000,0,82.55,False,1000,True,1378.951456,False,1,0,0,1.3999971999999998,0.2,6.35,12.7,0,0,,,0,,True,False,False,False,False,False,True,300,True,3800,True,50,20,1.3999971999999998,273,0,0,8.128,350,True,3800,True,0,-0.358093959323571,0,0,-0.2291818957541002,-1,-1,False,False,0,0,1,300,5,1,0.6,1000,False,3000,1000,0,0,0,30,1.016,False,50,0,0,0,5,30,1.3999971999999998,0,60.96,5,1000,1000,5,1.3999971999999998,1000,1000,False,10,3,50,5,1.3999971999999998,15.24,1000,1,1,1,1,1,6061 T6,8.3555197
0,Aluminium,6061 T6,3.5000,Aluminium,2700.011337,213,0,False,False,Aluminium,4000,1000,2000,1000,0,88.89999999999999,False,1000,True,1378.951456,False,1,0,0,1.3999971999999998,0.2,6.35,12.7,0,0,,,0,,True,False,False,False,False,False,True,300,True,3800,True,50,20,1.3999971999999998,273,0,0,8.128,350,True,3800,True,0,-0.358093959323571,0,0,-0.2291818957541002,-1,-1,False,False,0,0,1,300,5,1,0.6,1000,False,3000,1000,0,0,0,30,1.016,False,50,0,0,0,5,30,1.3999971999999998,0,60.96,5,1000,1000,5,1.3999971999999998,1000,1000,False,10,3,50,5,1.3999971999999998,15.24,1000,1,1,1,1,1,6061 T6,8.3555197
0,Aluminium,6061 T6,4.0000,Aluminium,2700.011337,213,0,False,False,Aluminium,4000,1000,2000,1000,0,101.6,False,1000,True,1378.951456,False,1,0,0,1.3999971999999998,0.2,6.35,12.7,0,0,,,0,,True,False,False,False,False,False,True,300,True,3800,True,50,20,1.3999971999999998,273,0,0,8.128,350,True,3800,True,0,-0.358093959323571,0,0,-0.2291818957541002,-1,-1,False,False,0,0,1,300,5,1,0.6,1000,False,3000,1000,0,0,0,30,1.016,False,50,0,0,0,5,30,1.3999971999999998,0,60.96,5,1000,1000,5,1.3999971999999998,1000,1000,False,10,3,50,5,1.3999971999999998,15.24,1000,1,1,1,1,1,6061 T6,8.3555197
0,Aluminium,6061 T6,4.5000,Aluminium,2700.011337,213,0,False,False,Aluminium,4000,1000,2000,1000,0,114.3,False,1000,True,1378.951456,False,1,0,0,1.3999971999999998,0.2,6.35,12.7,0,0,,,0,,True,False,False,False,False,False,True,300,True,3800,True,50,20,1.3999971999999998,273,0,0,8.128,350,True,3800,True,0,-0.358093959323571,0,0,-0.2291818957541002,-1,-1,False,False,0,0,1,300,5,1,0.6,1000,False,3000,1000,0,0,0,30,1.016,False,50,0,0,0,5,30,1.3999971999999998,0,60.96,5,1000,1000,5,1.3999971999999998,1000,1000,False,10,3,50,5,1.3999971999999998,15.24,1000,1,1,1,1,1,6061 T6,8.3555197
0,Aluminium,6061 T6,5.0000,Aluminium,2700.011337,213,0,False,False,Aluminium,4000,1000,2000,1000,0,127,False,1000,True,1378.951456,False,1,0,0,1.3999971999999998,0.2,6.35,12.7,0,0,,,0,,True,False,False,False,False,False,True,300,True,3800,True,50,20,1.3999971999999998,273,0,0,8.128,350,True,3800,True,0,-0.358093959323571,0,0,-0.2291818957541002,-1,-1,False,False,0,0,1,300,5,1,0.6,1000,False,3000,1000,0,0,0,30,1.016,False,50,0,0,0,5,30,1.3999971999999998,0,60.96,5,1000,1000,5,1.3999971999999998,1000,1000,False,10,3,50,5,1.3999971999999998,15.24,1000,1,1,1,1,1,6061 T6,8.3555197
0,Aluminium,6061 T6,6.0000,Aluminium,2700.011337,213,0,False,False,Aluminium,4000,1000,2000,1000,0,152.39999999999998,False,1000,True,1378.951456,False,1,0,0,1.3999971999999998,0.2,6.35,12.7,0,0,,,0,,True,False,False,False,False,False,True,300,True,3800,True,50,20,1.3999971999999998,273,0,0,8.128,350,True,3800,True,0,-0.358093959323571,0,0,-0.2291818957541002,-1,-1,False,False,0,0,1,300,5,1,0.6,1000,False,3000,1000,0,0,0,30,1.016,False,50,0,0,0,5,30,1.3999971999999998,0,60.96,5,1000,1000,5,1.3999971999999998,1000,1000,False,10,3,50,5,1.3999971999999998,15.24,1000,1,1,1,1,1,6061 T6,8.3555197
0,Alusion Large Cell,3003,0.0150,Alusion Large Cell,2700.011337,700,0,False,False,Alusion Large Cell,4000,1000,2000,1000,0,0.38099999999999995,False,1000,True,1378.951456,False,1,0,0,1.3999971999999998,0.3048,6.35,12.7,0,0,,,0,,True,True,False,False,False,False,True,300,True,3800,True,1.5,1,1.3999971999999998,273,0,0,381,350,True,3800,True,0,-5.44033203100551,0,0,-3.6329507394882192,-1,-1,False,False,0,0,1,300,2,1,0.0189,2345,False,3000,1000,0,0,0,30,1.016,False,50,0,0,0,5,30,1.3999971999999998,0,1.92024,5,1000,1000,5,1.3999971999999998,1000,1000,False,10,3,50,5,1.3999971999999998,0.48006,1000,1,1,1,1,1,3003,8.3555197
0,Alusion Large Cell,3003,0.0250,Alusion Large Cell,2700.011337,700,0,False,False,Alusion Large Cell,4000,1000,2000,1000,0,0.635,False,1000,True,1378.951456,False,1,0,0,1.3999971999999998,0.7619999999999999,6.35,12.7,0,0,,,0,,True,True,False,False,False,False,True,300,True,3800,True,1.5,1,1.3999971999999998,273,0,0,381,350,True,3800,True,0,-5.44033203100551,0,0,-3.6329507394882192,-1,-1,False,False,0,0,1,300,2,1,0.0189,2345,False,3000,1000,0,0,0,30,1.016,False,50,0,0,0,5,30,1.3999971999999998,0,1.92024,5,1000,1000,5,1.3999971999999998,1000,1000,False,10,3,50,5,1.3999971999999998,0.48006,1000,1,1,1,1,1,3003,8.3555197
0,Alusion Large Cell,3003,0.0400,Alusion Large Cell,2700.011337,700,0,False,False,Alusion Large Cell,4000,1000,2000,1000,0,1.016,False,1000,True,1378.951456,False,1,0,0,1.3999971999999998,0.5588,6.35,12.7,0,0,,,0,,True,True,False,False,False,False,True,300,True,3800,True,1.5,1,1.3999971999999998,273,0,0,381,350,True,3800,True,0,-5.44033203100551,0,0,-3.6329507394882192,-1,-1,False,False,0,0,1,300,2,1,0.0189,2345,False,3000,1000,0,0,0,30,1.016,False,50,0,0,0,5,30,1.3999971999999998,0,1.92024,5,1000,1000,5,1.3999971999999998,1000,1000,False,10,3,50,5,1.3999971999999998,0.48006,1000,1,1,1,1,1,3003,8.3555197
0,Alusion Large Cell,3003,0.0630,Alusion Large Cell,2700.011337,700,0,False,False,Alusion Large Cell,4000,1000,2000,1000,0,1.6002,False,1000,True,1378.951456,False,1,0,0,1.3999971999999998,0.635,6.35,12.7,0,0,,,0,,True,True,False,False,False,False,True,300,True,3800,True,1.5,1,1.3999971999999998,273,0,0,381,350,True,3800,True,0,-5.44033203100551,0,0,-3.6329507394882192,-1,-1,False,False,0,0,1,300,2,1,0.0189,2345,False,3000,1000,0,0,0,30,1.016,False,50,0,0,0,5,30,1.3999971999999998,0,1.92024,5,1000,1000,5,1.3999971999999998,1000,1000,False,10,3,50,5,1.3999971999999998,0.48006,1000,1,1,1,1,1,3003,8.3555197
0,Alusion Large Cell,3003,0.0650,Alusion Large Cell,2700.011337,700,0,False,False,Alusion Large Cell,4000,1000,2000,1000,0,1.651,False,1000,True,1378.951456,False,1,0,0,1.3999971999999998,0.508,6.35,12.7,0,0,,,0,,True,False,False,False,False,False,True,300,True,3800,True,3,1,1.3999971999999998,273,0,0,200.66,350,True,3800,True,0,-5.710593137499642,0,0,-3.6619355755198,-1,-1,False,False,0,0,1,300,5,1,0.0375,1000,False,3000,1000,0,0,0,30,1.016,False,50,0,0,0,5,30,1.3999971999999998,0,3.81,5,1000,1000,5,1.3999971999999998,1000,1000,False,10,3,50,5,1.3999971999999998,0.9525,1000,1,1,1,1,1,3003,8.3555197
0,Alusion Large Cell,3003,0.0800,Alusion Large Cell,2700.011337,700,0,False,False,Alusion Large Cell,4000,1000,2000,1000,0,2.032,False,1000,True,1378.951456,False,1,0,0,1.3999971999999998,0.7619999999999999,6.35,12.7,0,0,,,0,,True,False,False,False,False,False,True,300,True,3800,True,1.5,1,1.3999971999999998,273,0,0,381,350,True,3800,True,0,-5.44033203100551,0,0,-3.6329507394882192,-1,-1,False,False,0,0,1,300,2,1,0.0189,2345,False,3000,1000,0,0,0,30,1.016,False,50,0,0,0,5,30,1.3999971999999998,0,1.92024,5,1000,1000,5,1.3999971999999998,1000,1000,False,10,3,50,5,1.3999971999999998,0.48006,1000,1,1,1,1,1,3003,8.3555197
0,Alusion Large Cell,3003,0.1000,Alusion Large Cell,2700.011337,700,0,False,False,Alusion Large Cell,4000,1000,2000,1000,0,2.54,False,1000,True,1378.951456,False,1,0,0,1.3999971999999998,0.7111999999999999,6.35,12.7,0,0,,,0,,True,False,False,False,False,False,True,300,True,3800,True,3,1,1.3999971999999998,273,0,0,200.66,350,True,3800,True,0,-5.710593137499642,0,0,-3.6619355755198,-1,-1,False,False,0,0,1,300,5,1,0.0375,1000,False,3000,1000,0,0,0,30,1.016,False,50,0,0,0,5,30,1.3999971999999998,0,3.81,5,1000,1000,5,1.3999971999999998,1000,1000,False,10,3,50,5,1.3999971999999998,0.9525,1000,1,1,1,1,1,3003,8.3555197
0,Alusion Large Cell,3003,0.1250,Alusion Large Cell,2700.011337,700,0,False,False,Alusion Large Cell,4000,1000,2000,1000,0,3.175,False,1000,True,1378.951456,False,1,0,0,1.3999971999999998,0.7111999999999999,6.35,12.7,0,0,,,0,,True,False,False,False,False,False,True,300,True,3800,True,3,1,1.3999971999999998,273,0,0,200.66,350,True,3800,True,0,-5.710593137499642,0,0,-3.6619355755198,-1,-1,False,False,0,0,1,300,5,1,0.0375,1000,False,3000,1000,0,0,0,30,1.016,False,50,0,0,0,5,30,1.3999971999999998,0,3.81,5,1000,1000,5,1.3999971999999998,1000,1000,False,10,3,50,5,1.3999971999999998,0.9525,1000,1,1,1,1,1,3003,8.3555197
0,Alusion Large Cell,3003,0.1400,Alusion Large Cell,2700.011337,700,0,False,False,Alusion Large Cell,4000,1000,2000,1000,0,3.556,False,1000,True,1378.951456,False,1,0,0,1.3999971999999998,0.45719999999999994,6.35,12.7,0,0,,,0,,True,False,False,False,False,False,True,300,True,3800,True,3,1,1.3999971999999998,273,0,0,200.66,350,True,3800,True,0,-5.710593137499642,0,0,-3.6619355755198,-1,-1,False,False,0,0,1,300,5,1,0.0375,1000,False,3000,1000,0,0,0,30,1.016,False,50,0,0,0,5,30,1.3999971999999998,0,3.81,5,1000,1000,5,1.3999971999999998,1000,1000,False,10,3,50,5,1.3999971999999998,0.9525,1000,1,1,1,1,1,3003,8.3555197
0,Alusion Large Cell,3003,0.1600,Alusion Large Cell,2700.011337,700,0,False,False,Alusion Large Cell,4000,1000,2000,1000,0,4.064,False,1000,True,1378.951456,False,1,0,0,1.3999971999999998,0.45719999999999994,6.35,12.7,0,0,,,0,,True,False,False,False,False,False,True,300,True,3800,True,3,1,1.3999971999999998,273,0,0,200.66,350,True,3800,True,0,-5.710593137499642,0,0,-3.6619355755198,-1,-1,False,False,0,0,1,300,5,1,0.0375,1000,False,3000,1000,0,0,0,30,1.016,False,50,0,0,0,5,30,1.3999971999999998,0,3.81,5,1000,1000,5,1.3999971999999998,1000,1000,False,10,3,50,5,1.3999971999999998,0.9525,1000,1,1,1,1,1,3003,8.3555197
0,Alusion Large Cell,3003,0.1870,Alusion Large Cell,2700.011337,700,0,False,False,Alusion Large Cell,4000,1000,2000,1000,0,4.7498,False,1000,True,1378.951456,False,1,0,0,1.3999971999999998,0.7111999999999999,6.35,12.7,0,0,,,0,,True,False,False,False,False,False,True,300,True,3800,True,4,2,1.3999971999999998,273,0,0,127,350,True,3800,True,0,-4.281536235070608,0,0,-2.449662620127041,-1,-1,False,False,0,0,1,914.4,5,1,0.0561,1000,False,3000,1000,0,0,0,30,1.016,False,50,0,0,0,5,30,1.3999971999999998,0,5.69976,5,1000,1000,5,1.3999971999999998,1000,1000,False,10,3,50,5,1.3999971999999998,1.42494,1000,1,1,1,1,1,3003,8.3555197
0,Alusion Large Cell,3003,0.2500,Alusion Large Cell,2700.011337,700,0,False,False,Alusion Large Cell,4000,1000,2000,1000,0,6.35,False,1000,True,1378.951456,False,1,0,0,1.3999971999999998,0.7111999999999999,6.35,12.7,0,0,,,0,,True,False,False,False,False,False,True,300,True,3800,True,3,1,1.3999971999999998,273,0,0,90.42399999999999,350,True,3800,True,0,-2.5193892912062745,0,0,-1.2603038465035852,-1,-1,False,False,0,0,1,300,5,1,0.075,1000,False,3000,1000,0,0,0,30,1.016,False,50,0,0,0,5,30,1.3999971999999998,0,7.62,5,1000,1000,5,1.3999971999999998,1000,1000,False,10,3,50,5,1.3999971999999998,1.905,1000,1,1,1,1,1,3003,8.3555197
0,Alusion Large Cell,3003,0.3130,Alusion Large Cell,2700.011337,700,0,False,False,Alusion Large Cell,4000,1000,2000,1000,0,7.9502,False,1000,True,1378.951456,False,1,0,0,1.3999971999999998,0.635,6.35,12.7,0,0,,,0,,True,False,False,False,False,False,True,300,True,3800,True,8,3,1.3999971999999998,273,0,0,69.85,350,True,3800,True,0,-2.2869548095007075,0,0,-1.4641101061676423,-1,-1,False,False,0,0,1,300,5,1,0.0939,1000,False,3000,1000,0,0,0,30,1.016,False,50,0,0,0,5,30,1.3999971999999998,0,9.54024,5,1000,1000,5,1.3999971999999998,1000,1000,False,10,3,50,5,1.3999971999999998,2.38506,1000,1,1,1,1,1,3003,8.3555197
0,Alusion Large Cell,3003,0.3750,Alusion Large Cell,2700.011337,700,0,False,False,Alusion Large Cell,4000,1000,2000,1000,0,9.525,False,1000,True,1378.951456,False,1,0,0,1.3999971999999998,0.7111999999999999,6.35,12.7,0,0,,,0,,True,False,False,False,False,False,True,300,True,3800,True,3,3,1.3999971999999998,273,0,0,56.641999999999996,350,True,3800,True,0,-1.680194404927422,0,0,-0.9166542563852882,-1,-1,False,False,0,0,1,300,5,1,0.1125,1000,False,3000,1000,0,0,0,30,1.0668,False,50,0,0,0,5,30,1.3999971999999998,0,11.43,5,1000,1000,5,1.3999971999999998,1000,1000,False,10,3,50,5,1.3999971999999998,2.8575,1000,1,1,1,1,1,3003,8.3555197
0,Alusion Large Cell,3003,0.5000,Alusion Large Cell,2700.011337,700,0,False,False,Alusion Large Cell,4000,1000,2000,1000,0,12.7,False,1000,True,1378.951456,False,1,0,0,1.3999971999999998,0.635,6.35,12.7,0,0,,,0,,True,False,False,False,False,False,True,300,True,3800,True,12,5,1.3999971999999998,273,0,0,40.64,350,True,3800,True,0,-1.7183580016554585,0,0,-0.7448031783150634,-1,-1,False,False,0,0,1,300,5,1,0.15,1000,False,3000,1000,0,0,0,30,1.016,False,50,0,0,0,5,30,1.3999971999999998,0,15.24,5,1000,1000,5,1.3999971999999998,1000,1000,False,10,3,50,5,1.3999971999999998,3.81,1000,1,1,1,1,1,3003,8.3555197
0,Alusion Large Cell,3003,0.6250,Alusion Large Cell,2700.011337,700,0,False,False,Alusion Large Cell,4000,1000,2000,1000,0,15.875,False,1000,True,1378.951456,False,1,0,0,1.3999971999999998,0.635,6.35,12.7,0,0,,,0,,True,False,False,False,False,False,True,300,True,3800,True,25,10,1.3999971999999998,273,0,0,31.496,350,True,3800,True,0,-1.145762838175103,0,0,-0.7333459290514626,-1,-1,False,False,0,0,1,300,5,1,0.1875,1000,False,3000,1000,0,0,0,30,1.016,False,50,0,0,0,5,30,1.3999971999999998,0,19.05,5,1000,1000,5,1.3999971999999998,1000,1000,False,10,3,50,5,1.3999971999999998,4.7625,1000,1,1,1,1,1,3003,8.3555197
0,Alusion Large Cell,3003,0.7500,Alusion Large Cell,2700.011337,700,0,False,False,Alusion Large Cell,4000,1000,2000,1000,0,19.049999999999997,False,1000,True,1378.951456,False,1,0,0,1.3999971999999998,0.635,6.35,12.7,0,0,,,0,,True,False,False,False,False,False,True,300,True,3800,True,25,10,1.3999971999999998,273,0,0,31.496,350,True,3800,True,0,-1.145762838175103,0,0,-0.7333459290514626,-1,-1,False,False,0,0,1,300,5,1,0.1875,1000,False,3000,1000,0,0,0,30,1.016,False,50,0,0,0,5,30,1.3999971999999998,0,19.05,5,1000,1000,5,1.3999971999999998,1000,1000,False,10,3,50,5,1.3999971999999998,4.7625,1000,1,1,1,1,1,3003,8.3555197
0,Alusion Large Cell,3003,1.0000,Alusion Large Cell,2700.011337,700,0,False,False,Alusion Large Cell,4000,1000,2000,1000,0,25.4,False,1000,True,1378.951456,False,1,0,0,1.3999971999999998,0.7111999999999999,6.35,12.7,0,0,,,0,,True,False,False,False,False,False,True,300,True,3800,True,3,10,1.3999971999999998,273,0,0,18.287999999999997,350,True,3800,True,0,-0.8593722436446815,0,0,-0.3724173220168406,-1,-1,False,False,0,0,0.5,300,5,1,0.3,1000,False,3000,1000,0,0,0,30,1.1429999999999998,False,50,0,0,0,5,30,1.3999971999999998,0,30.48,5,1000,1000,5,1.3999971999999998,1000,1000,False,10,3,50,5,1.3999971999999998,7.62,1000,1,1,1,1,1,3003,8.3555197
0,Alusion Large Cell,3003,1.2500,Alusion Large Cell,2700.011337,700,0,False,False,Alusion Large Cell,4000,1000,2000,1000,0,31.75,False,1000,True,1378.951456,False,1,0,0,1.3999971999999998,0.889,6.35,12.7,0,0,,,0,,True,False,False,False,False,False,True,300,True,3800,True,35,14,1.3999971999999998,273,0,0,14.224,350,True,3800,True,0,-0.5729386976834857,0,0,-0.36668798242515643,-1,-1,False,False,0,0,1,300,5,1,0.375,1000,False,3000,1000,0,0,0,30,1.016,False,50,0,0,0,5,30,1.3999971999999998,0,38.1,5,1000,1000,5,1.3999971999999998,1000,1000,False,10,3,50,5,1.3999971999999998,9.525,1000,1,1,1,1,1,3003,8.3555197
0,Alusion Large Cell,3003,1.3750,Alusion Large Cell,2700.011337,700,0,False,False,Alusion Large Cell,4000,1000,2000,1000,0,34.925,False,1000,True,1378.951456,False,1,0,0,1.3999971999999998,0.5588,6.35,12.7,0,0,,,0,,True,False,False,False,False,False,True,300,True,3800,True,3,10,1.3999971999999998,273,0,0,18.287999999999997,350,True,3800,True,0,-0.8593722436446815,0,0,-0.3724173220168406,-1,-1,False,False,0,0,0.5,300,5,1,0.3,1000,False,3000,1000,0,0,0,30,1.1429999999999998,False,50,0,0,0,5,30,1.3999971999999998,0,30.48,5,1000,1000,5,1.3999971999999998,1000,1000,False,10,3,50,5,1.3999971999999998,7.62,1000,1,1,1,1,1,3003,8.3555197
0,Alusion Large Cell,3003,1.5000,Alusion Large Cell,2700.011337,700,0,False,False,Alusion Large Cell,4000,1000,2000,1000,0,38.1,False,1000,True,1378.951456,False,1,0,0,1.3999971999999998,0.635,6.35,12.7,0,0,,,0,,True,False,False,False,False,False,True,300,True,3800,True,40,16,1.3999971999999998,273,0,0,11.43,350,True,3800,True,0,-0.47745377730957717,0,0,-0.3055745934585659,-1,-1,False,False,0,0,1,300,5,1,0.45,1000,False,3000,1000,0,0,0,30,1.016,False,50,0,0,0,5,30,1.3999971999999998,0,45.72,5,1000,1000,5,1.3999971999999998,1000,1000,False,10,3,50,5,1.3999971999999998,11.43,1000,1,1,1,1,1,3003,8.3555197
0,Alusion Large Cell,3003,1.7500,Alusion Large Cell,2700.011337,700,0,False,False,Alusion Large Cell,4000,1000,2000,1000,0,44.45,False,1000,True,1378.951456,False,1,0,0,1.3999971999999998,0.2,6.35,12.7,0,0,,,0,,True,False,False,False,False,False,True,300,True,3800,True,45,18,1.3999971999999998,273,0,0,9.652,350,True,3800,True,0,-0.4092486080349386,0,0,-0.26192173895527376,-1,-1,False,False,0,0,1,300,5,1,0.525,1000,False,3000,1000,0,0,0,30,1.016,False,50,0,0,0,5,30,1.3999971999999998,0,53.34,5,1000,1000,5,1.3999971999999998,1000,1000,False,10,3,50,5,1.3999971999999998,13.335,1000,1,1,1,1,1,3003,8.3555197
0,Alusion Large Cell,3003,2.0000,Alusion Large Cell,2700.011337,700,0,False,False,Alusion Large Cell,4000,1000,2000,1000,0,50.8,False,1000,True,1378.951456,False,1,0,0,1.3999971999999998,0.2,6.35,12.7,0,0,,,0,,True,False,False,False,False,False,True,300,True,3800,True,50,20,1.3999971999999998,273,0,0,8.128,350,True,3800,True,0,-0.4297102894010439,0,0,-0.30080007886327004,-1,-1,False,False,0,0,1,300,5,1,0.6,1000,False,3000,1000,0,0,0,30,1.016,False,50,0,0,0,5,30,1.3999971999999998,0,60.96,5,1000,1000,5,1.3999971999999998,1000,1000,False,10,3,50,5,1.3999971999999998,15.24,1000,1,1,1,1,1,3003,8.3555197
0,Alusion Large Cell,3003,2.2500,Alusion Large Cell,2700.011337,700,0,False,False,Alusion Large Cell,4000,1000,2000,1000,0,57.15,False,1000,True,1378.951456,False,1,0,0,1.3999971999999998,0.2,6.35,12.7,0,0,,,0,,True,False,False,False,False,False,True,300,True,3800,True,50,20,1.3999971999999998,273,0,0,8.128,350,True,3800,True,0,-0.4297102894010439,0,0,-0.30080007886327004,-1,-1,False,False,0,0,1,300,5,1,0.6,1000,False,3000,1000,0,0,0,30,1.016,False,50,0,0,0,5,30,1.3999971999999998,0,60.96,5,1000,1000,5,1.3999971999999998,1000,1000,False,10,3,50,5,1.3999971999999998,15.24,1000,1,1,1,1,1,3003,8.3555197
0,Alusion Large Cell,3003,2.5000,Alusion Large Cell,2700.011337,700,0,False,False,Alusion Large Cell,4000,1000,2000,1000,0,63.5,False,1000,True,1378.951456,False,1,0,0,1.3999971999999998,0.2,6.35,12.7,0,0,,,0,,True,False,False,False,False,False,True,300,True,3800,True,50,20,1.3999971999999998,273,0,0,8.128,350,True,3800,True,0,-0.4297102894010439,0,0,-0.30080007886327004,-1,-1,False,False,0,0,1,300,5,1,0.6,1000,False,3000,1000,0,0,0,30,1.016,False,50,0,0,0,5,30,1.3999971999999998,0,60.96,5,1000,1000,5,1.3999971999999998,1000,1000,False,10,3,50,5,1.3999971999999998,15.24,1000,1,1,1,1,1,3003,8.3555197
0,Alusion Large Cell,3003,3.0000,Alusion Large Cell,2700.011337,700,0,False,False,Alusion Large Cell,4000,1000,2000,1000,0,76.19999999999999,False,1000,True,1378.951456,False,1,0,0,1.3999971999999998,0.2,6.35,12.7,0,0,,,0,,True,False,False,False,False,False,True,300,True,3800,True,50,20,1.3999971999999998,273,0,0,8.128,350,True,3800,True,0,-0.358093959323571,0,0,-0.2291818957541002,-1,-1,False,False,0,0,1,300,5,1,0.6,1000,False,3000,1000,0,0,0,30,1.016,False,50,0,0,0,5,30,1.3999971999999998,0,60.96,5,1000,1000,5,1.3999971999999998,1000,1000,False,10,3,50,5,1.3999971999999998,15.24,1000,1,1,1,1,1,3003,8.3555197
0,Alusion Large Cell,3003,3.2500,Alusion Large Cell,2700.011337,700,0,False,False,Alusion Large Cell,4000,1000,2000,1000,0,82.55,False,1000,True,1378.951456,False,1,0,0,1.3999971999999998,0.2,6.35,12.7,0,0,,,0,,True,False,False,False,False,False,True,300,True,3800,True,50,20,1.3999971999999998,273,0,0,8.128,350,True,3800,True,0,-0.358093959323571,0,0,-0.2291818957541002,-1,-1,False,False,0,0,1,300,5,1,0.6,1000,False,3000,1000,0,0,0,30,1.016,False,50,0,0,0,5,30,1.3999971999999998,0,60.96,5,1000,1000,5,1.3999971999999998,1000,1000,False,10,3,50,5,1.3999971999999998,15.24,1000,1,1,1,1,1,3003,8.3555197
0,Alusion Large Cell,3003,3.5000,Alusion Large Cell,2700.011337,700,0,False,False,Alusion Large Cell,4000,1000,2000,1000,0,88.89999999999999,False,1000,True,1378.951456,False,1,0,0,1.3999971999999998,0.2,6.35,12.7,0,0,,,0,,True,False,False,False,False,False,True,300,True,3800,True,50,20,1.3999971999999998,273,0,0,8.128,350,True,3800,True,0,-0.358093959323571,0,0,-0.2291818957541002,-1,-1,False,False,0,0,1,300,5,1,0.6,1000,False,3000,1000,0,0,0,30,1.016,False,50,0,0,0,5,30,1.3999971999999998,0,60.96,5,1000,1000,5,1.3999971999999998,1000,1000,False,10,3,50,5,1.3999971999999998,15.24,1000,1,1,1,1,1,3003,8.3555197
0,Alusion Large Cell,3003,4.0000,Alusion Large Cell,2700.011337,700,0,False,False,Alusion Large Cell,4000,1000,2000,1000,0,101.6,False,1000,True,1378.951456,False,1,0,0,1.3999971999999998,0.2,6.35,12.7,0,0,,,0,,True,False,False,False,False,False,True,300,True,3800,True,50,20,1.3999971999999998,273,0,0,8.128,350,True,3800,True,0,-0.358093959323571,0,0,-0.2291818957541002,-1,-1,False,False,0,0,1,300,5,1,0.6,1000,False,3000,1000,0,0,0,30,1.016,False,50,0,0,0,5,30,1.3999971999999998,0,60.96,5,1000,1000,5,1.3999971999999998,1000,1000,False,10,3,50,5,1.3999971999999998,15.24,1000,1,1,1,1,1,3003,8.3555197
0,Alusion Large Cell,3003,4.5000,Alusion Large Cell,2700.011337,700,0,False,False,Alusion Large Cell,4000,1000,2000,1000,0,114.3,False,1000,True,1378.951456,False,1,0,0,1.3999971999999998,0.2,6.35,12.7,0,0,,,0,,True,False,False,False,False,False,True,300,True,3800,True,50,20,1.3999971999999998,273,0,0,8.128,350,True,3800,True,0,-0.358093959323571,0,0,-0.2291818957541002,-1,-1,False,False,0,0,1,300,5,1,0.6,1000,False,3000,1000,0,0,0,30,1.016,False,50,0,0,0,5,30,1.3999971999999998,0,60.96,5,1000,1000,5,1.3999971999999998,1000,1000,False,10,3,50,5,1.3999971999999998,15.24,1000,1,1,1,1,1,3003,8.3555197
0,Alusion Large Cell,3003,5.0000,Alusion Large Cell,2700.011337,700,0,False,False,Alusion Large Cell,4000,1000,2000,1000,0,127,False,1000,True,1378.951456,False,1,0,0,1.3999971999999998,0.2,6.35,12.7,0,0,,,0,,True,False,False,False,False,False,True,300,True,3800,True,50,20,1.3999971999999998,273,0,0,8.128,350,True,3800,True,0,-0.358093959323571,0,0,-0.2291818957541002,-1,-1,False,False,0,0,1,300,5,1,0.6,1000,False,3000,1000,0,0,0,30,1.016,False,50,0,0,0,5,30,1.3999971999999998,0,60.96,5,1000,1000,5,1.3999971999999998,1000,1000,False,10,3,50,5,1.3999971999999998,15.24,1000,1,1,1,1,1,3003,8.3555197
0,Alusion Large Cell,5052,0.0150,Alusion Large Cell,2700.011337,700,0,False,False,Alusion Large Cell,4000,1000,2000,1000,0,0.38099999999999995,False,1000,True,1378.951456,False,1,0,0,1.3999971999999998,0.3048,6.35,12.7,0,0,,,0,,True,True,False,False,False,False,True,300,True,3800,True,1.5,1,1.3999971999999998,273,0,0,381,350,True,3800,True,0,-5.44033203100551,0,0,-3.6329507394882192,-1,-1,False,False,0,0,1,300,2,1,0.0189,2345,False,3000,1000,0,0,0,30,1.016,False,50,0,0,0,5,30,1.3999971999999998,0,1.92024,5,1000,1000,5,1.3999971999999998,1000,1000,False,10,3,50,5,1.3999971999999998,0.48006,1000,1,1,1,1,1,5052,8.3555197
0,Alusion Large Cell,5052,0.0250,Alusion Large Cell,2700.011337,700,0,False,False,Alusion Large Cell,4000,1000,2000,1000,0,0.635,False,1000,True,1378.951456,False,1,0,0,1.3999971999999998,0.7619999999999999,6.35,12.7,0,0,,,0,,True,True,False,False,False,False,True,300,True,3800,True,1.5,1,1.3999971999999998,273,0,0,381,350,True,3800,True,0,-5.44033203100551,0,0,-3.6329507394882192,-1,-1,False,False,0,0,1,300,2,1,0.0189,2345,False,3000,1000,0,0,0,30,1.016,False,50,0,0,0,5,30,1.3999971999999998,0,1.92024,5,1000,1000,5,1.3999971999999998,1000,1000,False,10,3,50,5,1.3999971999999998,0.48006,1000,1,1,1,1,1,5052,8.3555197
0,Alusion Large Cell,5052,0.0400,Alusion Large Cell,2700.011337,700,0,False,False,Alusion Large Cell,4000,1000,2000,1000,0,1.016,False,1000,True,1378.951456,False,1,0,0,1.3999971999999998,0.5588,6.35,12.7,0,0,,,0,,True,True,False,False,False,False,True,300,True,3800,True,1.5,1,1.3999971999999998,273,0,0,381,350,True,3800,True,0,-5.44033203100551,0,0,-3.6329507394882192,-1,-1,False,False,0,0,1,300,2,1,0.0189,2345,False,3000,1000,0,0,0,30,1.016,False,50,0,0,0,5,30,1.3999971999999998,0,1.92024,5,1000,1000,5,1.3999971999999998,1000,1000,False,10,3,50,5,1.3999971999999998,0.48006,1000,1,1,1,1,1,5052,8.3555197
0,Alusion Large Cell,5052,0.0630,Alusion Large Cell,2700.011337,700,0,False,False,Alusion Large Cell,4000,1000,2000,1000,0,1.6002,False,1000,True,1378.951456,False,1,0,0,1.3999971999999998,0.635,6.35,12.7,0,0,,,0,,True,True,False,False,False,False,True,300,True,3800,True,1.5,1,1.3999971999999998,273,0,0,381,350,True,3800,True,0,-5.44033203100551,0,0,-3.6329507394882192,-1,-1,False,False,0,0,1,300,2,1,0.0189,2345,False,3000,1000,0,0,0,30,1.016,False,50,0,0,0,5,30,1.3999971999999998,0,1.92024,5,1000,1000,5,1.3999971999999998,1000,1000,False,10,3,50,5,1.3999971999999998,0.48006,1000,1,1,1,1,1,5052,8.3555197
0,Alusion Large Cell,5052,0.0650,Alusion Large Cell,2700.011337,700,0,False,False,Alusion Large Cell,4000,1000,2000,1000,0,1.651,False,1000,True,1378.951456,False,1,0,0,1.3999971999999998,0.508,6.35,12.7,0,0,,,0,,True,False,False,False,False,False,True,300,True,3800,True,3,1,1.3999971999999998,273,0,0,200.66,350,True,3800,True,0,-5.710593137499642,0,0,-3.6619355755198,-1,-1,False,False,0,0,1,300,5,1,0.0375,1000,False,3000,1000,0,0,0,30,1.016,False,50,0,0,0,5,30,1.3999971999999998,0,3.81,5,1000,1000,5,1.3999971999999998,1000,1000,False,10,3,50,5,1.3999971999999998,0.9525,1000,1,1,1,1,1,5052,8.3555197
0,Alusion Large Cell,5052,0.0800,Alusion Large Cell,2700.011337,700,0,False,False,Alusion Large Cell,4000,1000,2000,1000,0,2.032,False,1000,True,1378.951456,False,1,0,0,1.3999971999999998,0.7619999999999999,6.35,12.7,0,0,,,0,,True,False,False,False,False,False,True,300,True,3800,True,1.5,1,1.3999971999999998,273,0,0,381,350,True,3800,True,0,-5.44033203100551,0,0,-3.6329507394882192,-1,-1,False,False,0,0,1,300,2,1,0.0189,2345,False,3000,1000,0,0,0,30,1.016,False,50,0,0,0,5,30,1.3999971999999998,0,1.92024,5,1000,1000,5,1.3999971999999998,1000,1000,False,10,3,50,5,1.3999971999999998,0.48006,1000,1,1,1,1,1,5052,8.3555197
0,Alusion Large Cell,5052,0.1000,Alusion Large Cell,2700.011337,700,0,False,False,Alusion Large Cell,4000,1000,2000,1000,0,2.54,False,1000,True,1378.951456,False,1,0,0,1.3999971999999998,0.7111999999999999,6.35,12.7,0,0,,,0,,True,False,False,False,False,False,True,300,True,3800,True,3,1,1.3999971999999998,273,0,0,200.66,350,True,3800,True,0,-5.710593137499642,0,0,-3.6619355755198,-1,-1,False,False,0,0,1,300,5,1,0.0375,1000,False,3000,1000,0,0,0,30,1.016,False,50,0,0,0,5,30,1.3999971999999998,0,3.81,5,1000,1000,5,1.3999971999999998,1000,1000,False,10,3,50,5,1.3999971999999998,0.9525,1000,1,1,1,1,1,5052,8.3555197
0,Alusion Large Cell,5052,0.1250,Alusion Large Cell,2700.011337,700,0,False,False,Alusion Large Cell,4000,1000,2000,1000,0,3.175,False,1000,True,1378.951456,False,1,0,0,1.3999971999999998,0.7111999999999999,6.35,12.7,0,0,,,0,,True,False,False,False,False,False,True,300,True,3800,True,3,1,1.3999971999999998,273,0,0,200.66,350,True,3800,True,0,-5.710593137499642,0,0,-3.6619355755198,-1,-1,False,False,0,0,1,300,5,1,0.0375,1000,False,3000,1000,0,0,0,30,1.016,False,50,0,0,0,5,30,1.3999971999999998,0,3.81,5,1000,1000,5,1.3999971999999998,1000,1000,False,10,3,50,5,1.3999971999999998,0.9525,1000,1,1,1,1,1,5052,8.3555197
0,Alusion Large Cell,5052,0.1400,Alusion Large Cell,2700.011337,700,0,False,False,Alusion Large Cell,4000,1000,2000,1000,0,3.556,False,1000,True,1378.951456,False,1,0,0,1.3999971999999998,0.45719999999999994,6.35,12.7,0,0,,,0,,True,False,False,False,False,False,True,300,True,3800,True,3,1,1.3999971999999998,273,0,0,200.66,350,True,3800,True,0,-5.710593137499642,0,0,-3.6619355755198,-1,-1,False,False,0,0,1,300,5,1,0.0375,1000,False,3000,1000,0,0,0,30,1.016,False,50,0,0,0,5,30,1.3999971999999998,0,3.81,5,1000,1000,5,1.3999971999999998,1000,1000,False,10,3,50,5,1.3999971999999998,0.9525,1000,1,1,1,1,1,5052,8.3555197
0,Alusion Large Cell,5052,0.1600,Alusion Large Cell,2700.011337,700,0,False,False,Alusion Large Cell,4000,1000,2000,1000,0,4.064,False,1000,True,1378.951456,False,1,0,0,1.3999971999999998,0.45719999999999994,6.35,12.7,0,0,,,0,,True,False,False,False,False,False,True,300,True,3800,True,3,1,1.3999971999999998,273,0,0,200.66,350,True,3800,True,0,-5.710593137499642,0,0,-3.6619355755198,-1,-1,False,False,0,0,1,300,5,1,0.0375,1000,False,3000,1000,0,0,0,30,1.016,False,50,0,0,0,5,30,1.3999971999999998,0,3.81,5,1000,1000,5,1.3999971999999998,1000,1000,False,10,3,50,5,1.3999971999999998,0.9525,1000,1,1,1,1,1,5052,8.3555197
0,Alusion Large Cell,5052,0.1870,Alusion Large Cell,2700.011337,700,0,False,False,Alusion Large Cell,4000,1000,2000,1000,0,4.7498,False,1000,True,1378.951456,False,1,0,0,1.3999971999999998,0.7111999999999999,6.35,12.7,0,0,,,0,,True,False,False,False,False,False,True,300,True,3800,True,4,2,1.3999971999999998,273,0,0,127,350,True,3800,True,0,-4.281536235070608,0,0,-2.449662620127041,-1,-1,False,False,0,0,1,914.4,5,1,0.0561,1000,False,3000,1000,0,0,0,30,1.016,False,50,0,0,0,5,30,1.3999971999999998,0,5.69976,5,1000,1000,5,1.3999971999999998,1000,1000,False,10,3,50,5,1.3999971999999998,1.42494,1000,1,1,1,1,1,5052,8.3555197
0,Alusion Large Cell,5052,0.2500,Alusion Large Cell,2700.011337,700,0,False,False,Alusion Large Cell,4000,1000,2000,1000,0,6.35,False,1000,True,1378.951456,False,1,0,0,1.3999971999999998,0.7111999999999999,6.35,12.7,0,0,,,0,,True,False,False,False,False,False,True,300,True,3800,True,3,1,1.3999971999999998,273,0,0,90.42399999999999,350,True,3800,True,0,-2.5193892912062745,0,0,-1.2603038465035852,-1,-1,False,False,0,0,1,300,5,1,0.075,1000,False,3000,1000,0,0,0,30,1.016,False,50,0,0,0,5,30,1.3999971999999998,0,7.62,5,1000,1000,5,1.3999971999999998,1000,1000,False,10,3,50,5,1.3999971999999998,1.905,1000,1,1,1,1,1,5052,8.3555197
0,Alusion Large Cell,5052,0.3130,Alusion Large Cell,2700.011337,700,0,False,False,Alusion Large Cell,4000,1000,2000,1000,0,7.9502,False,1000,True,1378.951456,False,1,0,0,1.3999971999999998,0.635,6.35,12.7,0,0,,,0,,True,False,False,False,False,False,True,300,True,3800,True,8,3,1.3999971999999998,273,0,0,69.85,350,True,3800,True,0,-2.2869548095007075,0,0,-1.4641101061676423,-1,-1,False,False,0,0,1,300,5,1,0.0939,1000,False,3000,1000,0,0,0,30,1.016,False,50,0,0,0,5,30,1.3999971999999998,0,9.54024,5,1000,1000,5,1.3999971999999998,1000,1000,False,10,3,50,5,1.3999971999999998,2.38506,1000,1,1,1,1,1,5052,8.3555197
0,Alusion Large Cell,5052,0.3750,Alusion Large Cell,2700.011337,700,0,False,False,Alusion Large Cell,4000,1000,2000,1000,0,9.525,False,1000,True,1378.951456,False,1,0,0,1.3999971999999998,0.7111999999999999,6.35,12.7,0,0,,,0,,True,False,False,False,False,False,True,300,True,3800,True,3,3,1.3999971999999998,273,0,0,56.641999999999996,350,True,3800,True,0,-1.680194404927422,0,0,-0.9166542563852882,-1,-1,False,False,0,0,1,300,5,1,0.1125,1000,False,3000,1000,0,0,0,30,1.0668,False,50,0,0,0,5,30,1.3999971999999998,0,11.43,5,1000,1000,5,1.3999971999999998,1000,1000,False,10,3,50,5,1.3999971999999998,2.8575,1000,1,1,1,1,1,5052,8.3555197
0,Alusion Large Cell,5052,0.5000,Alusion Large Cell,2700.011337,700,0,False,False,Alusion Large Cell,4000,1000,2000,1000,0,12.7,False,1000,True,1378.951456,False,1,0,0,1.3999971999999998,0.635,6.35,12.7,0,0,,,0,,True,False,False,False,False,False,True,300,True,3800,True,12,5,1.3999971999999998,273,0,0,40.64,350,True,3800,True,0,-1.7183580016554585,0,0,-0.7448031783150634,-1,-1,False,False,0,0,1,300,5,1,0.15,1000,False,3000,1000,0,0,0,30,1.016,False,50,0,0,0,5,30,1.3999971999999998,0,15.24,5,1000,1000,5,1.3999971999999998,1000,1000,False,10,3,50,5,1.3999971999999998,3.81,1000,1,1,1,1,1,5052,8.3555197
0,Alusion Large Cell,5052,0.6250,Alusion Large Cell,2700.011337,700,0,False,False,Alusion Large Cell,4000,1000,2000,1000,0,15.875,False,1000,True,1378.951456,False,1,0,0,1.3999971999999998,0.635,6.35,12.7,0,0,,,0,,True,False,False,False,False,False,True,300,True,3800,True,25,10,1.3999971999999998,273,0,0,31.496,350,True,3800,True,0,-1.145762838175103,0,0,-0.7333459290514626,-1,-1,False,False,0,0,1,300,5,1,0.1875,1000,False,3000,1000,0,0,0,30,1.016,False,50,0,0,0,5,30,1.3999971999999998,0,19.05,5,1000,1000,5,1.3999971999999998,1000,1000,False,10,3,50,5,1.3999971999999998,4.7625,1000,1,1,1,1,1,5052,8.3555197
0,Alusion Large Cell,5052,0.7500,Alusion Large Cell,2700.011337,700,0,False,False,Alusion Large Cell,4000,1000,2000,1000,0,19.049999999999997,False,1000,True,1378.951456,False,1,0,0,1.3999971999999998,0.635,6.35,12.7,0,0,,,0,,True,False,False,False,False,False,True,300,True,3800,True,25,10,1.3999971999999998,273,0,0,31.496,350,True,3800,True,0,-1.145762838175103,0,0,-0.7333459290514626,-1,-1,False,False,0,0,1,300,5,1,0.1875,1000,False,3000,1000,0,0,0,30,1.016,False,50,0,0,0,5,30,1.3999971999999998,0,19.05,5,1000,1000,5,1.3999971999999998,1000,1000,False,10,3,50,5,1.3999971999999998,4.7625,1000,1,1,1,1,1,5052,8.3555197
0,Alusion Large Cell,5052,1.0000,Alusion Large Cell,2700.011337,700,0,False,False,Alusion Large Cell,4000,1000,2000,1000,0,25.4,False,1000,True,1378.951456,False,1,0,0,1.3999971999999998,0.7111999999999999,6.35,12.7,0,0,,,0,,True,False,False,False,False,False,True,300,True,3800,True,3,10,1.3999971999999998,273,0,0,18.287999999999997,350,True,3800,True,0,-0.8593722436446815,0,0,-0.3724173220168406,-1,-1,False,False,0,0,0.5,300,5,1,0.3,1000,False,3000,1000,0,0,0,30,1.1429999999999998,False,50,0,0,0,5,30,1.3999971999999998,0,30.48,5,1000,1000,5,1.3999971999999998,1000,1000,False,10,3,50,5,1.3999971999999998,7.62,1000,1,1,1,1,1,5052,8.3555197
0,Alusion Large Cell,5052,1.2500,Alusion Large Cell,2700.011337,700,0,False,False,Alusion Large Cell,4000,1000,2000,1000,0,31.75,False,1000,True,1378.951456,False,1,0,0,1.3999971999999998,0.889,6.35,12.7,0,0,,,0,,True,False,False,False,False,False,True,300,True,3800,True,35,14,1.3999971999999998,273,0,0,14.224,350,True,3800,True,0,-0.5729386976834857,0,0,-0.36668798242515643,-1,-1,False,False,0,0,1,300,5,1,0.375,1000,False,3000,1000,0,0,0,30,1.016,False,50,0,0,0,5,30,1.3999971999999998,0,38.1,5,1000,1000,5,1.3999971999999998,1000,1000,False,10,3,50,5,1.3999971999999998,9.525,1000,1,1,1,1,1,5052,8.3555197
0,Alusion Large Cell,5052,1.3750,Alusion Large Cell,2700.011337,700,0,False,False,Alusion Large Cell,4000,1000,2000,1000,0,34.925,False,1000,True,1378.951456,False,1,0,0,1.3999971999999998,0.5588,6.35,12.7,0,0,,,0,,True,False,False,False,False,False,True,300,True,3800,True,3,10,1.3999971999999998,273,0,0,18.287999999999997,350,True,3800,True,0,-0.8593722436446815,0,0,-0.3724173220168406,-1,-1,False,False,0,0,0.5,300,5,1,0.3,1000,False,3000,1000,0,0,0,30,1.1429999999999998,False,50,0,0,0,5,30,1.3999971999999998,0,30.48,5,1000,1000,5,1.3999971999999998,1000,1000,False,10,3,50,5,1.3999971999999998,7.62,1000,1,1,1,1,1,5052,8.3555197
0,Alusion Large Cell,5052,1.5000,Alusion Large Cell,2700.011337,700,0,False,False,Alusion Large Cell,4000,1000,2000,1000,0,38.1,False,1000,True,1378.951456,False,1,0,0,1.3999971999999998,0.635,6.35,12.7,0,0,,,0,,True,False,False,False,False,False,True,300,True,3800,True,40,16,1.3999971999999998,273,0,0,11.43,350,True,3800,True,0,-0.47745377730957717,0,0,-0.3055745934585659,-1,-1,False,False,0,0,1,300,5,1,0.45,1000,False,3000,1000,0,0,0,30,1.016,False,50,0,0,0,5,30,1.3999971999999998,0,45.72,5,1000,1000,5,1.3999971999999998,1000,1000,False,10,3,50,5,1.3999971999999998,11.43,1000,1,1,1,1,1,5052,8.3555197
0,Alusion Large Cell,5052,1.7500,Alusion Large Cell,2700.011337,700,0,False,False,Alusion Large Cell,4000,1000,2000,1000,0,44.45,False,1000,True,1378.951456,False,1,0,0,1.3999971999999998,0.2,6.35,12.7,0,0,,,0,,True,False,False,False,False,False,True,300,True,3800,True,45,18,1.3999971999999998,273,0,0,9.652,350,True,3800,True,0,-0.4092486080349386,0,0,-0.26192173895527376,-1,-1,False,False,0,0,1,300,5,1,0.525,1000,False,3000,1000,0,0,0,30,1.016,False,50,0,0,0,5,30,1.3999971999999998,0,53.34,5,1000,1000,5,1.3999971999999998,1000,1000,False,10,3,50,5,1.3999971999999998,13.335,1000,1,1,1,1,1,5052,8.3555197
0,Alusion Large Cell,5052,2.0000,Alusion Large Cell,2700.011337,700,0,False,False,Alusion Large Cell,4000,1000,2000,1000,0,50.8,False,1000,True,1378.951456,False,1,0,0,1.3999971999999998,0.2,6.35,12.7,0,0,,,0,,True,False,False,False,False,False,True,300,True,3800,True,50,20,1.3999971999999998,273,0,0,8.128,350,True,3800,True,0,-0.4297102894010439,0,0,-0.30080007886327004,-1,-1,False,False,0,0,1,300,5,1,0.6,1000,False,3000,1000,0,0,0,30,1.016,False,50,0,0,0,5,30,1.3999971999999998,0,60.96,5,1000,1000,5,1.3999971999999998,1000,1000,False,10,3,50,5,1.3999971999999998,15.24,1000,1,1,1,1,1,5052,8.3555197
0,Alusion Large Cell,5052,2.2500,Alusion Large Cell,2700.011337,700,0,False,False,Alusion Large Cell,4000,1000,2000,1000,0,57.15,False,1000,True,1378.951456,False,1,0,0,1.3999971999999998,0.2,6.35,12.7,0,0,,,0,,True,False,False,False,False,False,True,300,True,3800,True,50,20,1.3999971999999998,273,0,0,8.128,350,True,3800,True,0,-0.4297102894010439,0,0,-0.30080007886327004,-1,-1,False,False,0,0,1,300,5,1,0.6,1000,False,3000,1000,0,0,0,30,1.016,False,50,0,0,0,5,30,1.3999971999999998,0,60.96,5,1000,1000,5,1.3999971999999998,1000,1000,False,10,3,50,5,1.3999971999999998,15.24,1000,1,1,1,1,1,5052,8.3555197
0,Alusion Large Cell,5052,2.5000,Alusion Large Cell,2700.011337,700,0,False,False,Alusion Large Cell,4000,1000,2000,1000,0,63.5,False,1000,True,1378.951456,False,1,0,0,1.3999971999999998,0.2,6.35,12.7,0,0,,,0,,True,False,False,False,False,False,True,300,True,3800,True,50,20,1.3999971999999998,273,0,0,8.128,350,True,3800,True,0,-0.4297102894010439,0,0,-0.30080007886327004,-1,-1,False,False,0,0,1,300,5,1,0.6,1000,False,3000,1000,0,0,0,30,1.016,False,50,0,0,0,5,30,1.3999971999999998,0,60.96,5,1000,1000,5,1.3999971999999998,1000,1000,False,10,3,50,5,1.3999971999999998,15.24,1000,1,1,1,1,1,5052,8.3555197
0,Alusion Large Cell,5052,3.0000,Alusion Large Cell,2700.011337,700,0,False,False,Alusion Large Cell,4000,1000,2000,1000,0,76.19999999999999,False,1000,True,1378.951456,False,1,0,0,1.3999971999999998,0.2,6.35,12.7,0,0,,,0,,True,False,False,False,False,False,True,300,True,3800,True,50,20,1.3999971999999998,273,0,0,8.128,350,True,3800,True,0,-0.358093959323571,0,0,-0.2291818957541002,-1,-1,False,False,0,0,1,300,5,1,0.6,1000,False,3000,1000,0,0,0,30,1.016,False,50,0,0,0,5,30,1.3999971999999998,0,60.96,5,1000,1000,5,1.3999971999999998,1000,1000,False,10,3,50,5,1.3999971999999998,15.24,1000,1,1,1,1,1,5052,8.3555197
0,Alusion Large Cell,5052,3.2500,Alusion Large Cell,2700.011337,700,0,False,False,Alusion Large Cell,4000,1000,2000,1000,0,82.55,False,1000,True,1378.951456,False,1,0,0,1.3999971999999998,0.2,6.35,12.7,0,0,,,0,,True,False,False,False,False,False,True,300,True,3800,True,50,20,1.3999971999999998,273,0,0,8.128,350,True,3800,True,0,-0.358093959323571,0,0,-0.2291818957541002,-1,-1,False,False,0,0,1,300,5,1,0.6,1000,False,3000,1000,0,0,0,30,1.016,False,50,0,0,0,5,30,1.3999971999999998,0,60.96,5,1000,1000,5,1.3999971999999998,1000,1000,False,10,3,50,5,1.3999971999999998,15.24,1000,1,1,1,1,1,5052,8.3555197
0,Alusion Large Cell,5052,3.5000,Alusion Large Cell,2700.011337,700,0,False,False,Alusion Large Cell,4000,1000,2000,1000,0,88.89999999999999,False,1000,True,1378.951456,False,1,0,0,1.3999971999999998,0.2,6.35,12.7,0,0,,,0,,True,False,False,False,False,False,True,300,True,3800,True,50,20,1.3999971999999998,273,0,0,8.128,350,True,3800,True,0,-0.358093959323571,0,0,-0.2291818957541002,-1,-1,False,False,0,0,1,300,5,1,0.6,1000,False,3000,1000,0,0,0,30,1.016,False,50,0,0,0,5,30,1.3999971999999998,0,60.96,5,1000,1000,5,1.3999971999999998,1000,1000,False,10,3,50,5,1.3999971999999998,15.24,1000,1,1,1,1,1,5052,8.3555197
0,Alusion Large Cell,5052,4.0000,Alusion Large Cell,2700.011337,700,0,False,False,Alusion Large Cell,4000,1000,2000,1000,0,101.6,False,1000,True,1378.951456,False,1,0,0,1.3999971999999998,0.2,6.35,12.7,0,0,,,0,,True,False,False,False,False,False,True,300,True,3800,True,50,20,1.3999971999999998,273,0,0,8.128,350,True,3800,True,0,-0.358093959323571,0,0,-0.2291818957541002,-1,-1,False,False,0,0,1,300,5,1,0.6,1000,False,3000,1000,0,0,0,30,1.016,False,50,0,0,0,5,30,1.3999971999999998,0,60.96,5,1000,1000,5,1.3999971999999998,1000,1000,False,10,3,50,5,1.3999971999999998,15.24,1000,1,1,1,1,1,5052,8.3555197
0,Alusion Large Cell,5052,4.5000,Alusion Large Cell,2700.011337,700,0,False,False,Alusion Large Cell,4000,1000,2000,1000,0,114.3,False,1000,True,1378.951456,False,1,0,0,1.3999971999999998,0.2,6.35,12.7,0,0,,,0,,True,False,False,False,False,False,True,300,True,3800,True,50,20,1.3999971999999998,273,0,0,8.128,350,True,3800,True,0,-0.358093959323571,0,0,-0.2291818957541002,-1,-1,False,False,0,0,1,300,5,1,0.6,1000,False,3000,1000,0,0,0,30,1.016,False,50,0,0,0,5,30,1.3999971999999998,0,60.96,5,1000,1000,5,1.3999971999999998,1000,1000,False,10,3,50,5,1.3999971999999998,15.24,1000,1,1,1,1,1,5052,8.3555197
0,Alusion Large Cell,5052,5.0000,Alusion Large Cell,2700.011337,700,0,False,False,Alusion Large Cell,4000,1000,2000,1000,0,127,False,1000,True,1378.951456,False,1,0,0,1.3999971999999998,0.2,6.35,12.7,0,0,,,0,,True,False,False,False,False,False,True,300,True,3800,True,50,20,1.3999971999999998,273,0,0,8.128,350,True,3800,True,0,-0.358093959323571,0,0,-0.2291818957541002,-1,-1,False,False,0,0,1,300,5,1,0.6,1000,False,3000,1000,0,0,0,30,1.016,False,50,0,0,0,5,30,1.3999971999999998,0,60.96,5,1000,1000,5,1.3999971999999998,1000,1000,False,10,3,50,5,1.3999971999999998,15.24,1000,1,1,1,1,1,5052,8.3555197
0,Alusion Large Cell,6061 T6,0.0150,Alusion Large Cell,2700.011337,700,0,False,False,Alusion Large Cell,4000,1000,2000,1000,0,0.38099999999999995,False,1000,True,1378.951456,False,1,0,0,1.3999971999999998,0.3048,6.35,12.7,0,0,,,0,,True,True,False,False,False,False,True,300,True,3800,True,1.5,1,1.3999971999999998,273,0,0,381,350,True,3800,True,0,-5.44033203100551,0,0,-3.6329507394882192,-1,-1,False,False,0,0,1,300,2,1,0.0189,2345,False,3000,1000,0,0,0,30,1.016,False,50,0,0,0,5,30,1.3999971999999998,0,1.92024,5,1000,1000,5,1.3999971999999998,1000,1000,False,10,3,50,5,1.3999971999999998,0.48006,1000,1,1,1,1,1,6061 T6,8.3555197
0,Alusion Large Cell,6061 T6,0.0250,Alusion Large Cell,2700.011337,700,0,False,False,Alusion Large Cell,4000,1000,2000,1000,0,0.635,False,1000,True,1378.951456,False,1,0,0,1.3999971999999998,0.7619999999999999,6.35,12.7,0,0,,,0,,True,True,False,False,False,False,True,300,True,3800,True,1.5,1,1.3999971999999998,273,0,0,381,350,True,3800,True,0,-5.44033203100551,0,0,-3.6329507394882192,-1,-1,False,False,0,0,1,300,2,1,0.0189,2345,False,3000,1000,0,0,0,30,1.016,False,50,0,0,0,5,30,1.3999971999999998,0,1.92024,5,1000,1000,5,1.3999971999999998,1000,1000,False,10,3,50,5,1.3999971999999998,0.48006,1000,1,1,1,1,1,6061 T6,8.3555197
0,Alusion Large Cell,6061 T6,0.0400,Alusion Large Cell,2700.011337,700,0,False,False,Alusion Large Cell,4000,1000,2000,1000,0,1.016,False,1000,True,1378.951456,False,1,0,0,1.3999971999999998,0.5588,6.35,12.7,0,0,,,0,,True,True,False,False,False,False,True,300,True,3800,True,1.5,1,1.3999971999999998,273,0,0,381,350,True,3800,True,0,-5.44033203100551,0,0,-3.6329507394882192,-1,-1,False,False,0,0,1,300,2,1,0.0189,2345,False,3000,1000,0,0,0,30,1.016,False,50,0,0,0,5,30,1.3999971999999998,0,1.92024,5,1000,1000,5,1.3999971999999998,1000,1000,False,10,3,50,5,1.3999971999999998,0.48006,1000,1,1,1,1,1,6061 T6,8.3555197
0,Alusion Large Cell,6061 T6,0.0630,Alusion Large Cell,2700.011337,700,0,False,False,Alusion Large Cell,4000,1000,2000,1000,0,1.6002,False,1000,True,1378.951456,False,1,0,0,1.3999971999999998,0.635,6.35,12.7,0,0,,,0,,True,True,False,False,False,False,True,300,True,3800,True,1.5,1,1.3999971999999998,273,0,0,381,350,True,3800,True,0,-5.44033203100551,0,0,-3.6329507394882192,-1,-1,False,False,0,0,1,300,2,1,0.0189,2345,False,3000,1000,0,0,0,30,1.016,False,50,0,0,0,5,30,1.3999971999999998,0,1.92024,5,1000,1000,5,1.3999971999999998,1000,1000,False,10,3,50,5,1.3999971999999998,0.48006,1000,1,1,1,1,1,6061 T6,8.3555197
0,Alusion Large Cell,6061 T6,0.0650,Alusion Large Cell,2700.011337,700,0,False,False,Alusion Large Cell,4000,1000,2000,1000,0,1.651,False,1000,True,1378.951456,False,1,0,0,1.3999971999999998,0.508,6.35,12.7,0,0,,,0,,True,False,False,False,False,False,True,300,True,3800,True,3,1,1.3999971999999998,273,0,0,200.66,350,True,3800,True,0,-5.710593137499642,0,0,-3.6619355755198,-1,-1,False,False,0,0,1,300,5,1,0.0375,1000,False,3000,1000,0,0,0,30,1.016,False,50,0,0,0,5,30,1.3999971999999998,0,3.81,5,1000,1000,5,1.3999971999999998,1000,1000,False,10,3,50,5,1.3999971999999998,0.9525,1000,1,1,1,1,1,6061 T6,8.3555197
0,Alusion Large Cell,6061 T6,0.0800,Alusion Large Cell,2700.011337,700,0,False,False,Alusion Large Cell,4000,1000,2000,1000,0,2.032,False,1000,True,1378.951456,False,1,0,0,1.3999971999999998,0.7619999999999999,6.35,12.7,0,0,,,0,,True,False,False,False,False,False,True,300,True,3800,True,1.5,1,1.3999971999999998,273,0,0,381,350,True,3800,True,0,-5.44033203100551,0,0,-3.6329507394882192,-1,-1,False,False,0,0,1,300,2,1,0.0189,2345,False,3000,1000,0,0,0,30,1.016,False,50,0,0,0,5,30,1.3999971999999998,0,1.92024,5,1000,1000,5,1.3999971999999998,1000,1000,False,10,3,50,5,1.3999971999999998,0.48006,1000,1,1,1,1,1,6061 T6,8.3555197
0,Alusion Large Cell,6061 T6,0.1000,Alusion Large Cell,2700.011337,700,0,False,False,Alusion Large Cell,4000,1000,2000,1000,0,2.54,False,1000,True,1378.951456,False,1,0,0,1.3999971999999998,0.7111999999999999,6.35,12.7,0,0,,,0,,True,False,False,False,False,False,True,300,True,3800,True,3,1,1.3999971999999998,273,0,0,200.66,350,True,3800,True,0,-5.710593137499642,0,0,-3.6619355755198,-1,-1,False,False,0,0,1,300,5,1,0.0375,1000,False,3000,1000,0,0,0,30,1.016,False,50,0,0,0,5,30,1.3999971999999998,0,3.81,5,1000,1000,5,1.3999971999999998,1000,1000,False,10,3,50,5,1.3999971999999998,0.9525,1000,1,1,1,1,1,6061 T6,8.3555197
0,Alusion Large Cell,6061 T6,0.1250,Alusion Large Cell,2700.011337,700,0,False,False,Alusion Large Cell,4000,1000,2000,1000,0,3.175,False,1000,True,1378.951456,False,1,0,0,1.3999971999999998,0.7111999999999999,6.35,12.7,0,0,,,0,,True,False,False,False,False,False,True,300,True,3800,True,3,1,1.3999971999999998,273,0,0,200.66,350,True,3800,True,0,-5.710593137499642,0,0,-3.6619355755198,-1,-1,False,False,0,0,1,300,5,1,0.0375,1000,False,3000,1000,0,0,0,30,1.016,False,50,0,0,0,5,30,1.3999971999999998,0,3.81,5,1000,1000,5,1.3999971999999998,1000,1000,False,10,3,50,5,1.3999971999999998,0.9525,1000,1,1,1,1,1,6061 T6,8.3555197
0,Alusion Large Cell,6061 T6,0.1400,Alusion Large Cell,2700.011337,700,0,False,False,Alusion Large Cell,4000,1000,2000,1000,0,3.556,False,1000,True,1378.951456,False,1,0,0,1.3999971999999998,0.45719999999999994,6.35,12.7,0,0,,,0,,True,False,False,False,False,False,True,300,True,3800,True,3,1,1.3999971999999998,273,0,0,200.66,350,True,3800,True,0,-5.710593137499642,0,0,-3.6619355755198,-1,-1,False,False,0,0,1,300,5,1,0.0375,1000,False,3000,1000,0,0,0,30,1.016,False,50,0,0,0,5,30,1.3999971999999998,0,3.81,5,1000,1000,5,1.3999971999999998,1000,1000,False,10,3,50,5,1.3999971999999998,0.9525,1000,1,1,1,1,1,6061 T6,8.3555197
0,Alusion Large Cell,6061 T6,0.1600,Alusion Large Cell,2700.011337,700,0,False,False,Alusion Large Cell,4000,1000,2000,1000,0,4.064,False,1000,True,1378.951456,False,1,0,0,1.3999971999999998,0.45719999999999994,6.35,12.7,0,0,,,0,,True,False,False,False,False,False,True,300,True,3800,True,3,1,1.3999971999999998,273,0,0,200.66,350,True,3800,True,0,-5.710593137499642,0,0,-3.6619355755198,-1,-1,False,False,0,0,1,300,5,1,0.0375,1000,False,3000,1000,0,0,0,30,1.016,False,50,0,0,0,5,30,1.3999971999999998,0,3.81,5,1000,1000,5,1.3999971999999998,1000,1000,False,10,3,50,5,1.3999971999999998,0.9525,1000,1,1,1,1,1,6061 T6,8.3555197
0,Alusion Large Cell,6061 T6,0.1870,Alusion Large Cell,2700.011337,700,0,False,False,Alusion Large Cell,4000,1000,2000,1000,0,4.7498,False,1000,True,1378.951456,False,1,0,0,1.3999971999999998,0.7111999999999999,6.35,12.7,0,0,,,0,,True,False,False,False,False,False,True,300,True,3800,True,4,2,1.3999971999999998,273,0,0,127,350,True,3800,True,0,-4.281536235070608,0,0,-2.449662620127041,-1,-1,False,False,0,0,1,914.4,5,1,0.0561,1000,False,3000,1000,0,0,0,30,1.016,False,50,0,0,0,5,30,1.3999971999999998,0,5.69976,5,1000,1000,5,1.3999971999999998,1000,1000,False,10,3,50,5,1.3999971999999998,1.42494,1000,1,1,1,1,1,6061 T6,8.3555197
0,Alusion Large Cell,6061 T6,0.2500,Alusion Large Cell,2700.011337,700,0,False,False,Alusion Large Cell,4000,1000,2000,1000,0,6.35,False,1000,True,1378.951456,False,1,0,0,1.3999971999999998,0.7111999999999999,6.35,12.7,0,0,,,0,,True,False,False,False,False,False,True,300,True,3800,True,3,1,1.3999971999999998,273,0,0,90.42399999999999,350,True,3800,True,0,-2.5193892912062745,0,0,-1.2603038465035852,-1,-1,False,False,0,0,1,300,5,1,0.075,1000,False,3000,1000,0,0,0,30,1.016,False,50,0,0,0,5,30,1.3999971999999998,0,7.62,5,1000,1000,5,1.3999971999999998,1000,1000,False,10,3,50,5,1.3999971999999998,1.905,1000,1,1,1,1,1,6061 T6,8.3555197
0,Alusion Large Cell,6061 T6,0.3130,Alusion Large Cell,2700.011337,700,0,False,False,Alusion Large Cell,4000,1000,2000,1000,0,7.9502,False,1000,True,1378.951456,False,1,0,0,1.3999971999999998,0.635,6.35,12.7,0,0,,,0,,True,False,False,False,False,False,True,300,True,3800,True,8,3,1.3999971999999998,273,0,0,69.85,350,True,3800,True,0,-2.2869548095007075,0,0,-1.4641101061676423,-1,-1,False,False,0,0,1,300,5,1,0.0939,1000,False,3000,1000,0,0,0,30,1.016,False,50,0,0,0,5,30,1.3999971999999998,0,9.54024,5,1000,1000,5,1.3999971999999998,1000,1000,False,10,3,50,5,1.3999971999999998,2.38506,1000,1,1,1,1,1,6061 T6,8.3555197
0,Alusion Large Cell,6061 T6,0.3750,Alusion Large Cell,2700.011337,700,0,False,False,Alusion Large Cell,4000,1000,2000,1000,0,9.525,False,1000,True,1378.951456,False,1,0,0,1.3999971999999998,0.7111999999999999,6.35,12.7,0,0,,,0,,True,False,False,False,False,False,True,300,True,3800,True,3,3,1.3999971999999998,273,0,0,56.641999999999996,350,True,3800,True,0,-1.680194404927422,0,0,-0.9166542563852882,-1,-1,False,False,0,0,1,300,5,1,0.1125,1000,False,3000,1000,0,0,0,30,1.0668,False,50,0,0,0,5,30,1.3999971999999998,0,11.43,5,1000,1000,5,1.3999971999999998,1000,1000,False,10,3,50,5,1.3999971999999998,2.8575,1000,1,1,1,1,1,6061 T6,8.3555197
0,Alusion Large Cell,6061 T6,0.5000,Alusion Large Cell,2700.011337,700,0,False,False,Alusion Large Cell,4000,1000,2000,1000,0,12.7,False,1000,True,1378.951456,False,1,0,0,1.3999971999999998,0.635,6.35,12.7,0,0,,,0,,True,False,False,False,False,False,True,300,True,3800,True,12,5,1.3999971999999998,273,0,0,40.64,350,True,3800,True,0,-1.7183580016554585,0,0,-0.7448031783150634,-1,-1,False,False,0,0,1,300,5,1,0.15,1000,False,3000,1000,0,0,0,30,1.016,False,50,0,0,0,5,30,1.3999971999999998,0,15.24,5,1000,1000,5,1.3999971999999998,1000,1000,False,10,3,50,5,1.3999971999999998,3.81,1000,1,1,1,1,1,6061 T6,8.3555197
0,Alusion Large Cell,6061 T6,0.6250,Alusion Large Cell,2700.011337,700,0,False,False,Alusion Large Cell,4000,1000,2000,1000,0,15.875,False,1000,True,1378.951456,False,1,0,0,1.3999971999999998,0.635,6.35,12.7,0,0,,,0,,True,False,False,False,False,False,True,300,True,3800,True,25,10,1.3999971999999998,273,0,0,31.496,350,True,3800,True,0,-1.145762838175103,0,0,-0.7333459290514626,-1,-1,False,False,0,0,1,300,5,1,0.1875,1000,False,3000,1000,0,0,0,30,1.016,False,50,0,0,0,5,30,1.3999971999999998,0,19.05,5,1000,1000,5,1.3999971999999998,1000,1000,False,10,3,50,5,1.3999971999999998,4.7625,1000,1,1,1,1,1,6061 T6,8.3555197
0,Alusion Large Cell,6061 T6,0.7500,Alusion Large Cell,2700.011337,700,0,False,False,Alusion Large Cell,4000,1000,2000,1000,0,19.049999999999997,False,1000,True,1378.951456,False,1,0,0,1.3999971999999998,0.635,6.35,12.7,0,0,,,0,,True,False,False,False,False,False,True,300,True,3800,True,25,10,1.3999971999999998,273,0,0,31.496,350,True,3800,True,0,-1.145762838175103,0,0,-0.7333459290514626,-1,-1,False,False,0,0,1,300,5,1,0.1875,1000,False,3000,1000,0,0,0,30,1.016,False,50,0,0,0,5,30,1.3999971999999998,0,19.05,5,1000,1000,5,1.3999971999999998,1000,1000,False,10,3,50,5,1.3999971999999998,4.7625,1000,1,1,1,1,1,6061 T6,8.3555197
0,Alusion Large Cell,6061 T6,1.0000,Alusion Large Cell,2700.011337,700,0,False,False,Alusion Large Cell,4000,1000,2000,1000,0,25.4,False,1000,True,1378.951456,False,1,0,0,1.3999971999999998,0.7111999999999999,6.35,12.7,0,0,,,0,,True,False,False,False,False,False,True,300,True,3800,True,3,10,1.3999971999999998,273,0,0,18.287999999999997,350,True,3800,True,0,-0.8593722436446815,0,0,-0.3724173220168406,-1,-1,False,False,0,0,0.5,300,5,1,0.3,1000,False,3000,1000,0,0,0,30,1.1429999999999998,False,50,0,0,0,5,30,1.3999971999999998,0,30.48,5,1000,1000,5,1.3999971999999998,1000,1000,False,10,3,50,5,1.3999971999999998,7.62,1000,1,1,1,1,1,6061 T6,8.3555197
0,Alusion Large Cell,6061 T6,1.2500,Alusion Large Cell,2700.011337,700,0,False,False,Alusion Large Cell,4000,1000,2000,1000,0,31.75,False,1000,True,1378.951456,False,1,0,0,1.3999971999999998,0.889,6.35,12.7,0,0,,,0,,True,False,False,False,False,False,True,300,True,3800,True,35,14,1.3999971999999998,273,0,0,14.224,350,True,3800,True,0,-0.5729386976834857,0,0,-0.36668798242515643,-1,-1,False,False,0,0,1,300,5,1,0.375,1000,False,3000,1000,0,0,0,30,1.016,False,50,0,0,0,5,30,1.3999971999999998,0,38.1,5,1000,1000,5,1.3999971999999998,1000,1000,False,10,3,50,5,1.3999971999999998,9.525,1000,1,1,1,1,1,6061 T6,8.3555197
0,Alusion Large Cell,6061 T6,1.3750,Alusion Large Cell,2700.011337,700,0,False,False,Alusion Large Cell,4000,1000,2000,1000,0,34.925,False,1000,True,1378.951456,False,1,0,0,1.3999971999999998,0.5588,6.35,12.7,0,0,,,0,,True,False,False,False,False,False,True,300,True,3800,True,3,10,1.3999971999999998,273,0,0,18.287999999999997,350,True,3800,True,0,-0.8593722436446815,0,0,-0.3724173220168406,-1,-1,False,False,0,0,0.5,300,5,1,0.3,1000,False,3000,1000,0,0,0,30,1.1429999999999998,False,50,0,0,0,5,30,1.3999971999999998,0,30.48,5,1000,1000,5,1.3999971999999998,1000,1000,False,10,3,50,5,1.3999971999999998,7.62,1000,1,1,1,1,1,6061 T6,8.3555197
0,Alusion Large Cell,6061 T6,1.5000,Alusion Large Cell,2700.011337,700,0,False,False,Alusion Large Cell,4000,1000,2000,1000,0,38.1,False,1000,True,1378.951456,False,1,0,0,1.3999971999999998,0.635,6.35,12.7,0,0,,,0,,True,False,False,False,False,False,True,300,True,3800,True,40,16,1.3999971999999998,273,0,0,11.43,350,True,3800,True,0,-0.47745377730957717,0,0,-0.3055745934585659,-1,-1,False,False,0,0,1,300,5,1,0.45,1000,False,3000,1000,0,0,0,30,1.016,False,50,0,0,0,5,30,1.3999971999999998,0,45.72,5,1000,1000,5,1.3999971999999998,1000,1000,False,10,3,50,5,1.3999971999999998,11.43,1000,1,1,1,1,1,6061 T6,8.3555197
0,Alusion Large Cell,6061 T6,1.7500,Alusion Large Cell,2700.011337,700,0,False,False,Alusion Large Cell,4000,1000,2000,1000,0,44.45,False,1000,True,1378.951456,False,1,0,0,1.3999971999999998,0.2,6.35,12.7,0,0,,,0,,True,False,False,False,False,False,True,300,True,3800,True,45,18,1.3999971999999998,273,0,0,9.652,350,True,3800,True,0,-0.4092486080349386,0,0,-0.26192173895527376,-1,-1,False,False,0,0,1,300,5,1,0.525,1000,False,3000,1000,0,0,0,30,1.016,False,50,0,0,0,5,30,1.3999971999999998,0,53.34,5,1000,1000,5,1.3999971999999998,1000,1000,False,10,3,50,5,1.3999971999999998,13.335,1000,1,1,1,1,1,6061 T6,8.3555197
0,Alusion Large Cell,6061 T6,2.0000,Alusion Large Cell,2700.011337,700,0,False,False,Alusion Large Cell,4000,1000,2000,1000,0,50.8,False,1000,True,1378.951456,False,1,0,0,1.3999971999999998,0.2,6.35,12.7,0,0,,,0,,True,False,False,False,False,False,True,300,True,3800,True,50,20,1.3999971999999998,273,0,0,8.128,350,True,3800,True,0,-0.4297102894010439,0,0,-0.30080007886327004,-1,-1,False,False,0,0,1,300,5,1,0.6,1000,False,3000,1000,0,0,0,30,1.016,False,50,0,0,0,5,30,1.3999971999999998,0,60.96,5,1000,1000,5,1.3999971999999998,1000,1000,False,10,3,50,5,1.3999971999999998,15.24,1000,1,1,1,1,1,6061 T6,8.3555197
0,Alusion Large Cell,6061 T6,2.2500,Alusion Large Cell,2700.011337,700,0,False,False,Alusion Large Cell,4000,1000,2000,1000,0,57.15,False,1000,True,1378.951456,False,1,0,0,1.3999971999999998,0.2,6.35,12.7,0,0,,,0,,True,False,False,False,False,False,True,300,True,3800,True,50,20,1.3999971999999998,273,0,0,8.128,350,True,3800,True,0,-0.4297102894010439,0,0,-0.30080007886327004,-1,-1,False,False,0,0,1,300,5,1,0.6,1000,False,3000,1000,0,0,0,30,1.016,False,50,0,0,0,5,30,1.3999971999999998,0,60.96,5,1000,1000,5,1.3999971999999998,1000,1000,False,10,3,50,5,1.3999971999999998,15.24,1000,1,1,1,1,1,6061 T6,8.3555197
0,Alusion Large Cell,6061 T6,2.5000,Alusion Large Cell,2700.011337,700,0,False,False,Alusion Large Cell,4000,1000,2000,1000,0,63.5,False,1000,True,1378.951456,False,1,0,0,1.3999971999999998,0.2,6.35,12.7,0,0,,,0,,True,False,False,False,False,False,True,300,True,3800,True,50,20,1.3999971999999998,273,0,0,8.128,350,True,3800,True,0,-0.4297102894010439,0,0,-0.30080007886327004,-1,-1,False,False,0,0,1,300,5,1,0.6,1000,False,3000,1000,0,0,0,30,1.016,False,50,0,0,0,5,30,1.3999971999999998,0,60.96,5,1000,1000,5,1.3999971999999998,1000,1000,False,10,3,50,5,1.3999971999999998,15.24,1000,1,1,1,1,1,6061 T6,8.3555197
0,Alusion Large Cell,6061 T6,3.0000,Alusion Large Cell,2700.011337,700,0,False,False,Alusion Large Cell,4000,1000,2000,1000,0,76.19999999999999,False,1000,True,1378.951456,False,1,0,0,1.3999971999999998,0.2,6.35,12.7,0,0,,,0,,True,False,False,False,False,False,True,300,True,3800,True,50,20,1.3999971999999998,273,0,0,8.128,350,True,3800,True,0,-0.358093959323571,0,0,-0.2291818957541002,-1,-1,False,False,0,0,1,300,5,1,0.6,1000,False,3000,1000,0,0,0,30,1.016,False,50,0,0,0,5,30,1.3999971999999998,0,60.96,5,1000,1000,5,1.3999971999999998,1000,1000,False,10,3,50,5,1.3999971999999998,15.24,1000,1,1,1,1,1,6061 T6,8.3555197
0,Alusion Large Cell,6061 T6,3.2500,Alusion Large Cell,2700.011337,700,0,False,False,Alusion Large Cell,4000,1000,2000,1000,0,82.55,False,1000,True,1378.951456,False,1,0,0,1.3999971999999998,0.2,6.35,12.7,0,0,,,0,,True,False,False,False,False,False,True,300,True,3800,True,50,20,1.3999971999999998,273,0,0,8.128,350,True,3800,True,0,-0.358093959323571,0,0,-0.2291818957541002,-1,-1,False,False,0,0,1,300,5,1,0.6,1000,False,3000,1000,0,0,0,30,1.016,False,50,0,0,0,5,30,1.3999971999999998,0,60.96,5,1000,1000,5,1.3999971999999998,1000,1000,False,10,3,50,5,1.3999971999999998,15.24,1000,1,1,1,1,1,6061 T6,8.3555197
0,Alusion Large Cell,6061 T6,3.5000,Alusion Large Cell,2700.011337,700,0,False,False,Alusion Large Cell,4000,1000,2000,1000,0,88.89999999999999,False,1000,True,1378.951456,False,1,0,0,1.3999971999999998,0.2,6.35,12.7,0,0,,,0,,True,False,False,False,False,False,True,300,True,3800,True,50,20,1.3999971999999998,273,0,0,8.128,350,True,3800,True,0,-0.358093959323571,0,0,-0.2291818957541002,-1,-1,False,False,0,0,1,300,5,1,0.6,1000,False,3000,1000,0,0,0,30,1.016,False,50,0,0,0,5,30,1.3999971999999998,0,60.96,5,1000,1000,5,1.3999971999999998,1000,1000,False,10,3,50,5,1.3999971999999998,15.24,1000,1,1,1,1,1,6061 T6,8.3555197
0,Alusion Large Cell,6061 T6,4.0000,Alusion Large Cell,2700.011337,700,0,False,False,Alusion Large Cell,4000,1000,2000,1000,0,101.6,False,1000,True,1378.951456,False,1,0,0,1.3999971999999998,0.2,6.35,12.7,0,0,,,0,,True,False,False,False,False,False,True,300,True,3800,True,50,20,1.3999971999999998,273,0,0,8.128,350,True,3800,True,0,-0.358093959323571,0,0,-0.2291818957541002,-1,-1,False,False,0,0,1,300,5,1,0.6,1000,False,3000,1000,0,0,0,30,1.016,False,50,0,0,0,5,30,1.3999971999999998,0,60.96,5,1000,1000,5,1.3999971999999998,1000,1000,False,10,3,50,5,1.3999971999999998,15.24,1000,1,1,1,1,1,6061 T6,8.3555197
0,Alusion Large Cell,6061 T6,4.5000,Alusion Large Cell,2700.011337,700,0,False,False,Alusion Large Cell,4000,1000,2000,1000,0,114.3,False,1000,True,1378.951456,False,1,0,0,1.3999971999999998,0.2,6.35,12.7,0,0,,,0,,True,False,False,False,False,False,True,300,True,3800,True,50,20,1.3999971999999998,273,0,0,8.128,350,True,3800,True,0,-0.358093959323571,0,0,-0.2291818957541002,-1,-1,False,False,0,0,1,300,5,1,0.6,1000,False,3000,1000,0,0,0,30,1.016,False,50,0,0,0,5,30,1.3999971999999998,0,60.96,5,1000,1000,5,1.3999971999999998,1000,1000,False,10,3,50,5,1.3999971999999998,15.24,1000,1,1,1,1,1,6061 T6,8.3555197
0,Alusion Large Cell,6061 T6,5.0000,Alusion Large Cell,2700.011337,700,0,False,False,Alusion Large Cell,4000,1000,2000,1000,0,127,False,1000,True,1378.951456,False,1,0,0,1.3999971999999998,0.2,6.35,12.7,0,0,,,0,,True,False,False,False,False,False,True,300,True,3800,True,50,20,1.3999971999999998,273,0,0,8.128,350,True,3800,True,0,-0.358093959323571,0,0,-0.2291818957541002,-1,-1,False,False,0,0,1,300,5,1,0.6,1000,False,3000,1000,0,0,0,30,1.016,False,50,0,0,0,5,30,1.3999971999999998,0,60.96,5,1000,1000,5,1.3999971999999998,1000,1000,False,10,3,50,5,1.3999971999999998,15.24,1000,1,1,1,1,1,6061 T6,8.3555197
0,Alusion Medium Cell,3003,0.0150,Alusion Medium Cell,2700.011337,600,0,False,False,Alusion Medium Cell,4000,1000,2000,1000,0,0.38099999999999995,False,1000,True,1378.951456,False,1,0,0,1.3999971999999998,0.3048,6.35,12.7,0,0,,,0,,True,True,False,False,False,False,True,300,True,3800,True,1.5,1,1.3999971999999998,273,0,0,381,350,True,3800,True,0,-5.44033203100551,0,0,-3.6329507394882192,-1,-1,False,False,0,0,1,300,2,1,0.0189,2345,False,3000,1000,0,0,0,30,1.016,False,50,0,0,0,5,30,1.3999971999999998,0,1.92024,5,1000,1000,5,1.3999971999999998,1000,1000,False,10,3,50,5,1.3999971999999998,0.48006,1000,1,1,1,1,1,3003,8.3555197
0,Alusion Medium Cell,3003,0.0250,Alusion Medium Cell,2700.011337,600,0,False,False,Alusion Medium Cell,4000,1000,2000,1000,0,0.635,False,1000,True,1378.951456,False,1,0,0,1.3999971999999998,0.7619999999999999,6.35,12.7,0,0,,,0,,True,True,False,False,False,False,True,300,True,3800,True,1.5,1,1.3999971999999998,273,0,0,381,350,True,3800,True,0,-5.44033203100551,0,0,-3.6329507394882192,-1,-1,False,False,0,0,1,300,2,1,0.0189,2345,False,3000,1000,0,0,0,30,1.016,False,50,0,0,0,5,30,1.3999971999999998,0,1.92024,5,1000,1000,5,1.3999971999999998,1000,1000,False,10,3,50,5,1.3999971999999998,0.48006,1000,1,1,1,1,1,3003,8.3555197
0,Alusion Medium Cell,3003,0.0400,Alusion Medium Cell,2700.011337,600,0,False,False,Alusion Medium Cell,4000,1000,2000,1000,0,1.016,False,1000,True,1378.951456,False,1,0,0,1.3999971999999998,0.5588,6.35,12.7,0,0,,,0,,True,True,False,False,False,False,True,300,True,3800,True,1.5,1,1.3999971999999998,273,0,0,381,350,True,3800,True,0,-5.44033203100551,0,0,-3.6329507394882192,-1,-1,False,False,0,0,1,300,2,1,0.0189,2345,False,3000,1000,0,0,0,30,1.016,False,50,0,0,0,5,30,1.3999971999999998,0,1.92024,5,1000,1000,5,1.3999971999999998,1000,1000,False,10,3,50,5,1.3999971999999998,0.48006,1000,1,1,1,1,1,3003,8.3555197
0,Alusion Medium Cell,3003,0.0630,Alusion Medium Cell,2700.011337,600,0,False,False,Alusion Medium Cell,4000,1000,2000,1000,0,1.6002,False,1000,True,1378.951456,False,1,0,0,1.3999971999999998,0.635,6.35,12.7,0,0,,,0,,True,True,False,False,False,False,True,300,True,3800,True,1.5,1,1.3999971999999998,273,0,0,381,350,True,3800,True,0,-5.44033203100551,0,0,-3.6329507394882192,-1,-1,False,False,0,0,1,300,2,1,0.0189,2345,False,3000,1000,0,0,0,30,1.016,False,50,0,0,0,5,30,1.3999971999999998,0,1.92024,5,1000,1000,5,1.3999971999999998,1000,1000,False,10,3,50,5,1.3999971999999998,0.48006,1000,1,1,1,1,1,3003,8.3555197
0,Alusion Medium Cell,3003,0.0650,Alusion Medium Cell,2700.011337,600,0,False,False,Alusion Medium Cell,4000,1000,2000,1000,0,1.651,False,1000,True,1378.951456,False,1,0,0,1.3999971999999998,0.508,6.35,12.7,0,0,,,0,,True,False,False,False,False,False,True,300,True,3800,True,3,1,1.3999971999999998,273,0,0,200.66,350,True,3800,True,0,-5.710593137499642,0,0,-3.6619355755198,-1,-1,False,False,0,0,1,300,5,1,0.0375,1000,False,3000,1000,0,0,0,30,1.016,False,50,0,0,0,5,30,1.3999971999999998,0,3.81,5,1000,1000,5,1.3999971999999998,1000,1000,False,10,3,50,5,1.3999971999999998,0.9525,1000,1,1,1,1,1,3003,8.3555197
0,Alusion Medium Cell,3003,0.0800,Alusion Medium Cell,2700.011337,600,0,False,False,Alusion Medium Cell,4000,1000,2000,1000,0,2.032,False,1000,True,1378.951456,False,1,0,0,1.3999971999999998,0.7619999999999999,6.35,12.7,0,0,,,0,,True,False,False,False,False,False,True,300,True,3800,True,1.5,1,1.3999971999999998,273,0,0,381,350,True,3800,True,0,-5.44033203100551,0,0,-3.6329507394882192,-1,-1,False,False,0,0,1,300,2,1,0.0189,2345,False,3000,1000,0,0,0,30,1.016,False,50,0,0,0,5,30,1.3999971999999998,0,1.92024,5,1000,1000,5,1.3999971999999998,1000,1000,False,10,3,50,5,1.3999971999999998,0.48006,1000,1,1,1,1,1,3003,8.3555197
0,Alusion Medium Cell,3003,0.1000,Alusion Medium Cell,2700.011337,600,0,False,False,Alusion Medium Cell,4000,1000,2000,1000,0,2.54,False,1000,True,1378.951456,False,1,0,0,1.3999971999999998,0.7111999999999999,6.35,12.7,0,0,,,0,,True,False,False,False,False,False,True,300,True,3800,True,3,1,1.3999971999999998,273,0,0,200.66,350,True,3800,True,0,-5.710593137499642,0,0,-3.6619355755198,-1,-1,False,False,0,0,1,300,5,1,0.0375,1000,False,3000,1000,0,0,0,30,1.016,False,50,0,0,0,5,30,1.3999971999999998,0,3.81,5,1000,1000,5,1.3999971999999998,1000,1000,False,10,3,50,5,1.3999971999999998,0.9525,1000,1,1,1,1,1,3003,8.3555197
0,Alusion Medium Cell,3003,0.1250,Alusion Medium Cell,2700.011337,600,0,False,False,Alusion Medium Cell,4000,1000,2000,1000,0,3.175,False,1000,True,1378.951456,False,1,0,0,1.3999971999999998,0.7111999999999999,6.35,12.7,0,0,,,0,,True,False,False,False,False,False,True,300,True,3800,True,3,1,1.3999971999999998,273,0,0,200.66,350,True,3800,True,0,-5.710593137499642,0,0,-3.6619355755198,-1,-1,False,False,0,0,1,300,5,1,0.0375,1000,False,3000,1000,0,0,0,30,1.016,False,50,0,0,0,5,30,1.3999971999999998,0,3.81,5,1000,1000,5,1.3999971999999998,1000,1000,False,10,3,50,5,1.3999971999999998,0.9525,1000,1,1,1,1,1,3003,8.3555197
0,Alusion Medium Cell,3003,0.1400,Alusion Medium Cell,2700.011337,600,0,False,False,Alusion Medium Cell,4000,1000,2000,1000,0,3.556,False,1000,True,1378.951456,False,1,0,0,1.3999971999999998,0.45719999999999994,6.35,12.7,0,0,,,0,,True,False,False,False,False,False,True,300,True,3800,True,3,1,1.3999971999999998,273,0,0,200.66,350,True,3800,True,0,-5.710593137499642,0,0,-3.6619355755198,-1,-1,False,False,0,0,1,300,5,1,0.0375,1000,False,3000,1000,0,0,0,30,1.016,False,50,0,0,0,5,30,1.3999971999999998,0,3.81,5,1000,1000,5,1.3999971999999998,1000,1000,False,10,3,50,5,1.3999971999999998,0.9525,1000,1,1,1,1,1,3003,8.3555197
0,Alusion Medium Cell,3003,0.1600,Alusion Medium Cell,2700.011337,600,0,False,False,Alusion Medium Cell,4000,1000,2000,1000,0,4.064,False,1000,True,1378.951456,False,1,0,0,1.3999971999999998,0.45719999999999994,6.35,12.7,0,0,,,0,,True,False,False,False,False,False,True,300,True,3800,True,3,1,1.3999971999999998,273,0,0,200.66,350,True,3800,True,0,-5.710593137499642,0,0,-3.6619355755198,-1,-1,False,False,0,0,1,300,5,1,0.0375,1000,False,3000,1000,0,0,0,30,1.016,False,50,0,0,0,5,30,1.3999971999999998,0,3.81,5,1000,1000,5,1.3999971999999998,1000,1000,False,10,3,50,5,1.3999971999999998,0.9525,1000,1,1,1,1,1,3003,8.3555197
0,Alusion Medium Cell,3003,0.1870,Alusion Medium Cell,2700.011337,600,0,False,False,Alusion Medium Cell,4000,1000,2000,1000,0,4.7498,False,1000,True,1378.951456,False,1,0,0,1.3999971999999998,0.7111999999999999,6.35,12.7,0,0,,,0,,True,False,False,False,False,False,True,300,True,3800,True,4,2,1.3999971999999998,273,0,0,127,350,True,3800,True,0,-4.281536235070608,0,0,-2.449662620127041,-1,-1,False,False,0,0,1,914.4,5,1,0.0561,1000,False,3000,1000,0,0,0,30,1.016,False,50,0,0,0,5,30,1.3999971999999998,0,5.69976,5,1000,1000,5,1.3999971999999998,1000,1000,False,10,3,50,5,1.3999971999999998,1.42494,1000,1,1,1,1,1,3003,8.3555197
0,Alusion Medium Cell,3003,0.2500,Alusion Medium Cell,2700.011337,600,0,False,False,Alusion Medium Cell,4000,1000,2000,1000,0,6.35,False,1000,True,1378.951456,False,1,0,0,1.3999971999999998,0.7111999999999999,6.35,12.7,0,0,,,0,,True,False,False,False,False,False,True,300,True,3800,True,3,1,1.3999971999999998,273,0,0,90.42399999999999,350,True,3800,True,0,-2.5193892912062745,0,0,-1.2603038465035852,-1,-1,False,False,0,0,1,300,5,1,0.075,1000,False,3000,1000,0,0,0,30,1.016,False,50,0,0,0,5,30,1.3999971999999998,0,7.62,5,1000,1000,5,1.3999971999999998,1000,1000,False,10,3,50,5,1.3999971999999998,1.905,1000,1,1,1,1,1,3003,8.3555197
0,Alusion Medium Cell,3003,0.3130,Alusion Medium Cell,2700.011337,600,0,False,False,Alusion Medium Cell,4000,1000,2000,1000,0,7.9502,False,1000,True,1378.951456,False,1,0,0,1.3999971999999998,0.635,6.35,12.7,0,0,,,0,,True,False,False,False,False,False,True,300,True,3800,True,8,3,1.3999971999999998,273,0,0,69.85,350,True,3800,True,0,-2.2869548095007075,0,0,-1.4641101061676423,-1,-1,False,False,0,0,1,300,5,1,0.0939,1000,False,3000,1000,0,0,0,30,1.016,False,50,0,0,0,5,30,1.3999971999999998,0,9.54024,5,1000,1000,5,1.3999971999999998,1000,1000,False,10,3,50,5,1.3999971999999998,2.38506,1000,1,1,1,1,1,3003,8.3555197
0,Alusion Medium Cell,3003,0.3750,Alusion Medium Cell,2700.011337,600,0,False,False,Alusion Medium Cell,4000,1000,2000,1000,0,9.525,False,1000,True,1378.951456,False,1,0,0,1.3999971999999998,0.7111999999999999,6.35,12.7,0,0,,,0,,True,False,False,False,False,False,True,300,True,3800,True,3,3,1.3999971999999998,273,0,0,56.641999999999996,350,True,3800,True,0,-1.680194404927422,0,0,-0.9166542563852882,-1,-1,False,False,0,0,1,300,5,1,0.1125,1000,False,3000,1000,0,0,0,30,1.0668,False,50,0,0,0,5,30,1.3999971999999998,0,11.43,5,1000,1000,5,1.3999971999999998,1000,1000,False,10,3,50,5,1.3999971999999998,2.8575,1000,1,1,1,1,1,3003,8.3555197
0,Alusion Medium Cell,3003,0.5000,Alusion Medium Cell,2700.011337,600,0,False,False,Alusion Medium Cell,4000,1000,2000,1000,0,12.7,False,1000,True,1378.951456,False,1,0,0,1.3999971999999998,0.635,6.35,12.7,0,0,,,0,,True,False,False,False,False,False,True,300,True,3800,True,12,5,1.3999971999999998,273,0,0,40.64,350,True,3800,True,0,-1.7183580016554585,0,0,-0.7448031783150634,-1,-1,False,False,0,0,1,300,5,1,0.15,1000,False,3000,1000,0,0,0,30,1.016,False,50,0,0,0,5,30,1.3999971999999998,0,15.24,5,1000,1000,5,1.3999971999999998,1000,1000,False,10,3,50,5,1.3999971999999998,3.81,1000,1,1,1,1,1,3003,8.3555197
0,Alusion Medium Cell,3003,0.6250,Alusion Medium Cell,2700.011337,600,0,False,False,Alusion Medium Cell,4000,1000,2000,1000,0,15.875,False,1000,True,1378.951456,False,1,0,0,1.3999971999999998,0.635,6.35,12.7,0,0,,,0,,True,False,False,False,False,False,True,300,True,3800,True,25,10,1.3999971999999998,273,0,0,31.496,350,True,3800,True,0,-1.145762838175103,0,0,-0.7333459290514626,-1,-1,False,False,0,0,1,300,5,1,0.1875,1000,False,3000,1000,0,0,0,30,1.016,False,50,0,0,0,5,30,1.3999971999999998,0,19.05,5,1000,1000,5,1.3999971999999998,1000,1000,False,10,3,50,5,1.3999971999999998,4.7625,1000,1,1,1,1,1,3003,8.3555197
0,Alusion Medium Cell,3003,0.7500,Alusion Medium Cell,2700.011337,600,0,False,False,Alusion Medium Cell,4000,1000,2000,1000,0,19.049999999999997,False,1000,True,1378.951456,False,1,0,0,1.3999971999999998,0.635,6.35,12.7,0,0,,,0,,True,False,False,False,False,False,True,300,True,3800,True,25,10,1.3999971999999998,273,0,0,31.496,350,True,3800,True,0,-1.145762838175103,0,0,-0.7333459290514626,-1,-1,False,False,0,0,1,300,5,1,0.1875,1000,False,3000,1000,0,0,0,30,1.016,False,50,0,0,0,5,30,1.3999971999999998,0,19.05,5,1000,1000,5,1.3999971999999998,1000,1000,False,10,3,50,5,1.3999971999999998,4.7625,1000,1,1,1,1,1,3003,8.3555197
0,Alusion Medium Cell,3003,1.0000,Alusion Medium Cell,2700.011337,600,0,False,False,Alusion Medium Cell,4000,1000,2000,1000,0,25.4,False,1000,True,1378.951456,False,1,0,0,1.3999971999999998,0.7111999999999999,6.35,12.7,0,0,,,0,,True,False,False,False,False,False,True,300,True,3800,True,3,10,1.3999971999999998,273,0,0,18.287999999999997,350,True,3800,True,0,-0.8593722436446815,0,0,-0.3724173220168406,-1,-1,False,False,0,0,0.5,300,5,1,0.3,1000,False,3000,1000,0,0,0,30,1.1429999999999998,False,50,0,0,0,5,30,1.3999971999999998,0,30.48,5,1000,1000,5,1.3999971999999998,1000,1000,False,10,3,50,5,1.3999971999999998,7.62,1000,1,1,1,1,1,3003,8.3555197
0,Alusion Medium Cell,3003,1.2500,Alusion Medium Cell,2700.011337,600,0,False,False,Alusion Medium Cell,4000,1000,2000,1000,0,31.75,False,1000,True,1378.951456,False,1,0,0,1.3999971999999998,0.889,6.35,12.7,0,0,,,0,,True,False,False,False,False,False,True,300,True,3800,True,35,14,1.3999971999999998,273,0,0,14.224,350,True,3800,True,0,-0.5729386976834857,0,0,-0.36668798242515643,-1,-1,False,False,0,0,1,300,5,1,0.375,1000,False,3000,1000,0,0,0,30,1.016,False,50,0,0,0,5,30,1.3999971999999998,0,38.1,5,1000,1000,5,1.3999971999999998,1000,1000,False,10,3,50,5,1.3999971999999998,9.525,1000,1,1,1,1,1,3003,8.3555197
0,Alusion Medium Cell,3003,1.3750,Alusion Medium Cell,2700.011337,600,0,False,False,Alusion Medium Cell,4000,1000,2000,1000,0,34.925,False,1000,True,1378.951456,False,1,0,0,1.3999971999999998,0.5588,6.35,12.7,0,0,,,0,,True,False,False,False,False,False,True,300,True,3800,True,3,10,1.3999971999999998,273,0,0,18.287999999999997,350,True,3800,True,0,-0.8593722436446815,0,0,-0.3724173220168406,-1,-1,False,False,0,0,0.5,300,5,1,0.3,1000,False,3000,1000,0,0,0,30,1.1429999999999998,False,50,0,0,0,5,30,1.3999971999999998,0,30.48,5,1000,1000,5,1.3999971999999998,1000,1000,False,10,3,50,5,1.3999971999999998,7.62,1000,1,1,1,1,1,3003,8.3555197
0,Alusion Medium Cell,3003,1.5000,Alusion Medium Cell,2700.011337,600,0,False,False,Alusion Medium Cell,4000,1000,2000,1000,0,38.1,False,1000,True,1378.951456,False,1,0,0,1.3999971999999998,0.635,6.35,12.7,0,0,,,0,,True,False,False,False,False,False,True,300,True,3800,True,40,16,1.3999971999999998,273,0,0,11.43,350,True,3800,True,0,-0.47745377730957717,0,0,-0.3055745934585659,-1,-1,False,False,0,0,1,300,5,1,0.45,1000,False,3000,1000,0,0,0,30,1.016,False,50,0,0,0,5,30,1.3999971999999998,0,45.72,5,1000,1000,5,1.3999971999999998,1000,1000,False,10,3,50,5,1.3999971999999998,11.43,1000,1,1,1,1,1,3003,8.3555197
0,Alusion Medium Cell,3003,1.7500,Alusion Medium Cell,2700.011337,600,0,False,False,Alusion Medium Cell,4000,1000,2000,1000,0,44.45,False,1000,True,1378.951456,False,1,0,0,1.3999971999999998,0.2,6.35,12.7,0,0,,,0,,True,False,False,False,False,False,True,300,True,3800,True,45,18,1.3999971999999998,273,0,0,9.652,350,True,3800,True,0,-0.4092486080349386,0,0,-0.26192173895527376,-1,-1,False,False,0,0,1,300,5,1,0.525,1000,False,3000,1000,0,0,0,30,1.016,False,50,0,0,0,5,30,1.3999971999999998,0,53.34,5,1000,1000,5,1.3999971999999998,1000,1000,False,10,3,50,5,1.3999971999999998,13.335,1000,1,1,1,1,1,3003,8.3555197
0,Alusion Medium Cell,3003,2.0000,Alusion Medium Cell,2700.011337,600,0,False,False,Alusion Medium Cell,4000,1000,2000,1000,0,50.8,False,1000,True,1378.951456,False,1,0,0,1.3999971999999998,0.2,6.35,12.7,0,0,,,0,,True,False,False,False,False,False,True,300,True,3800,True,50,20,1.3999971999999998,273,0,0,8.128,350,True,3800,True,0,-0.4297102894010439,0,0,-0.30080007886327004,-1,-1,False,False,0,0,1,300,5,1,0.6,1000,False,3000,1000,0,0,0,30,1.016,False,50,0,0,0,5,30,1.3999971999999998,0,60.96,5,1000,1000,5,1.3999971999999998,1000,1000,False,10,3,50,5,1.3999971999999998,15.24,1000,1,1,1,1,1,3003,8.3555197
0,Alusion Medium Cell,3003,2.2500,Alusion Medium Cell,2700.011337,600,0,False,False,Alusion Medium Cell,4000,1000,2000,1000,0,57.15,False,1000,True,1378.951456,False,1,0,0,1.3999971999999998,0.2,6.35,12.7,0,0,,,0,,True,False,False,False,False,False,True,300,True,3800,True,50,20,1.3999971999999998,273,0,0,8.128,350,True,3800,True,0,-0.4297102894010439,0,0,-0.30080007886327004,-1,-1,False,False,0,0,1,300,5,1,0.6,1000,False,3000,1000,0,0,0,30,1.016,False,50,0,0,0,5,30,1.3999971999999998,0,60.96,5,1000,1000,5,1.3999971999999998,1000,1000,False,10,3,50,5,1.3999971999999998,15.24,1000,1,1,1,1,1,3003,8.3555197
0,Alusion Medium Cell,3003,2.5000,Alusion Medium Cell,2700.011337,600,0,False,False,Alusion Medium Cell,4000,1000,2000,1000,0,63.5,False,1000,True,1378.951456,False,1,0,0,1.3999971999999998,0.2,6.35,12.7,0,0,,,0,,True,False,False,False,False,False,True,300,True,3800,True,50,20,1.3999971999999998,273,0,0,8.128,350,True,3800,True,0,-0.4297102894010439,0,0,-0.30080007886327004,-1,-1,False,False,0,0,1,300,5,1,0.6,1000,False,3000,1000,0,0,0,30,1.016,False,50,0,0,0,5,30,1.3999971999999998,0,60.96,5,1000,1000,5,1.3999971999999998,1000,1000,False,10,3,50,5,1.3999971999999998,15.24,1000,1,1,1,1,1,3003,8.3555197
0,Alusion Medium Cell,3003,3.0000,Alusion Medium Cell,2700.011337,600,0,False,False,Alusion Medium Cell,4000,1000,2000,1000,0,76.19999999999999,False,1000,True,1378.951456,False,1,0,0,1.3999971999999998,0.2,6.35,12.7,0,0,,,0,,True,False,False,False,False,False,True,300,True,3800,True,50,20,1.3999971999999998,273,0,0,8.128,350,True,3800,True,0,-0.358093959323571,0,0,-0.2291818957541002,-1,-1,False,False,0,0,1,300,5,1,0.6,1000,False,3000,1000,0,0,0,30,1.016,False,50,0,0,0,5,30,1.3999971999999998,0,60.96,5,1000,1000,5,1.3999971999999998,1000,1000,False,10,3,50,5,1.3999971999999998,15.24,1000,1,1,1,1,1,3003,8.3555197
0,Alusion Medium Cell,3003,3.2500,Alusion Medium Cell,2700.011337,600,0,False,False,Alusion Medium Cell,4000,1000,2000,1000,0,82.55,False,1000,True,1378.951456,False,1,0,0,1.3999971999999998,0.2,6.35,12.7,0,0,,,0,,True,False,False,False,False,False,True,300,True,3800,True,50,20,1.3999971999999998,273,0,0,8.128,350,True,3800,True,0,-0.358093959323571,0,0,-0.2291818957541002,-1,-1,False,False,0,0,1,300,5,1,0.6,1000,False,3000,1000,0,0,0,30,1.016,False,50,0,0,0,5,30,1.3999971999999998,0,60.96,5,1000,1000,5,1.3999971999999998,1000,1000,False,10,3,50,5,1.3999971999999998,15.24,1000,1,1,1,1,1,3003,8.3555197
0,Alusion Medium Cell,3003,3.5000,Alusion Medium Cell,2700.011337,600,0,False,False,Alusion Medium Cell,4000,1000,2000,1000,0,88.89999999999999,False,1000,True,1378.951456,False,1,0,0,1.3999971999999998,0.2,6.35,12.7,0,0,,,0,,True,False,False,False,False,False,True,300,True,3800,True,50,20,1.3999971999999998,273,0,0,8.128,350,True,3800,True,0,-0.358093959323571,0,0,-0.2291818957541002,-1,-1,False,False,0,0,1,300,5,1,0.6,1000,False,3000,1000,0,0,0,30,1.016,False,50,0,0,0,5,30,1.3999971999999998,0,60.96,5,1000,1000,5,1.3999971999999998,1000,1000,False,10,3,50,5,1.3999971999999998,15.24,1000,1,1,1,1,1,3003,8.3555197
0,Alusion Medium Cell,3003,4.0000,Alusion Medium Cell,2700.011337,600,0,False,False,Alusion Medium Cell,4000,1000,2000,1000,0,101.6,False,1000,True,1378.951456,False,1,0,0,1.3999971999999998,0.2,6.35,12.7,0,0,,,0,,True,False,False,False,False,False,True,300,True,3800,True,50,20,1.3999971999999998,273,0,0,8.128,350,True,3800,True,0,-0.358093959323571,0,0,-0.2291818957541002,-1,-1,False,False,0,0,1,300,5,1,0.6,1000,False,3000,1000,0,0,0,30,1.016,False,50,0,0,0,5,30,1.3999971999999998,0,60.96,5,1000,1000,5,1.3999971999999998,1000,1000,False,10,3,50,5,1.3999971999999998,15.24,1000,1,1,1,1,1,3003,8.3555197
0,Alusion Medium Cell,3003,4.5000,Alusion Medium Cell,2700.011337,600,0,False,False,Alusion Medium Cell,4000,1000,2000,1000,0,114.3,False,1000,True,1378.951456,False,1,0,0,1.3999971999999998,0.2,6.35,12.7,0,0,,,0,,True,False,False,False,False,False,True,300,True,3800,True,50,20,1.3999971999999998,273,0,0,8.128,350,True,3800,True,0,-0.358093959323571,0,0,-0.2291818957541002,-1,-1,False,False,0,0,1,300,5,1,0.6,1000,False,3000,1000,0,0,0,30,1.016,False,50,0,0,0,5,30,1.3999971999999998,0,60.96,5,1000,1000,5,1.3999971999999998,1000,1000,False,10,3,50,5,1.3999971999999998,15.24,1000,1,1,1,1,1,3003,8.3555197
0,Alusion Medium Cell,3003,5.0000,Alusion Medium Cell,2700.011337,600,0,False,False,Alusion Medium Cell,4000,1000,2000,1000,0,127,False,1000,True,1378.951456,False,1,0,0,1.3999971999999998,0.2,6.35,12.7,0,0,,,0,,True,False,False,False,False,False,True,300,True,3800,True,50,20,1.3999971999999998,273,0,0,8.128,350,True,3800,True,0,-0.358093959323571,0,0,-0.2291818957541002,-1,-1,False,False,0,0,1,300,5,1,0.6,1000,False,3000,1000,0,0,0,30,1.016,False,50,0,0,0,5,30,1.3999971999999998,0,60.96,5,1000,1000,5,1.3999971999999998,1000,1000,False,10,3,50,5,1.3999971999999998,15.24,1000,1,1,1,1,1,3003,8.3555197
0,Alusion Medium Cell,5052,0.0150,Alusion Medium Cell,2700.011337,600,0,False,False,Alusion Medium Cell,4000,1000,2000,1000,0,0.38099999999999995,False,1000,True,1378.951456,False,1,0,0,1.3999971999999998,0.3048,6.35,12.7,0,0,,,0,,True,True,False,False,False,False,True,300,True,3800,True,1.5,1,1.3999971999999998,273,0,0,381,350,True,3800,True,0,-5.44033203100551,0,0,-3.6329507394882192,-1,-1,False,False,0,0,1,300,2,1,0.0189,2345,False,3000,1000,0,0,0,30,1.016,False,50,0,0,0,5,30,1.3999971999999998,0,1.92024,5,1000,1000,5,1.3999971999999998,1000,1000,False,10,3,50,5,1.3999971999999998,0.48006,1000,1,1,1,1,1,5052,8.3555197
0,Alusion Medium Cell,5052,0.0250,Alusion Medium Cell,2700.011337,600,0,False,False,Alusion Medium Cell,4000,1000,2000,1000,0,0.635,False,1000,True,1378.951456,False,1,0,0,1.3999971999999998,0.7619999999999999,6.35,12.7,0,0,,,0,,True,True,False,False,False,False,True,300,True,3800,True,1.5,1,1.3999971999999998,273,0,0,381,350,True,3800,True,0,-5.44033203100551,0,0,-3.6329507394882192,-1,-1,False,False,0,0,1,300,2,1,0.0189,2345,False,3000,1000,0,0,0,30,1.016,False,50,0,0,0,5,30,1.3999971999999998,0,1.92024,5,1000,1000,5,1.3999971999999998,1000,1000,False,10,3,50,5,1.3999971999999998,0.48006,1000,1,1,1,1,1,5052,8.3555197
0,Alusion Medium Cell,5052,0.0400,Alusion Medium Cell,2700.011337,600,0,False,False,Alusion Medium Cell,4000,1000,2000,1000,0,1.016,False,1000,True,1378.951456,False,1,0,0,1.3999971999999998,0.5588,6.35,12.7,0,0,,,0,,True,True,False,False,False,False,True,300,True,3800,True,1.5,1,1.3999971999999998,273,0,0,381,350,True,3800,True,0,-5.44033203100551,0,0,-3.6329507394882192,-1,-1,False,False,0,0,1,300,2,1,0.0189,2345,False,3000,1000,0,0,0,30,1.016,False,50,0,0,0,5,30,1.3999971999999998,0,1.92024,5,1000,1000,5,1.3999971999999998,1000,1000,False,10,3,50,5,1.3999971999999998,0.48006,1000,1,1,1,1,1,5052,8.3555197
0,Alusion Medium Cell,5052,0.0630,Alusion Medium Cell,2700.011337,600,0,False,False,Alusion Medium Cell,4000,1000,2000,1000,0,1.6002,False,1000,True,1378.951456,False,1,0,0,1.3999971999999998,0.635,6.35,12.7,0,0,,,0,,True,True,False,False,False,False,True,300,True,3800,True,1.5,1,1.3999971999999998,273,0,0,381,350,True,3800,True,0,-5.44033203100551,0,0,-3.6329507394882192,-1,-1,False,False,0,0,1,300,2,1,0.0189,2345,False,3000,1000,0,0,0,30,1.016,False,50,0,0,0,5,30,1.3999971999999998,0,1.92024,5,1000,1000,5,1.3999971999999998,1000,1000,False,10,3,50,5,1.3999971999999998,0.48006,1000,1,1,1,1,1,5052,8.3555197
0,Alusion Medium Cell,5052,0.0650,Alusion Medium Cell,2700.011337,600,0,False,False,Alusion Medium Cell,4000,1000,2000,1000,0,1.651,False,1000,True,1378.951456,False,1,0,0,1.3999971999999998,0.508,6.35,12.7,0,0,,,0,,True,False,False,False,False,False,True,300,True,3800,True,3,1,1.3999971999999998,273,0,0,200.66,350,True,3800,True,0,-5.710593137499642,0,0,-3.6619355755198,-1,-1,False,False,0,0,1,300,5,1,0.0375,1000,False,3000,1000,0,0,0,30,1.016,False,50,0,0,0,5,30,1.3999971999999998,0,3.81,5,1000,1000,5,1.3999971999999998,1000,1000,False,10,3,50,5,1.3999971999999998,0.9525,1000,1,1,1,1,1,5052,8.3555197
0,Alusion Medium Cell,5052,0.0800,Alusion Medium Cell,2700.011337,600,0,False,False,Alusion Medium Cell,4000,1000,2000,1000,0,2.032,False,1000,True,1378.951456,False,1,0,0,1.3999971999999998,0.7619999999999999,6.35,12.7,0,0,,,0,,True,False,False,False,False,False,True,300,True,3800,True,1.5,1,1.3999971999999998,273,0,0,381,350,True,3800,True,0,-5.44033203100551,0,0,-3.6329507394882192,-1,-1,False,False,0,0,1,300,2,1,0.0189,2345,False,3000,1000,0,0,0,30,1.016,False,50,0,0,0,5,30,1.3999971999999998,0,1.92024,5,1000,1000,5,1.3999971999999998,1000,1000,False,10,3,50,5,1.3999971999999998,0.48006,1000,1,1,1,1,1,5052,8.3555197
0,Alusion Medium Cell,5052,0.1000,Alusion Medium Cell,2700.011337,600,0,False,False,Alusion Medium Cell,4000,1000,2000,1000,0,2.54,False,1000,True,1378.951456,False,1,0,0,1.3999971999999998,0.7111999999999999,6.35,12.7,0,0,,,0,,True,False,False,False,False,False,True,300,True,3800,True,3,1,1.3999971999999998,273,0,0,200.66,350,True,3800,True,0,-5.710593137499642,0,0,-3.6619355755198,-1,-1,False,False,0,0,1,300,5,1,0.0375,1000,False,3000,1000,0,0,0,30,1.016,False,50,0,0,0,5,30,1.3999971999999998,0,3.81,5,1000,1000,5,1.3999971999999998,1000,1000,False,10,3,50,5,1.3999971999999998,0.9525,1000,1,1,1,1,1,5052,8.3555197
0,Alusion Medium Cell,5052,0.1250,Alusion Medium Cell,2700.011337,600,0,False,False,Alusion Medium Cell,4000,1000,2000,1000,0,3.175,False,1000,True,1378.951456,False,1,0,0,1.3999971999999998,0.7111999999999999,6.35,12.7,0,0,,,0,,True,False,False,False,False,False,True,300,True,3800,True,3,1,1.3999971999999998,273,0,0,200.66,350,True,3800,True,0,-5.710593137499642,0,0,-3.6619355755198,-1,-1,False,False,0,0,1,300,5,1,0.0375,1000,False,3000,1000,0,0,0,30,1.016,False,50,0,0,0,5,30,1.3999971999999998,0,3.81,5,1000,1000,5,1.3999971999999998,1000,1000,False,10,3,50,5,1.3999971999999998,0.9525,1000,1,1,1,1,1,5052,8.3555197
0,Alusion Medium Cell,5052,0.1400,Alusion Medium Cell,2700.011337,600,0,False,False,Alusion Medium Cell,4000,1000,2000,1000,0,3.556,False,1000,True,1378.951456,False,1,0,0,1.3999971999999998,0.45719999999999994,6.35,12.7,0,0,,,0,,True,False,False,False,False,False,True,300,True,3800,True,3,1,1.3999971999999998,273,0,0,200.66,350,True,3800,True,0,-5.710593137499642,0,0,-3.6619355755198,-1,-1,False,False,0,0,1,300,5,1,0.0375,1000,False,3000,1000,0,0,0,30,1.016,False,50,0,0,0,5,30,1.3999971999999998,0,3.81,5,1000,1000,5,1.3999971999999998,1000,1000,False,10,3,50,5,1.3999971999999998,0.9525,1000,1,1,1,1,1,5052,8.3555197
0,Alusion Medium Cell,5052,0.1600,Alusion Medium Cell,2700.011337,600,0,False,False,Alusion Medium Cell,4000,1000,2000,1000,0,4.064,False,1000,True,1378.951456,False,1,0,0,1.3999971999999998,0.45719999999999994,6.35,12.7,0,0,,,0,,True,False,False,False,False,False,True,300,True,3800,True,3,1,1.3999971999999998,273,0,0,200.66,350,True,3800,True,0,-5.710593137499642,0,0,-3.6619355755198,-1,-1,False,False,0,0,1,300,5,1,0.0375,1000,False,3000,1000,0,0,0,30,1.016,False,50,0,0,0,5,30,1.3999971999999998,0,3.81,5,1000,1000,5,1.3999971999999998,1000,1000,False,10,3,50,5,1.3999971999999998,0.9525,1000,1,1,1,1,1,5052,8.3555197
0,Alusion Medium Cell,5052,0.1870,Alusion Medium Cell,2700.011337,600,0,False,False,Alusion Medium Cell,4000,1000,2000,1000,0,4.7498,False,1000,True,1378.951456,False,1,0,0,1.3999971999999998,0.7111999999999999,6.35,12.7,0,0,,,0,,True,False,False,False,False,False,True,300,True,3800,True,4,2,1.3999971999999998,273,0,0,127,350,True,3800,True,0,-4.281536235070608,0,0,-2.449662620127041,-1,-1,False,False,0,0,1,914.4,5,1,0.0561,1000,False,3000,1000,0,0,0,30,1.016,False,50,0,0,0,5,30,1.3999971999999998,0,5.69976,5,1000,1000,5,1.3999971999999998,1000,1000,False,10,3,50,5,1.3999971999999998,1.42494,1000,1,1,1,1,1,5052,8.3555197
0,Alusion Medium Cell,5052,0.2500,Alusion Medium Cell,2700.011337,600,0,False,False,Alusion Medium Cell,4000,1000,2000,1000,0,6.35,False,1000,True,1378.951456,False,1,0,0,1.3999971999999998,0.7111999999999999,6.35,12.7,0,0,,,0,,True,False,False,False,False,False,True,300,True,3800,True,3,1,1.3999971999999998,273,0,0,90.42399999999999,350,True,3800,True,0,-2.5193892912062745,0,0,-1.2603038465035852,-1,-1,False,False,0,0,1,300,5,1,0.075,1000,False,3000,1000,0,0,0,30,1.016,False,50,0,0,0,5,30,1.3999971999999998,0,7.62,5,1000,1000,5,1.3999971999999998,1000,1000,False,10,3,50,5,1.3999971999999998,1.905,1000,1,1,1,1,1,5052,8.3555197
0,Alusion Medium Cell,5052,0.3130,Alusion Medium Cell,2700.011337,600,0,False,False,Alusion Medium Cell,4000,1000,2000,1000,0,7.9502,False,1000,True,1378.951456,False,1,0,0,1.3999971999999998,0.635,6.35,12.7,0,0,,,0,,True,False,False,False,False,False,True,300,True,3800,True,8,3,1.3999971999999998,273,0,0,69.85,350,True,3800,True,0,-2.2869548095007075,0,0,-1.4641101061676423,-1,-1,False,False,0,0,1,300,5,1,0.0939,1000,False,3000,1000,0,0,0,30,1.016,False,50,0,0,0,5,30,1.3999971999999998,0,9.54024,5,1000,1000,5,1.3999971999999998,1000,1000,False,10,3,50,5,1.3999971999999998,2.38506,1000,1,1,1,1,1,5052,8.3555197
0,Alusion Medium Cell,5052,0.3750,Alusion Medium Cell,2700.011337,600,0,False,False,Alusion Medium Cell,4000,1000,2000,1000,0,9.525,False,1000,True,1378.951456,False,1,0,0,1.3999971999999998,0.7111999999999999,6.35,12.7,0,0,,,0,,True,False,False,False,False,False,True,300,True,3800,True,3,3,1.3999971999999998,273,0,0,56.641999999999996,350,True,3800,True,0,-1.680194404927422,0,0,-0.9166542563852882,-1,-1,False,False,0,0,1,300,5,1,0.1125,1000,False,3000,1000,0,0,0,30,1.0668,False,50,0,0,0,5,30,1.3999971999999998,0,11.43,5,1000,1000,5,1.3999971999999998,1000,1000,False,10,3,50,5,1.3999971999999998,2.8575,1000,1,1,1,1,1,5052,8.3555197
0,Alusion Medium Cell,5052,0.5000,Alusion Medium Cell,2700.011337,600,0,False,False,Alusion Medium Cell,4000,1000,2000,1000,0,12.7,False,1000,True,1378.951456,False,1,0,0,1.3999971999999998,0.635,6.35,12.7,0,0,,,0,,True,False,False,False,False,False,True,300,True,3800,True,12,5,1.3999971999999998,273,0,0,40.64,350,True,3800,True,0,-1.7183580016554585,0,0,-0.7448031783150634,-1,-1,False,False,0,0,1,300,5,1,0.15,1000,False,3000,1000,0,0,0,30,1.016,False,50,0,0,0,5,30,1.3999971999999998,0,15.24,5,1000,1000,5,1.3999971999999998,1000,1000,False,10,3,50,5,1.3999971999999998,3.81,1000,1,1,1,1,1,5052,8.3555197
0,Alusion Medium Cell,5052,0.6250,Alusion Medium Cell,2700.011337,600,0,False,False,Alusion Medium Cell,4000,1000,2000,1000,0,15.875,False,1000,True,1378.951456,False,1,0,0,1.3999971999999998,0.635,6.35,12.7,0,0,,,0,,True,False,False,False,False,False,True,300,True,3800,True,25,10,1.3999971999999998,273,0,0,31.496,350,True,3800,True,0,-1.145762838175103,0,0,-0.7333459290514626,-1,-1,False,False,0,0,1,300,5,1,0.1875,1000,False,3000,1000,0,0,0,30,1.016,False,50,0,0,0,5,30,1.3999971999999998,0,19.05,5,1000,1000,5,1.3999971999999998,1000,1000,False,10,3,50,5,1.3999971999999998,4.7625,1000,1,1,1,1,1,5052,8.3555197
0,Alusion Medium Cell,5052,0.7500,Alusion Medium Cell,2700.011337,600,0,False,False,Alusion Medium Cell,4000,1000,2000,1000,0,19.049999999999997,False,1000,True,1378.951456,False,1,0,0,1.3999971999999998,0.635,6.35,12.7,0,0,,,0,,True,False,False,False,False,False,True,300,True,3800,True,25,10,1.3999971999999998,273,0,0,31.496,350,True,3800,True,0,-1.145762838175103,0,0,-0.7333459290514626,-1,-1,False,False,0,0,1,300,5,1,0.1875,1000,False,3000,1000,0,0,0,30,1.016,False,50,0,0,0,5,30,1.3999971999999998,0,19.05,5,1000,1000,5,1.3999971999999998,1000,1000,False,10,3,50,5,1.3999971999999998,4.7625,1000,1,1,1,1,1,5052,8.3555197
0,Alusion Medium Cell,5052,1.0000,Alusion Medium Cell,2700.011337,600,0,False,False,Alusion Medium Cell,4000,1000,2000,1000,0,25.4,False,1000,True,1378.951456,False,1,0,0,1.3999971999999998,0.7111999999999999,6.35,12.7,0,0,,,0,,True,False,False,False,False,False,True,300,True,3800,True,3,10,1.3999971999999998,273,0,0,18.287999999999997,350,True,3800,True,0,-0.8593722436446815,0,0,-0.3724173220168406,-1,-1,False,False,0,0,0.5,300,5,1,0.3,1000,False,3000,1000,0,0,0,30,1.1429999999999998,False,50,0,0,0,5,30,1.3999971999999998,0,30.48,5,1000,1000,5,1.3999971999999998,1000,1000,False,10,3,50,5,1.3999971999999998,7.62,1000,1,1,1,1,1,5052,8.3555197
0,Alusion Medium Cell,5052,1.2500,Alusion Medium Cell,2700.011337,600,0,False,False,Alusion Medium Cell,4000,1000,2000,1000,0,31.75,False,1000,True,1378.951456,False,1,0,0,1.3999971999999998,0.889,6.35,12.7,0,0,,,0,,True,False,False,False,False,False,True,300,True,3800,True,35,14,1.3999971999999998,273,0,0,14.224,350,True,3800,True,0,-0.5729386976834857,0,0,-0.36668798242515643,-1,-1,False,False,0,0,1,300,5,1,0.375,1000,False,3000,1000,0,0,0,30,1.016,False,50,0,0,0,5,30,1.3999971999999998,0,38.1,5,1000,1000,5,1.3999971999999998,1000,1000,False,10,3,50,5,1.3999971999999998,9.525,1000,1,1,1,1,1,5052,8.3555197
0,Alusion Medium Cell,5052,1.3750,Alusion Medium Cell,2700.011337,600,0,False,False,Alusion Medium Cell,4000,1000,2000,1000,0,34.925,False,1000,True,1378.951456,False,1,0,0,1.3999971999999998,0.5588,6.35,12.7,0,0,,,0,,True,False,False,False,False,False,True,300,True,3800,True,3,10,1.3999971999999998,273,0,0,18.287999999999997,350,True,3800,True,0,-0.8593722436446815,0,0,-0.3724173220168406,-1,-1,False,False,0,0,0.5,300,5,1,0.3,1000,False,3000,1000,0,0,0,30,1.1429999999999998,False,50,0,0,0,5,30,1.3999971999999998,0,30.48,5,1000,1000,5,1.3999971999999998,1000,1000,False,10,3,50,5,1.3999971999999998,7.62,1000,1,1,1,1,1,5052,8.3555197
0,Alusion Medium Cell,5052,1.5000,Alusion Medium Cell,2700.011337,600,0,False,False,Alusion Medium Cell,4000,1000,2000,1000,0,38.1,False,1000,True,1378.951456,False,1,0,0,1.3999971999999998,0.635,6.35,12.7,0,0,,,0,,True,False,False,False,False,False,True,300,True,3800,True,40,16,1.3999971999999998,273,0,0,11.43,350,True,3800,True,0,-0.47745377730957717,0,0,-0.3055745934585659,-1,-1,False,False,0,0,1,300,5,1,0.45,1000,False,3000,1000,0,0,0,30,1.016,False,50,0,0,0,5,30,1.3999971999999998,0,45.72,5,1000,1000,5,1.3999971999999998,1000,1000,False,10,3,50,5,1.3999971999999998,11.43,1000,1,1,1,1,1,5052,8.3555197
0,Alusion Medium Cell,5052,1.7500,Alusion Medium Cell,2700.011337,600,0,False,False,Alusion Medium Cell,4000,1000,2000,1000,0,44.45,False,1000,True,1378.951456,False,1,0,0,1.3999971999999998,0.2,6.35,12.7,0,0,,,0,,True,False,False,False,False,False,True,300,True,3800,True,45,18,1.3999971999999998,273,0,0,9.652,350,True,3800,True,0,-0.4092486080349386,0,0,-0.26192173895527376,-1,-1,False,False,0,0,1,300,5,1,0.525,1000,False,3000,1000,0,0,0,30,1.016,False,50,0,0,0,5,30,1.3999971999999998,0,53.34,5,1000,1000,5,1.3999971999999998,1000,1000,False,10,3,50,5,1.3999971999999998,13.335,1000,1,1,1,1,1,5052,8.3555197
0,Alusion Medium Cell,5052,2.0000,Alusion Medium Cell,2700.011337,600,0,False,False,Alusion Medium Cell,4000,1000,2000,1000,0,50.8,False,1000,True,1378.951456,False,1,0,0,1.3999971999999998,0.2,6.35,12.7,0,0,,,0,,True,False,False,False,False,False,True,300,True,3800,True,50,20,1.3999971999999998,273,0,0,8.128,350,True,3800,True,0,-0.4297102894010439,0,0,-0.30080007886327004,-1,-1,False,False,0,0,1,300,5,1,0.6,1000,False,3000,1000,0,0,0,30,1.016,False,50,0,0,0,5,30,1.3999971999999998,0,60.96,5,1000,1000,5,1.3999971999999998,1000,1000,False,10,3,50,5,1.3999971999999998,15.24,1000,1,1,1,1,1,5052,8.3555197
0,Alusion Medium Cell,5052,2.2500,Alusion Medium Cell,2700.011337,600,0,False,False,Alusion Medium Cell,4000,1000,2000,1000,0,57.15,False,1000,True,1378.951456,False,1,0,0,1.3999971999999998,0.2,6.35,12.7,0,0,,,0,,True,False,False,False,False,False,True,300,True,3800,True,50,20,1.3999971999999998,273,0,0,8.128,350,True,3800,True,0,-0.4297102894010439,0,0,-0.30080007886327004,-1,-1,False,False,0,0,1,300,5,1,0.6,1000,False,3000,1000,0,0,0,30,1.016,False,50,0,0,0,5,30,1.3999971999999998,0,60.96,5,1000,1000,5,1.3999971999999998,1000,1000,False,10,3,50,5,1.3999971999999998,15.24,1000,1,1,1,1,1,5052,8.3555197
0,Alusion Medium Cell,5052,2.5000,Alusion Medium Cell,2700.011337,600,0,False,False,Alusion Medium Cell,4000,1000,2000,1000,0,63.5,False,1000,True,1378.951456,False,1,0,0,1.3999971999999998,0.2,6.35,12.7,0,0,,,0,,True,False,False,False,False,False,True,300,True,3800,True,50,20,1.3999971999999998,273,0,0,8.128,350,True,3800,True,0,-0.4297102894010439,0,0,-0.30080007886327004,-1,-1,False,False,0,0,1,300,5,1,0.6,1000,False,3000,1000,0,0,0,30,1.016,False,50,0,0,0,5,30,1.3999971999999998,0,60.96,5,1000,1000,5,1.3999971999999998,1000,1000,False,10,3,50,5,1.3999971999999998,15.24,1000,1,1,1,1,1,5052,8.3555197
0,Alusion Medium Cell,5052,3.0000,Alusion Medium Cell,2700.011337,600,0,False,False,Alusion Medium Cell,4000,1000,2000,1000,0,76.19999999999999,False,1000,True,1378.951456,False,1,0,0,1.3999971999999998,0.2,6.35,12.7,0,0,,,0,,True,False,False,False,False,False,True,300,True,3800,True,50,20,1.3999971999999998,273,0,0,8.128,350,True,3800,True,0,-0.358093959323571,0,0,-0.2291818957541002,-1,-1,False,False,0,0,1,300,5,1,0.6,1000,False,3000,1000,0,0,0,30,1.016,False,50,0,0,0,5,30,1.3999971999999998,0,60.96,5,1000,1000,5,1.3999971999999998,1000,1000,False,10,3,50,5,1.3999971999999998,15.24,1000,1,1,1,1,1,5052,8.3555197
0,Alusion Medium Cell,5052,3.2500,Alusion Medium Cell,2700.011337,600,0,False,False,Alusion Medium Cell,4000,1000,2000,1000,0,82.55,False,1000,True,1378.951456,False,1,0,0,1.3999971999999998,0.2,6.35,12.7,0,0,,,0,,True,False,False,False,False,False,True,300,True,3800,True,50,20,1.3999971999999998,273,0,0,8.128,350,True,3800,True,0,-0.358093959323571,0,0,-0.2291818957541002,-1,-1,False,False,0,0,1,300,5,1,0.6,1000,False,3000,1000,0,0,0,30,1.016,False,50,0,0,0,5,30,1.3999971999999998,0,60.96,5,1000,1000,5,1.3999971999999998,1000,1000,False,10,3,50,5,1.3999971999999998,15.24,1000,1,1,1,1,1,5052,8.3555197
0,Alusion Medium Cell,5052,3.5000,Alusion Medium Cell,2700.011337,600,0,False,False,Alusion Medium Cell,4000,1000,2000,1000,0,88.89999999999999,False,1000,True,1378.951456,False,1,0,0,1.3999971999999998,0.2,6.35,12.7,0,0,,,0,,True,False,False,False,False,False,True,300,True,3800,True,50,20,1.3999971999999998,273,0,0,8.128,350,True,3800,True,0,-0.358093959323571,0,0,-0.2291818957541002,-1,-1,False,False,0,0,1,300,5,1,0.6,1000,False,3000,1000,0,0,0,30,1.016,False,50,0,0,0,5,30,1.3999971999999998,0,60.96,5,1000,1000,5,1.3999971999999998,1000,1000,False,10,3,50,5,1.3999971999999998,15.24,1000,1,1,1,1,1,5052,8.3555197
0,Alusion Medium Cell,5052,4.0000,Alusion Medium Cell,2700.011337,600,0,False,False,Alusion Medium Cell,4000,1000,2000,1000,0,101.6,False,1000,True,1378.951456,False,1,0,0,1.3999971999999998,0.2,6.35,12.7,0,0,,,0,,True,False,False,False,False,False,True,300,True,3800,True,50,20,1.3999971999999998,273,0,0,8.128,350,True,3800,True,0,-0.358093959323571,0,0,-0.2291818957541002,-1,-1,False,False,0,0,1,300,5,1,0.6,1000,False,3000,1000,0,0,0,30,1.016,False,50,0,0,0,5,30,1.3999971999999998,0,60.96,5,1000,1000,5,1.3999971999999998,1000,1000,False,10,3,50,5,1.3999971999999998,15.24,1000,1,1,1,1,1,5052,8.3555197
0,Alusion Medium Cell,5052,4.5000,Alusion Medium Cell,2700.011337,600,0,False,False,Alusion Medium Cell,4000,1000,2000,1000,0,114.3,False,1000,True,1378.951456,False,1,0,0,1.3999971999999998,0.2,6.35,12.7,0,0,,,0,,True,False,False,False,False,False,True,300,True,3800,True,50,20,1.3999971999999998,273,0,0,8.128,350,True,3800,True,0,-0.358093959323571,0,0,-0.2291818957541002,-1,-1,False,False,0,0,1,300,5,1,0.6,1000,False,3000,1000,0,0,0,30,1.016,False,50,0,0,0,5,30,1.3999971999999998,0,60.96,5,1000,1000,5,1.3999971999999998,1000,1000,False,10,3,50,5,1.3999971999999998,15.24,1000,1,1,1,1,1,5052,8.3555197
0,Alusion Medium Cell,5052,5.0000,Alusion Medium Cell,2700.011337,600,0,False,False,Alusion Medium Cell,4000,1000,2000,1000,0,127,False,1000,True,1378.951456,False,1,0,0,1.3999971999999998,0.2,6.35,12.7,0,0,,,0,,True,False,False,False,False,False,True,300,True,3800,True,50,20,1.3999971999999998,273,0,0,8.128,350,True,3800,True,0,-0.358093959323571,0,0,-0.2291818957541002,-1,-1,False,False,0,0,1,300,5,1,0.6,1000,False,3000,1000,0,0,0,30,1.016,False,50,0,0,0,5,30,1.3999971999999998,0,60.96,5,1000,1000,5,1.3999971999999998,1000,1000,False,10,3,50,5,1.3999971999999998,15.24,1000,1,1,1,1,1,5052,8.3555197
0,Alusion Medium Cell,6061 T6,0.0150,Alusion Medium Cell,2700.011337,600,0,False,False,Alusion Medium Cell,4000,1000,2000,1000,0,0.38099999999999995,False,1000,True,1378.951456,False,1,0,0,1.3999971999999998,0.3048,6.35,12.7,0,0,,,0,,True,True,False,False,False,False,True,300,True,3800,True,1.5,1,1.3999971999999998,273,0,0,381,350,True,3800,True,0,-5.44033203100551,0,0,-3.6329507394882192,-1,-1,False,False,0,0,1,300,2,1,0.0189,2345,False,3000,1000,0,0,0,30,1.016,False,50,0,0,0,5,30,1.3999971999999998,0,1.92024,5,1000,1000,5,1.3999971999999998,1000,1000,False,10,3,50,5,1.3999971999999998,0.48006,1000,1,1,1,1,1,6061 T6,8.3555197
0,Alusion Medium Cell,6061 T6,0.0250,Alusion Medium Cell,2700.011337,600,0,False,False,Alusion Medium Cell,4000,1000,2000,1000,0,0.635,False,1000,True,1378.951456,False,1,0,0,1.3999971999999998,0.7619999999999999,6.35,12.7,0,0,,,0,,True,True,False,False,False,False,True,300,True,3800,True,1.5,1,1.3999971999999998,273,0,0,381,350,True,3800,True,0,-5.44033203100551,0,0,-3.6329507394882192,-1,-1,False,False,0,0,1,300,2,1,0.0189,2345,False,3000,1000,0,0,0,30,1.016,False,50,0,0,0,5,30,1.3999971999999998,0,1.92024,5,1000,1000,5,1.3999971999999998,1000,1000,False,10,3,50,5,1.3999971999999998,0.48006,1000,1,1,1,1,1,6061 T6,8.3555197
0,Alusion Medium Cell,6061 T6,0.0400,Alusion Medium Cell,2700.011337,600,0,False,False,Alusion Medium Cell,4000,1000,2000,1000,0,1.016,False,1000,True,1378.951456,False,1,0,0,1.3999971999999998,0.5588,6.35,12.7,0,0,,,0,,True,True,False,False,False,False,True,300,True,3800,True,1.5,1,1.3999971999999998,273,0,0,381,350,True,3800,True,0,-5.44033203100551,0,0,-3.6329507394882192,-1,-1,False,False,0,0,1,300,2,1,0.0189,2345,False,3000,1000,0,0,0,30,1.016,False,50,0,0,0,5,30,1.3999971999999998,0,1.92024,5,1000,1000,5,1.3999971999999998,1000,1000,False,10,3,50,5,1.3999971999999998,0.48006,1000,1,1,1,1,1,6061 T6,8.3555197
0,Alusion Medium Cell,6061 T6,0.0630,Alusion Medium Cell,2700.011337,600,0,False,False,Alusion Medium Cell,4000,1000,2000,1000,0,1.6002,False,1000,True,1378.951456,False,1,0,0,1.3999971999999998,0.635,6.35,12.7,0,0,,,0,,True,True,False,False,False,False,True,300,True,3800,True,1.5,1,1.3999971999999998,273,0,0,381,350,True,3800,True,0,-5.44033203100551,0,0,-3.6329507394882192,-1,-1,False,False,0,0,1,300,2,1,0.0189,2345,False,3000,1000,0,0,0,30,1.016,False,50,0,0,0,5,30,1.3999971999999998,0,1.92024,5,1000,1000,5,1.3999971999999998,1000,1000,False,10,3,50,5,1.3999971999999998,0.48006,1000,1,1,1,1,1,6061 T6,8.3555197
0,Alusion Medium Cell,6061 T6,0.0650,Alusion Medium Cell,2700.011337,600,0,False,False,Alusion Medium Cell,4000,1000,2000,1000,0,1.651,False,1000,True,1378.951456,False,1,0,0,1.3999971999999998,0.508,6.35,12.7,0,0,,,0,,True,False,False,False,False,False,True,300,True,3800,True,3,1,1.3999971999999998,273,0,0,200.66,350,True,3800,True,0,-5.710593137499642,0,0,-3.6619355755198,-1,-1,False,False,0,0,1,300,5,1,0.0375,1000,False,3000,1000,0,0,0,30,1.016,False,50,0,0,0,5,30,1.3999971999999998,0,3.81,5,1000,1000,5,1.3999971999999998,1000,1000,False,10,3,50,5,1.3999971999999998,0.9525,1000,1,1,1,1,1,6061 T6,8.3555197
0,Alusion Medium Cell,6061 T6,0.0800,Alusion Medium Cell,2700.011337,600,0,False,False,Alusion Medium Cell,4000,1000,2000,1000,0,2.032,False,1000,True,1378.951456,False,1,0,0,1.3999971999999998,0.7619999999999999,6.35,12.7,0,0,,,0,,True,False,False,False,False,False,True,300,True,3800,True,1.5,1,1.3999971999999998,273,0,0,381,350,True,3800,True,0,-5.44033203100551,0,0,-3.6329507394882192,-1,-1,False,False,0,0,1,300,2,1,0.0189,2345,False,3000,1000,0,0,0,30,1.016,False,50,0,0,0,5,30,1.3999971999999998,0,1.92024,5,1000,1000,5,1.3999971999999998,1000,1000,False,10,3,50,5,1.3999971999999998,0.48006,1000,1,1,1,1,1,6061 T6,8.3555197
0,Alusion Medium Cell,6061 T6,0.1000,Alusion Medium Cell,2700.011337,600,0,False,False,Alusion Medium Cell,4000,1000,2000,1000,0,2.54,False,1000,True,1378.951456,False,1,0,0,1.3999971999999998,0.7111999999999999,6.35,12.7,0,0,,,0,,True,False,False,False,False,False,True,300,True,3800,True,3,1,1.3999971999999998,273,0,0,200.66,350,True,3800,True,0,-5.710593137499642,0,0,-3.6619355755198,-1,-1,False,False,0,0,1,300,5,1,0.0375,1000,False,3000,1000,0,0,0,30,1.016,False,50,0,0,0,5,30,1.3999971999999998,0,3.81,5,1000,1000,5,1.3999971999999998,1000,1000,False,10,3,50,5,1.3999971999999998,0.9525,1000,1,1,1,1,1,6061 T6,8.3555197
0,Alusion Medium Cell,6061 T6,0.1250,Alusion Medium Cell,2700.011337,600,0,False,False,Alusion Medium Cell,4000,1000,2000,1000,0,3.175,False,1000,True,1378.951456,False,1,0,0,1.3999971999999998,0.7111999999999999,6.35,12.7,0,0,,,0,,True,False,False,False,False,False,True,300,True,3800,True,3,1,1.3999971999999998,273,0,0,200.66,350,True,3800,True,0,-5.710593137499642,0,0,-3.6619355755198,-1,-1,False,False,0,0,1,300,5,1,0.0375,1000,False,3000,1000,0,0,0,30,1.016,False,50,0,0,0,5,30,1.3999971999999998,0,3.81,5,1000,1000,5,1.3999971999999998,1000,1000,False,10,3,50,5,1.3999971999999998,0.9525,1000,1,1,1,1,1,6061 T6,8.3555197
0,Alusion Medium Cell,6061 T6,0.1400,Alusion Medium Cell,2700.011337,600,0,False,False,Alusion Medium Cell,4000,1000,2000,1000,0,3.556,False,1000,True,1378.951456,False,1,0,0,1.3999971999999998,0.45719999999999994,6.35,12.7,0,0,,,0,,True,False,False,False,False,False,True,300,True,3800,True,3,1,1.3999971999999998,273,0,0,200.66,350,True,3800,True,0,-5.710593137499642,0,0,-3.6619355755198,-1,-1,False,False,0,0,1,300,5,1,0.0375,1000,False,3000,1000,0,0,0,30,1.016,False,50,0,0,0,5,30,1.3999971999999998,0,3.81,5,1000,1000,5,1.3999971999999998,1000,1000,False,10,3,50,5,1.3999971999999998,0.9525,1000,1,1,1,1,1,6061 T6,8.3555197
0,Alusion Medium Cell,6061 T6,0.1600,Alusion Medium Cell,2700.011337,600,0,False,False,Alusion Medium Cell,4000,1000,2000,1000,0,4.064,False,1000,True,1378.951456,False,1,0,0,1.3999971999999998,0.45719999999999994,6.35,12.7,0,0,,,0,,True,False,False,False,False,False,True,300,True,3800,True,3,1,1.3999971999999998,273,0,0,200.66,350,True,3800,True,0,-5.710593137499642,0,0,-3.6619355755198,-1,-1,False,False,0,0,1,300,5,1,0.0375,1000,False,3000,1000,0,0,0,30,1.016,False,50,0,0,0,5,30,1.3999971999999998,0,3.81,5,1000,1000,5,1.3999971999999998,1000,1000,False,10,3,50,5,1.3999971999999998,0.9525,1000,1,1,1,1,1,6061 T6,8.3555197
0,Alusion Medium Cell,6061 T6,0.1870,Alusion Medium Cell,2700.011337,600,0,False,False,Alusion Medium Cell,4000,1000,2000,1000,0,4.7498,False,1000,True,1378.951456,False,1,0,0,1.3999971999999998,0.7111999999999999,6.35,12.7,0,0,,,0,,True,False,False,False,False,False,True,300,True,3800,True,4,2,1.3999971999999998,273,0,0,127,350,True,3800,True,0,-4.281536235070608,0,0,-2.449662620127041,-1,-1,False,False,0,0,1,914.4,5,1,0.0561,1000,False,3000,1000,0,0,0,30,1.016,False,50,0,0,0,5,30,1.3999971999999998,0,5.69976,5,1000,1000,5,1.3999971999999998,1000,1000,False,10,3,50,5,1.3999971999999998,1.42494,1000,1,1,1,1,1,6061 T6,8.3555197
0,Alusion Medium Cell,6061 T6,0.2500,Alusion Medium Cell,2700.011337,600,0,False,False,Alusion Medium Cell,4000,1000,2000,1000,0,6.35,False,1000,True,1378.951456,False,1,0,0,1.3999971999999998,0.7111999999999999,6.35,12.7,0,0,,,0,,True,False,False,False,False,False,True,300,True,3800,True,3,1,1.3999971999999998,273,0,0,90.42399999999999,350,True,3800,True,0,-2.5193892912062745,0,0,-1.2603038465035852,-1,-1,False,False,0,0,1,300,5,1,0.075,1000,False,3000,1000,0,0,0,30,1.016,False,50,0,0,0,5,30,1.3999971999999998,0,7.62,5,1000,1000,5,1.3999971999999998,1000,1000,False,10,3,50,5,1.3999971999999998,1.905,1000,1,1,1,1,1,6061 T6,8.3555197
0,Alusion Medium Cell,6061 T6,0.3130,Alusion Medium Cell,2700.011337,600,0,False,False,Alusion Medium Cell,4000,1000,2000,1000,0,7.9502,False,1000,True,1378.951456,False,1,0,0,1.3999971999999998,0.635,6.35,12.7,0,0,,,0,,True,False,False,False,False,False,True,300,True,3800,True,8,3,1.3999971999999998,273,0,0,69.85,350,True,3800,True,0,-2.2869548095007075,0,0,-1.4641101061676423,-1,-1,False,False,0,0,1,300,5,1,0.0939,1000,False,3000,1000,0,0,0,30,1.016,False,50,0,0,0,5,30,1.3999971999999998,0,9.54024,5,1000,1000,5,1.3999971999999998,1000,1000,False,10,3,50,5,1.3999971999999998,2.38506,1000,1,1,1,1,1,6061 T6,8.3555197
0,Alusion Medium Cell,6061 T6,0.3750,Alusion Medium Cell,2700.011337,600,0,False,False,Alusion Medium Cell,4000,1000,2000,1000,0,9.525,False,1000,True,1378.951456,False,1,0,0,1.3999971999999998,0.7111999999999999,6.35,12.7,0,0,,,0,,True,False,False,False,False,False,True,300,True,3800,True,3,3,1.3999971999999998,273,0,0,56.641999999999996,350,True,3800,True,0,-1.680194404927422,0,0,-0.9166542563852882,-1,-1,False,False,0,0,1,300,5,1,0.1125,1000,False,3000,1000,0,0,0,30,1.0668,False,50,0,0,0,5,30,1.3999971999999998,0,11.43,5,1000,1000,5,1.3999971999999998,1000,1000,False,10,3,50,5,1.3999971999999998,2.8575,1000,1,1,1,1,1,6061 T6,8.3555197
0,Alusion Medium Cell,6061 T6,0.5000,Alusion Medium Cell,2700.011337,600,0,False,False,Alusion Medium Cell,4000,1000,2000,1000,0,12.7,False,1000,True,1378.951456,False,1,0,0,1.3999971999999998,0.635,6.35,12.7,0,0,,,0,,True,False,False,False,False,False,True,300,True,3800,True,12,5,1.3999971999999998,273,0,0,40.64,350,True,3800,True,0,-1.7183580016554585,0,0,-0.7448031783150634,-1,-1,False,False,0,0,1,300,5,1,0.15,1000,False,3000,1000,0,0,0,30,1.016,False,50,0,0,0,5,30,1.3999971999999998,0,15.24,5,1000,1000,5,1.3999971999999998,1000,1000,False,10,3,50,5,1.3999971999999998,3.81,1000,1,1,1,1,1,6061 T6,8.3555197
0,Alusion Medium Cell,6061 T6,0.6250,Alusion Medium Cell,2700.011337,600,0,False,False,Alusion Medium Cell,4000,1000,2000,1000,0,15.875,False,1000,True,1378.951456,False,1,0,0,1.3999971999999998,0.635,6.35,12.7,0,0,,,0,,True,False,False,False,False,False,True,300,True,3800,True,25,10,1.3999971999999998,273,0,0,31.496,350,True,3800,True,0,-1.145762838175103,0,0,-0.7333459290514626,-1,-1,False,False,0,0,1,300,5,1,0.1875,1000,False,3000,1000,0,0,0,30,1.016,False,50,0,0,0,5,30,1.3999971999999998,0,19.05,5,1000,1000,5,1.3999971999999998,1000,1000,False,10,3,50,5,1.3999971999999998,4.7625,1000,1,1,1,1,1,6061 T6,8.3555197
0,Alusion Medium Cell,6061 T6,0.7500,Alusion Medium Cell,2700.011337,600,0,False,False,Alusion Medium Cell,4000,1000,2000,1000,0,19.049999999999997,False,1000,True,1378.951456,False,1,0,0,1.3999971999999998,0.635,6.35,12.7,0,0,,,0,,True,False,False,False,False,False,True,300,True,3800,True,25,10,1.3999971999999998,273,0,0,31.496,350,True,3800,True,0,-1.145762838175103,0,0,-0.7333459290514626,-1,-1,False,False,0,0,1,300,5,1,0.1875,1000,False,3000,1000,0,0,0,30,1.016,False,50,0,0,0,5,30,1.3999971999999998,0,19.05,5,1000,1000,5,1.3999971999999998,1000,1000,False,10,3,50,5,1.3999971999999998,4.7625,1000,1,1,1,1,1,6061 T6,8.3555197
0,Alusion Medium Cell,6061 T6,1.0000,Alusion Medium Cell,2700.011337,600,0,False,False,Alusion Medium Cell,4000,1000,2000,1000,0,25.4,False,1000,True,1378.951456,False,1,0,0,1.3999971999999998,0.7111999999999999,6.35,12.7,0,0,,,0,,True,False,False,False,False,False,True,300,True,3800,True,3,10,1.3999971999999998,273,0,0,18.287999999999997,350,True,3800,True,0,-0.8593722436446815,0,0,-0.3724173220168406,-1,-1,False,False,0,0,0.5,300,5,1,0.3,1000,False,3000,1000,0,0,0,30,1.1429999999999998,False,50,0,0,0,5,30,1.3999971999999998,0,30.48,5,1000,1000,5,1.3999971999999998,1000,1000,False,10,3,50,5,1.3999971999999998,7.62,1000,1,1,1,1,1,6061 T6,8.3555197
0,Alusion Medium Cell,6061 T6,1.2500,Alusion Medium Cell,2700.011337,600,0,False,False,Alusion Medium Cell,4000,1000,2000,1000,0,31.75,False,1000,True,1378.951456,False,1,0,0,1.3999971999999998,0.889,6.35,12.7,0,0,,,0,,True,False,False,False,False,False,True,300,True,3800,True,35,14,1.3999971999999998,273,0,0,14.224,350,True,3800,True,0,-0.5729386976834857,0,0,-0.36668798242515643,-1,-1,False,False,0,0,1,300,5,1,0.375,1000,False,3000,1000,0,0,0,30,1.016,False,50,0,0,0,5,30,1.3999971999999998,0,38.1,5,1000,1000,5,1.3999971999999998,1000,1000,False,10,3,50,5,1.3999971999999998,9.525,1000,1,1,1,1,1,6061 T6,8.3555197
0,Alusion Medium Cell,6061 T6,1.3750,Alusion Medium Cell,2700.011337,600,0,False,False,Alusion Medium Cell,4000,1000,2000,1000,0,34.925,False,1000,True,1378.951456,False,1,0,0,1.3999971999999998,0.5588,6.35,12.7,0,0,,,0,,True,False,False,False,False,False,True,300,True,3800,True,3,10,1.3999971999999998,273,0,0,18.287999999999997,350,True,3800,True,0,-0.8593722436446815,0,0,-0.3724173220168406,-1,-1,False,False,0,0,0.5,300,5,1,0.3,1000,False,3000,1000,0,0,0,30,1.1429999999999998,False,50,0,0,0,5,30,1.3999971999999998,0,30.48,5,1000,1000,5,1.3999971999999998,1000,1000,False,10,3,50,5,1.3999971999999998,7.62,1000,1,1,1,1,1,6061 T6,8.3555197
0,Alusion Medium Cell,6061 T6,1.5000,Alusion Medium Cell,2700.011337,600,0,False,False,Alusion Medium Cell,4000,1000,2000,1000,0,38.1,False,1000,True,1378.951456,False,1,0,0,1.3999971999999998,0.635,6.35,12.7,0,0,,,0,,True,False,False,False,False,False,True,300,True,3800,True,40,16,1.3999971999999998,273,0,0,11.43,350,True,3800,True,0,-0.47745377730957717,0,0,-0.3055745934585659,-1,-1,False,False,0,0,1,300,5,1,0.45,1000,False,3000,1000,0,0,0,30,1.016,False,50,0,0,0,5,30,1.3999971999999998,0,45.72,5,1000,1000,5,1.3999971999999998,1000,1000,False,10,3,50,5,1.3999971999999998,11.43,1000,1,1,1,1,1,6061 T6,8.3555197
0,Alusion Medium Cell,6061 T6,1.7500,Alusion Medium Cell,2700.011337,600,0,False,False,Alusion Medium Cell,4000,1000,2000,1000,0,44.45,False,1000,True,1378.951456,False,1,0,0,1.3999971999999998,0.2,6.35,12.7,0,0,,,0,,True,False,False,False,False,False,True,300,True,3800,True,45,18,1.3999971999999998,273,0,0,9.652,350,True,3800,True,0,-0.4092486080349386,0,0,-0.26192173895527376,-1,-1,False,False,0,0,1,300,5,1,0.525,1000,False,3000,1000,0,0,0,30,1.016,False,50,0,0,0,5,30,1.3999971999999998,0,53.34,5,1000,1000,5,1.3999971999999998,1000,1000,False,10,3,50,5,1.3999971999999998,13.335,1000,1,1,1,1,1,6061 T6,8.3555197
0,Alusion Medium Cell,6061 T6,2.0000,Alusion Medium Cell,2700.011337,600,0,False,False,Alusion Medium Cell,4000,1000,2000,1000,0,50.8,False,1000,True,1378.951456,False,1,0,0,1.3999971999999998,0.2,6.35,12.7,0,0,,,0,,True,False,False,False,False,False,True,300,True,3800,True,50,20,1.3999971999999998,273,0,0,8.128,350,True,3800,True,0,-0.4297102894010439,0,0,-0.30080007886327004,-1,-1,False,False,0,0,1,300,5,1,0.6,1000,False,3000,1000,0,0,0,30,1.016,False,50,0,0,0,5,30,1.3999971999999998,0,60.96,5,1000,1000,5,1.3999971999999998,1000,1000,False,10,3,50,5,1.3999971999999998,15.24,1000,1,1,1,1,1,6061 T6,8.3555197
0,Alusion Medium Cell,6061 T6,2.2500,Alusion Medium Cell,2700.011337,600,0,False,False,Alusion Medium Cell,4000,1000,2000,1000,0,57.15,False,1000,True,1378.951456,False,1,0,0,1.3999971999999998,0.2,6.35,12.7,0,0,,,0,,True,False,False,False,False,False,True,300,True,3800,True,50,20,1.3999971999999998,273,0,0,8.128,350,True,3800,True,0,-0.4297102894010439,0,0,-0.30080007886327004,-1,-1,False,False,0,0,1,300,5,1,0.6,1000,False,3000,1000,0,0,0,30,1.016,False,50,0,0,0,5,30,1.3999971999999998,0,60.96,5,1000,1000,5,1.3999971999999998,1000,1000,False,10,3,50,5,1.3999971999999998,15.24,1000,1,1,1,1,1,6061 T6,8.3555197
0,Alusion Medium Cell,6061 T6,2.5000,Alusion Medium Cell,2700.011337,600,0,False,False,Alusion Medium Cell,4000,1000,2000,1000,0,63.5,False,1000,True,1378.951456,False,1,0,0,1.3999971999999998,0.2,6.35,12.7,0,0,,,0,,True,False,False,False,False,False,True,300,True,3800,True,50,20,1.3999971999999998,273,0,0,8.128,350,True,3800,True,0,-0.4297102894010439,0,0,-0.30080007886327004,-1,-1,False,False,0,0,1,300,5,1,0.6,1000,False,3000,1000,0,0,0,30,1.016,False,50,0,0,0,5,30,1.3999971999999998,0,60.96,5,1000,1000,5,1.3999971999999998,1000,1000,False,10,3,50,5,1.3999971999999998,15.24,1000,1,1,1,1,1,6061 T6,8.3555197
0,Alusion Medium Cell,6061 T6,3.0000,Alusion Medium Cell,2700.011337,600,0,False,False,Alusion Medium Cell,4000,1000,2000,1000,0,76.19999999999999,False,1000,True,1378.951456,False,1,0,0,1.3999971999999998,0.2,6.35,12.7,0,0,,,0,,True,False,False,False,False,False,True,300,True,3800,True,50,20,1.3999971999999998,273,0,0,8.128,350,True,3800,True,0,-0.358093959323571,0,0,-0.2291818957541002,-1,-1,False,False,0,0,1,300,5,1,0.6,1000,False,3000,1000,0,0,0,30,1.016,False,50,0,0,0,5,30,1.3999971999999998,0,60.96,5,1000,1000,5,1.3999971999999998,1000,1000,False,10,3,50,5,1.3999971999999998,15.24,1000,1,1,1,1,1,6061 T6,8.3555197
0,Alusion Medium Cell,6061 T6,3.2500,Alusion Medium Cell,2700.011337,600,0,False,False,Alusion Medium Cell,4000,1000,2000,1000,0,82.55,False,1000,True,1378.951456,False,1,0,0,1.3999971999999998,0.2,6.35,12.7,0,0,,,0,,True,False,False,False,False,False,True,300,True,3800,True,50,20,1.3999971999999998,273,0,0,8.128,350,True,3800,True,0,-0.358093959323571,0,0,-0.2291818957541002,-1,-1,False,False,0,0,1,300,5,1,0.6,1000,False,3000,1000,0,0,0,30,1.016,False,50,0,0,0,5,30,1.3999971999999998,0,60.96,5,1000,1000,5,1.3999971999999998,1000,1000,False,10,3,50,5,1.3999971999999998,15.24,1000,1,1,1,1,1,6061 T6,8.3555197
0,Alusion Medium Cell,6061 T6,3.5000,Alusion Medium Cell,2700.011337,600,0,False,False,Alusion Medium Cell,4000,1000,2000,1000,0,88.89999999999999,False,1000,True,1378.951456,False,1,0,0,1.3999971999999998,0.2,6.35,12.7,0,0,,,0,,True,False,False,False,False,False,True,300,True,3800,True,50,20,1.3999971999999998,273,0,0,8.128,350,True,3800,True,0,-0.358093959323571,0,0,-0.2291818957541002,-1,-1,False,False,0,0,1,300,5,1,0.6,1000,False,3000,1000,0,0,0,30,1.016,False,50,0,0,0,5,30,1.3999971999999998,0,60.96,5,1000,1000,5,1.3999971999999998,1000,1000,False,10,3,50,5,1.3999971999999998,15.24,1000,1,1,1,1,1,6061 T6,8.3555197
0,Alusion Medium Cell,6061 T6,4.0000,Alusion Medium Cell,2700.011337,600,0,False,False,Alusion Medium Cell,4000,1000,2000,1000,0,101.6,False,1000,True,1378.951456,False,1,0,0,1.3999971999999998,0.2,6.35,12.7,0,0,,,0,,True,False,False,False,False,False,True,300,True,3800,True,50,20,1.3999971999999998,273,0,0,8.128,350,True,3800,True,0,-0.358093959323571,0,0,-0.2291818957541002,-1,-1,False,False,0,0,1,300,5,1,0.6,1000,False,3000,1000,0,0,0,30,1.016,False,50,0,0,0,5,30,1.3999971999999998,0,60.96,5,1000,1000,5,1.3999971999999998,1000,1000,False,10,3,50,5,1.3999971999999998,15.24,1000,1,1,1,1,1,6061 T6,8.3555197
0,Alusion Medium Cell,6061 T6,4.5000,Alusion Medium Cell,2700.011337,600,0,False,False,Alusion Medium Cell,4000,1000,2000,1000,0,114.3,False,1000,True,1378.951456,False,1,0,0,1.3999971999999998,0.2,6.35,12.7,0,0,,,0,,True,False,False,False,False,False,True,300,True,3800,True,50,20,1.3999971999999998,273,0,0,8.128,350,True,3800,True,0,-0.358093959323571,0,0,-0.2291818957541002,-1,-1,False,False,0,0,1,300,5,1,0.6,1000,False,3000,1000,0,0,0,30,1.016,False,50,0,0,0,5,30,1.3999971999999998,0,60.96,5,1000,1000,5,1.3999971999999998,1000,1000,False,10,3,50,5,1.3999971999999998,15.24,1000,1,1,1,1,1,6061 T6,8.3555197
0,Alusion Medium Cell,6061 T6,5.0000,Alusion Medium Cell,2700.011337,600,0,False,False,Alusion Medium Cell,4000,1000,2000,1000,0,127,False,1000,True,1378.951456,False,1,0,0,1.3999971999999998,0.2,6.35,12.7,0,0,,,0,,True,False,False,False,False,False,True,300,True,3800,True,50,20,1.3999971999999998,273,0,0,8.128,350,True,3800,True,0,-0.358093959323571,0,0,-0.2291818957541002,-1,-1,False,False,0,0,1,300,5,1,0.6,1000,False,3000,1000,0,0,0,30,1.016,False,50,0,0,0,5,30,1.3999971999999998,0,60.96,5,1000,1000,5,1.3999971999999998,1000,1000,False,10,3,50,5,1.3999971999999998,15.24,1000,1,1,1,1,1,6061 T6,8.3555197
0,Black Granite,Standard,0.3750,Black Granite,2650.011343,208,0,True,False,Black Granite,5000,1000,2000,1000,0,9.525,True,1000,True,3800,True,1,0,0,1.3999971999999998,0.2,6.35,12.7,0,0,,,0,,True,False,False,False,False,False,True,300,False,1034.213592,False,2.5,2,1.3999971999999998,273,0,0,254,350,True,3800,True,0,0,0,0,-1,-1,-1,False,False,0,0,1,300,5,1,0.1125,1000,False,3000,1000,0,0,0,30,1.016,False,50,0,0,0,5,30,1.3999971999999998,0,11.43,5,1000,1000,5,1.3999971999999998,1000,1000,False,10,3,50,5,1.3999971999999998,2.8575,1000,1,1,1,1,1,Standard,1
0,Board Promutuel,Standard,0.1250,Board Promutuel,8450.038232,250,0,False,False,Board Promutuel,5000,1000,2000,1000,0,3.175,True,1000,True,3800,True,1,0,0,1.3999971999999998,0.2,6.35,12.7,0,0,,,0,,True,False,False,False,False,False,True,300,True,3800,True,3,1,1.3999971999999998,273,0,0,482.59999999999997,350,True,3800,True,0,0,0,0,-1,-1,-1,False,False,0,0,1,300,5,1,0.0375,1000,False,3000,1000,0,0,0,30,1.016,False,50,0,0,0,5,30,1.3999971999999998,0,3.81,5,1000,1000,5,1.3999971999999998,1000,1000,False,10,3,50,5,1.3999971999999998,0.9525,1000,1,1,1,1,1,Standard,1
0,Board Promutuel,Standard,0.1350,Board Promutuel,8450.038232,250,0,False,False,Board Promutuel,5000,1000,2000,1000,0,3.429,True,1000,True,3800,True,1,0,0,1.3999971999999998,0.2,6.35,12.7,0,0,,,0,,True,False,False,False,False,False,True,300,True,3800,True,3,1,1.3999971999999998,273,0,0,482.59999999999997,350,True,3800,True,0,0,0,0,-1,-1,-1,False,False,0,0,1,300,5,1,0.0375,1000,False,3000,1000,0,0,0,30,1.016,False,50,0,0,0,5,30,1.3999971999999998,0,3.81,5,1000,1000,5,1.3999971999999998,1000,1000,False,10,3,50,5,1.3999971999999998,0.9525,1000,1,1,1,1,1,Standard,1
0,Board Promutuel,Standard,0.2500,Board Promutuel,8450.038232,250,0,False,False,Board Promutuel,5000,1000,2000,1000,0,6.35,True,1000,True,3800,True,1,0,0,1.3999971999999998,0.2,6.35,12.7,0,0,,,0,,True,False,False,False,False,False,True,300,True,3800,True,6,2,1.3999971999999998,273,0,0,203.2,350,True,3800,True,0,0,0,0,-1,-1,-1,False,False,0,0,1,300,5,1,0.075,1000,False,3000,1000,0,0,0,30,1.016,False,50,0,0,0,5,30,1.3999971999999998,0,7.62,5,1000,1000,5,1.3999971999999998,1000,1000,False,10,3,50,5,1.3999971999999998,1.905,1000,1,1,1,1,1,Standard,1
0,Board Promutuel,Standard,0.3750,Board Promutuel,8450.038232,250,0,False,False,Board Promutuel,5000,1000,2000,1000,0,9.525,True,1000,True,3800,True,1,0,0,1.3999971999999998,0.2,6.35,12.7,0,0,,,0,,True,False,False,False,False,False,True,300,True,3800,True,10,4,1.3999971999999998,273,0,0,138.43,350,True,3800,True,0,0,0,0,-1,-1,-1,False,False,0,0,1,300,5,1,0.1125,1000,False,3000,1000,0,0,0,30,1.016,False,50,0,0,0,5,30,1.3999971999999998,0,11.43,5,1000,1000,5,1.3999971999999998,1000,1000,False,10,3,50,5,1.3999971999999998,2.8575,1000,1,1,1,1,1,Standard,1
0,Board Promutuel,Standard,0.5000,Board Promutuel,8450.038232,250,0,False,False,Board Promutuel,5000,1000,2000,1000,0,12.7,True,1000,True,3800,True,1,0,0,1.3999971999999998,0.2,6.35,12.7,0,0,,,0,,True,False,False,False,False,False,True,300,True,3800,True,10,4,1.3999971999999998,273,0,0,99.314,350,True,3800,True,0,0,0,0,-1,-1,-1,False,False,0,0,1,300,5,1,0.15,1000,False,3000,1000,0,0,0,30,1.016,False,50,0,0,0,5,30,1.3999971999999998,0,15.24,5,1000,1000,5,1.3999971999999998,1000,1000,False,10,3,50,5,1.3999971999999998,3.81,1000,1,1,1,1,1,Standard,1
0,Board Promutuel,Standard,0.6250,Board Promutuel,8450.038232,250,0,False,False,Board Promutuel,5000,1000,2000,1000,0,15.875,True,1000,True,3800,True,1,0,0,1.3999971999999998,0.2,6.35,12.7,0,0,,,0,,True,False,False,False,False,False,True,300,True,3800,True,10,4,1.3999971999999998,273,0,0,76.19999999999999,350,True,3800,True,0,0,0,0,-1,-1,-1,False,False,0,0,1,300,5,1,0.1875,1000,False,3000,1000,0,0,0,30,1.016,False,50,0,0,0,5,30,1.3999971999999998,0,19.05,5,1000,1000,5,1.3999971999999998,1000,1000,False,10,3,50,5,1.3999971999999998,4.7625,1000,1,1,1,1,1,Standard,1
0,Board Promutuel,Standard,0.7500,Board Promutuel,8450.038232,250,0,False,False,Board Promutuel,5000,1000,2000,1000,0,19.05,True,1000,True,3800,True,1,0,0,1.3999971999999998,0.2,6.35,12.7,0,0,,,0,,True,False,False,False,False,False,True,300,True,3800,True,10,4,1.3999971999999998,273,0,0,62.483999999999995,350,True,3800,True,0,0,0,0,-1,-1,-1,False,False,0,0,1,300,5,1,0.225,1000,False,3000,1000,0,0,0,30,1.016,False,50,0,0,0,5,30,1.3999971999999998,0,22.86,5,1000,1000,5,1.3999971999999998,1000,1000,False,10,3,50,5,1.3999971999999998,5.715,1000,1,1,1,1,1,Standard,1
0,Board Promutuel,Standard,1.0000,Board Promutuel,8450.038232,250,0,False,False,Board Promutuel,5000,1000,2000,1000,0,25.4,True,1000,True,3800,True,1,0,0,1.3999971999999998,0.2,6.35,12.7,0,0,,,0,,True,False,False,False,False,False,True,300,True,3800,True,10,4,1.3999971999999998,273,0,0,44.704,350,True,3800,True,0,0,0,0,-1,-1,-1,False,False,0,0,1,300,5,1,0.3,1000,False,3000,1000,0,0,0,30,1.016,False,50,0,0,0,5,30,1.3999971999999998,0,30.48,5,1000,1000,5,1.3999971999999998,1000,1000,False,10,3,50,5,1.3999971999999998,7.62,1000,1,1,1,1,1,Standard,1
0,Brass,Standard,0.0400,Brass,8450.038232,114,0,False,False,Brass,5000,1000,2000,1000,0,1.016,True,1000,True,3800,True,1,0,0,1.3999971999999998,0.2,6.35,12.7,0,0,,,0,,True,False,False,False,False,False,True,300,True,3800,True,1,1,1.3999971999999998,273,0,0,1000,350,True,3800,True,0,0,0,0,-1,-1,-1,False,False,0,0,1,300,5,1,0.012,1000,False,3000,1000,0,0,0,30,1,False,50,0,0,0,5,30,1.3999971999999998,0,1.2192,5,1000,1000,5,1.3999971999999998,1000,1000,False,10,3,50,5,1.3999971999999998,0.3048,1000,1,1,1,1,1,Standard,1
0,Brass,Standard,0.0630,Brass,8450.038232,114,0,False,False,Brass,5000,1000,2000,1000,0,1.6002,True,1000,True,3800,True,1,0,0,1.3999971999999998,0.635,6.35,12.7,0,0,,,0,,True,False,False,False,False,False,True,300,True,3800,True,1.5,1,1.3999971999999998,273,0,0,1000,350,True,3800,True,0,0,0,0,-1,-1,-1,False,False,0,0,1,300,5,1,0.0189,1000,False,3000,1000,0,0,0,30,1,False,50,0,0,0,5,30,1.3999971999999998,0,1.92024,5,1000,1000,5,1.3999971999999998,1000,1000,False,10,3,50,5,1.3999971999999998,0.48006,1000,1,1,1,1,1,Standard,1
0,Brass,Standard,0.1250,Brass,8450.038232,114,0,False,False,Brass,5000,1000,2000,1000,0,3.175,True,1000,True,3800,True,1,0,0,1.3999971999999998,0.7619999999999999,6.35,12.7,0,0,,,0,,True,False,False,False,False,False,True,300,True,3800,True,3,1,1.3999971999999998,273,0,0,482.59999999999997,350,True,3800,True,0,0,0,0,-1,-1,-1,False,False,0,0,1,300,5,1,0.0375,1000,False,3000,1000,0,0,0,30,1.016,False,50,0,0,0,5,30,1.3999971999999998,0,3.81,5,1000,1000,5,1.3999971999999998,1000,1000,False,10,3,50,5,1.3999971999999998,0.9525,1000,1,1,1,1,1,Standard,1
0,Brass,Standard,0.1870,Brass,8450.038232,114,0,False,False,Brass,5000,1000,2000,1000,0,4.7498,True,1000,True,3800,True,1,0,0,1.3999971999999998,0.2,6.35,12.7,0,0,,,0,,True,False,False,False,False,False,True,300,True,3800,True,4,2,1.3999971999999998,273,0,0,304.79999999999995,350,True,3800,True,0,0,0,0,-1,-1,-1,False,False,0,0,1,300,5,1,0.0561,1000,False,3000,1000,0,0,0,30,1.016,False,50,0,0,0,5,30,1.3999971999999998,0,5.69976,5,1000,1000,5,1.3999971999999998,1000,1000,False,10,3,50,5,1.3999971999999998,1.42494,1000,1,1,1,1,1,Standard,1
0,Brass,Standard,0.2500,Brass,8450.038232,114,0,False,False,Brass,5000,1000,2000,1000,0,6.35,True,1000,True,3800,True,1,0,0,1.3999971999999998,0.2,6.35,12.7,0,0,,,0,,True,False,False,False,False,False,True,300,True,3800,True,6,2,1.3999971999999998,273,0,0,203.2,350,True,3800,True,0,0,0,0,-1,-1,-1,False,False,0,0,1,300,5,1,0.075,1000,False,3000,1000,0,0,0,30,1.016,False,50,0,0,0,5,30,1.3999971999999998,0,7.62,5,1000,1000,5,1.3999971999999998,1000,1000,False,10,3,50,5,1.3999971999999998,1.905,1000,1,1,1,1,1,Standard,1
0,Brass,Standard,0.3130,Brass,8450.038232,114,0,False,False,Brass,5000,1000,2000,1000,0,7.9502,True,1000,True,3800,True,1,0,0,1.3999971999999998,0.2,6.35,12.7,0,0,,,0,,True,False,False,False,False,False,True,300,True,3800,True,6,2,1.3999971999999998,273,0,0,203.2,350,True,3800,True,0,0,0,0,-1,-1,-1,False,False,0,0,1,300,5,1,0.075,1000,False,3000,1000,0,0,0,30,1.016,False,50,0,0,0,5,30,1.3999971999999998,0,7.62,5,1000,1000,5,1.3999971999999998,1000,1000,False,10,3,50,5,1.3999971999999998,1.905,1000,1,1,1,1,1,Standard,1
0,Brass,Standard,0.3750,Brass,8450.038232,114,0,False,False,Brass,5000,1000,2000,1000,0,9.525,True,1000,True,3800,True,1,0,0,1.3999971999999998,0.3048,6.35,12.7,0,0,,,0,,True,False,False,False,False,False,True,300,True,3800,True,10,4,1.3999971999999998,273,0,0,138.43,350,True,3800,True,0,-2.4431381125028233,0,0,-1.2984819890253694,-1,-1,False,False,0,0,1,300,5,1,0.1125,1000,False,3000,1000,0,0,0,30,1.016,False,50,0,0,0,5,30,1.3999971999999998,0,11.43,5,1000,1000,5,1.3999971999999998,1000,1000,False,10,3,50,5,1.3999971999999998,2.8575,1000,1,1,1,1,1,Standard,1
0,Brass,Standard,0.5000,Brass,8450.038232,114,0,False,False,Brass,5000,1000,2000,1000,0,12.7,True,1000,True,3800,True,1,0,0,1.3999971999999998,0.2,6.35,12.7,0,0,,,0,,True,False,False,False,False,False,True,300,True,3800,True,10,4,1.3999971999999998,273,0,0,99.314,350,True,3800,True,0,0,0,0,-1,-1,-1,False,False,0,0,1,300,5,1,0.15,1000,False,3000,1000,0,0,0,30,1.016,False,50,0,0,0,5,30,1.3999971999999998,0,15.24,5,1000,1000,5,1.3999971999999998,1000,1000,False,10,3,50,5,1.3999971999999998,3.81,1000,1,1,1,1,1,Standard,1
0,Brass,Standard,0.6250,Brass,8450.038232,114,0,False,False,Brass,5000,1000,2000,1000,0,15.875,True,1000,True,3800,True,1,0,0,1.3999971999999998,0.2,6.35,12.7,0,0,,,0,,True,False,False,False,False,False,True,300,True,3800,True,10,4,1.3999971999999998,273,0,0,76.19999999999999,350,True,3800,True,0,0,0,0,-1,-1,-1,False,False,0,0,1,300,5,1,0.1875,1000,False,3000,1000,0,0,0,30,1.016,False,50,0,0,0,5,30,1.3999971999999998,0,19.05,5,1000,1000,5,1.3999971999999998,1000,1000,False,10,3,50,5,1.3999971999999998,4.7625,1000,1,1,1,1,1,Standard,1
0,Brass,Standard,0.7500,Brass,8450.038232,114,0,False,False,Brass,5000,1000,2000,1000,0,19.05,True,1000,True,3800,True,1,0,0,1.3999971999999998,0.2,6.35,12.7,0,0,,,0,,True,False,False,False,False,False,True,300,True,3800,True,10,4,1.3999971999999998,273,0,0,62.483999999999995,350,True,3800,True,0,0,0,0,-1,-1,-1,False,False,0,0,1,300,5,1,0.225,1000,False,3000,1000,0,0,0,30,1.016,False,50,0,0,0,5,30,1.3999971999999998,0,22.86,5,1000,1000,5,1.3999971999999998,1000,1000,False,10,3,50,5,1.3999971999999998,5.715,1000,1,1,1,1,1,Standard,1
0,Brass,Standard,1.0000,Brass,8450.038232,114,0,False,False,Brass,5000,1000,2000,1000,0,25.4,True,1000,True,3800,True,1,0,0,1.3999971999999998,0.3048,6.35,12.7,0,0,,,0,,True,False,False,False,False,False,True,300,True,3800,True,10,4,1.3999971999999998,273,0,0,44.704,350,True,3800,True,0,0,0,0,0,-1,-1,False,False,0,0,1,300,5,1,0.3,1000,False,3000,1000,0,0,0,30,1.016,False,50,0,0,0,5,30,1.3999971999999998,0,30.48,5,1000,1000,5,1.3999971999999998,1000,1000,False,10,3,50,5,1.3999971999999998,7.62,1000,1,1,1,1,1,Standard,1
0,Bronze,Régulier,0.0360,Bronze,7800.035629,110,0,False,False,Bronze,4000,1000,2000,1000,0,0.9143999999999999,True,1000,True,3800,True,1,0,0,1.3999971999999998,0.254,3.8099999999999996,12.7,0,0,,,0,,True,False,False,False,False,False,True,300,True,3800,True,4,2,1.3999971999999998,273,0,0,45.466,350,True,3800,True,0,-4.129162870403211,0,0,-2.449662620127041,-1,-1,False,False,0,0,1,300,5,1,0.0561,1000,False,3000,1000,0,0,0,30,1.016,False,50,0,0,0,5,30,1.3999971999999998,0,5.69976,5,1000,1000,5,1.3999971999999998,1000,1000,False,10,3,50,5,1.3999971999999998,1.42494,1000,1,1,1,1,1,Régulier,2.9762405
0,Bronze,Régulier,0.0480,Bronze,7800.035629,110,0,False,False,Bronze,4000,1000,2000,1000,0,1.2192,True,1000,True,3800,True,1,0,0,1.3999971999999998,0.2,3.8099999999999996,12.7,0,0,,,0,,True,False,False,False,False,False,True,300,True,3800,True,4,2,1.3999971999999998,273,0,0,45.466,350,True,3800,True,0,-4.129162870403211,0,0,-2.449662620127041,-1,-1,False,False,0,0,1,300,5,1,0.0561,1000,False,3000,1000,0,0,0,30,1.016,False,50,0,0,0,5,30,1.3999971999999998,0,5.69976,5,1000,1000,5,1.3999971999999998,1000,1000,False,10,3,50,5,1.3999971999999998,1.42494,1000,1,1,1,1,1,Régulier,2.9762405
0,Bronze,Régulier,0.0600,Bronze,7800.035629,110,0,False,False,Bronze,4000,1000,2000,1000,0,1.5239999999999998,True,1000,True,3800,True,1,0,0,1.3999971999999998,0.38099999999999995,3.8099999999999996,12.7,0,0,,,0,,True,False,False,False,False,False,True,300,True,3800,True,4,2,1.3999971999999998,273,0,0,45.466,350,True,3800,True,0,-4.129162870403211,0,0,-2.449662620127041,-1,-1,False,False,0,0,1,300,5,1,0.0561,1000,False,3000,1000,0,0,0,30,1.016,False,50,0,0,0,5,30,1.3999971999999998,0,5.69976,5,1000,1000,5,1.3999971999999998,1000,1000,False,10,3,50,5,1.3999971999999998,1.42494,1000,1,1,1,1,1,Régulier,2.9762405
0,Bronze,Régulier,0.0630,Bronze,7800.035629,110,0,False,False,Bronze,4000,1000,2000,1000,0,1.6002,True,1000,True,3800,True,1,0,0,1.3999971999999998,0.254,6.35,12.7,0,0,,,0,,True,False,False,False,False,False,True,300,True,3800,True,2,1,1.3999971999999998,273,0,0,157.48,350,True,3800,True,0,-5.44033203100551,0,0,-4.085616779974878,-1,-1,False,False,0,0,1,300,5,1,0.0189,1000,False,3000,1000,0,0,0,30,1.016,False,50,0,0,0,5,30,1.3999971999999998,0,1.92024,5,1000,1000,5,1.3999971999999998,1000,1000,False,10,3,50,5,1.3999971999999998,0.48006,1000,1,1,1,1,1,Régulier,2.9762405
0,Bronze,Régulier,0.0750,Bronze,7800.035629,110,0,False,False,Bronze,4000,1000,2000,1000,0,1.9049999999999998,True,1000,True,3800,True,1,0,0,1.3999971999999998,0.38099999999999995,3.8099999999999996,12.7,0,0,,,0,,True,False,False,False,False,False,True,300,True,3800,True,4,2,1.3999971999999998,273,0,0,45.466,350,True,3800,True,0,-4.129162870403211,0,0,-2.449662620127041,-1,-1,False,False,0,0,1,300,5,1,0.0561,1000,False,3000,1000,0,0,0,30,1.016,False,50,0,0,0,5,30,1.3999971999999998,0,5.69976,5,1000,1000,5,1.3999971999999998,1000,1000,False,10,3,50,5,1.3999971999999998,1.42494,1000,1,1,1,1,1,Régulier,2.9762405
0,Bronze,Régulier,0.1200,Bronze,7800.035629,110,0,False,False,Bronze,4000,1000,2000,1000,0,3.0479999999999996,True,1000,True,3800,True,1,0,0,1.3999971999999998,0.254,3.8099999999999996,12.7,0,0,,,0,,True,False,False,False,False,False,True,300,True,3800,True,4,2,1.3999971999999998,273,0,0,45.466,350,True,3800,True,0,-4.129162870403211,0,0,-2.449662620127041,-1,-1,False,False,0,0,1,300,5,1,0.0561,1000,False,3000,1000,0,0,0,30,1.016,False,50,0,0,0,5,30,1.3999971999999998,0,5.69976,5,1000,1000,5,1.3999971999999998,1000,1000,False,10,3,50,5,1.3999971999999998,1.42494,1000,1,1,1,1,1,Régulier,2.9762405
0,Bronze,Régulier,0.1250,Bronze,7800.035629,110,0,False,False,Bronze,4000,1000,2000,1000,0,3.175,True,1000,True,3800,True,1,0,0,1.3999971999999998,0.508,2.54,12.7,0,0,,,0,,True,False,False,False,False,False,True,300,True,3800,True,6,3,1.3999971999999998,273,0,0,71.11999999999999,350,True,3800,True,0,-5.710593137499642,0,0,-3.6619355755198,-1,-1,False,False,0,0,1,300,5,1,0.042,1000,False,3000,1000,0,0,0,30,1.016,False,50,0,0,0,5,30,1.3999971999999998,0,4.2672,5,1000,1000,5,1.3999971999999998,1000,1000,False,10,3,50,5,1.3999971999999998,1.0668,1000,1,1,1,1,1,Régulier,2.9762405
0,Bronze,Régulier,0.1350,Bronze,7800.035629,110,0,False,False,Bronze,4000,1000,2000,1000,0,3.429,True,1000,True,3800,True,1,0,0,1.3999971999999998,0.2,2.54,12.7,0,0,,,0,,True,False,False,False,False,False,True,300,True,3800,True,6,3,1.3999971999999998,273,0,0,71.11999999999999,350,True,3800,True,0,-5.710593137499642,0,0,-3.6619355755198,-1,-1,False,False,0,0,1,300,5,1,0.042,1000,False,3000,1000,0,0,0,30,1.016,False,50,0,0,0,5,30,1.3999971999999998,0,4.2672,5,1000,1000,5,1.3999971999999998,1000,1000,False,10,3,50,5,1.3999971999999998,1.0668,1000,1,1,1,1,1,Régulier,2.9762405
0,Bronze,Régulier,0.1870,Bronze,7800.035629,110,0,False,False,Bronze,4000,1000,2000,1000,0,4.7498,True,1000,True,3800,True,1,0,0,1.3999971999999998,0.38099999999999995,3.8099999999999996,12.7,0,0,,,0,,True,False,False,False,False,False,True,300,True,3800,True,4,2,1.3999971999999998,273,0,0,45.466,350,True,3800,True,0,-3.3664606634297893,0,0,-1.9907630314332503,-1,-1,False,False,0,0,1,300,5,1,0.0561,1000,False,3000,1000,0,0,0,30,1.016,False,50,0,0,0,5,30,1.3999971999999998,0,5.69976,5,1000,1000,5,1.3999971999999998,1000,1000,False,10,3,50,5,1.3999971999999998,1.42494,1000,1,1,1,1,1,Régulier,2.9762405
0,Bronze,Régulier,0.2500,Bronze,7800.035629,110,0,False,False,Bronze,4000,1000,2000,1000,0,6.35,True,1000,True,3800,True,1,0,0,1.3999971999999998,0.38099999999999995,3.8099999999999996,12.7,0,0,,,0,,True,False,False,False,False,False,True,300,True,3800,True,3,2,1.3999971999999998,273,0,0,32.512,350,True,3800,True,0,-3.0909700035405043,0,0,-1.8328395059420577,-1,-1,False,False,0,0,1,300,5,1,0.075,1000,False,3000,1000,0,0,0,30,1.016,False,50,0,0,0,5,30,1.3999971999999998,0,7.62,5,1000,1000,5,1.3999971999999998,1000,1000,False,10,3,50,5,1.3999971999999998,1.905,1000,1,1,1,1,1,Régulier,2.9762405
0,Bronze,Régulier,0.2540,Bronze,7800.035629,110,0,False,False,Bronze,4000,1000,2000,1000,0,6.4516,True,1000,True,3800,True,1,0,0,1.3999971999999998,0.2,3.8099999999999996,12.7,0,0,,,0,,True,False,False,False,False,False,True,300,True,3800,True,4,2,1.3999971999999998,273,0,0,45.466,350,True,3800,True,0,-4.129162870403211,0,0,-2.449662620127041,-1,-1,False,False,0,0,1,300,5,1,0.0561,1000,False,3000,1000,0,0,0,30,1.016,False,50,0,0,0,5,30,1.3999971999999998,0,5.69976,5,1000,1000,5,1.3999971999999998,1000,1000,False,10,3,50,5,1.3999971999999998,1.42494,1000,1,1,1,1,1,Régulier,2.9762405
0,Bronze,Régulier,0.3120,Bronze,7800.035629,110,0,False,False,Bronze,4000,1000,2000,1000,0,7.9248,True,1000,True,3800,True,1,0,0,1.3999971999999998,0.38099999999999995,6.35,12.7,0,0,,,0,,True,False,False,False,False,False,True,300,True,3800,True,8,4,1.3999971999999998,273,0,0,25.4,350,True,3800,True,0,-2.477598868445699,0,0,-1.4688007143858235,-1,-1,False,False,0,0,1,300,5,1,0.0936,1000,False,3000,1000,0,0,0,30,1.016,False,50,0,0,0,5,30,1.3999971999999998,0,9.50976,5,1000,1000,5,1.3999971999999998,1000,1000,False,10,3,50,5,1.3999971999999998,2.37744,1000,1,1,1,1,1,Régulier,2.9762405
0,Bronze,Régulier,0.3750,Bronze,7800.035629,110,0,False,False,Bronze,4000,1000,2000,1000,0,9.525,True,1000,True,3800,True,1,0,0,1.3999971999999998,0.254,6.35,12.7,0,0,,,0,,True,False,False,False,False,False,True,300,True,3800,True,2,1,1.3999971999999998,273,0,0,20.32,350,True,3800,True,0,-2.443138112502839,0,0,-1.6038627711549316,-1,-1,False,False,0,0,1,300,5,1,0.1125,1000,False,3000,1000,0,0,0,30,1.016,False,50,0,0,0,5,30,1.3999971999999998,0,11.43,5,1000,1000,5,1.3999971999999998,1000,1000,False,10,3,50,5,1.3999971999999998,2.8575,1000,1,1,1,1,1,Régulier,2.9762405
0,Bronze,Régulier,0.5000,Bronze,7800.035629,110,0,False,False,Bronze,4000,1000,2000,1000,0,12.7,True,1000,True,3800,True,1,0,0,1.3999971999999998,0.38099999999999995,6.35,12.7,0,0,,,0,,True,False,False,False,False,False,True,300,True,3800,True,15,7,1.3999971999999998,273,0,0,14.731999999999998,350,True,3800,True,0,-1.489354726551402,0,0,-0.9739344366011572,-1,-1,False,False,0,0,1,300,5,1,0.15,1000,False,3000,1000,0,0,0,30,1.016,False,50,0,0,0,5,30,1.3999971999999998,0,15.24,5,1000,1000,5,1.3999971999999998,1000,1000,False,10,3,50,5,1.3999971999999998,3.81,1000,1,1,1,1,1,Régulier,2.9762405
0,Bronze,Régulier,0.6250,Bronze,7800.035629,110,0,False,False,Bronze,4000,1000,2000,1000,0,15.875,True,1000,True,3800,True,1,0,0,1.3999971999999998,0.38099999999999995,6.35,12.7,0,0,,,0,,True,False,False,False,False,False,True,300,True,3800,True,15,7,1.3999971999999998,273,0,0,11.43,350,True,3800,True,0,-1.2373964215278548,0,0,-0.7333459290514626,-1,-1,False,False,0,0,1,300,5,1,0.1875,1000,False,3000,1000,0,0,0,30,1.016,False,50,0,0,0,5,30,1.3999971999999998,0,19.05,5,1000,1000,5,1.3999971999999998,1000,1000,False,10,3,50,5,1.3999971999999998,4.7625,1000,1,1,1,1,1,Régulier,2.9762405
0,Bronze,Régulier,0.7500,Bronze,7800.035629,110,0,False,False,Bronze,4000,1000,2000,1000,0,19.05,True,1000,True,3800,True,1,0,0,1.3999971999999998,0.254,6.35,12.7,0,0,,,0,,True,False,False,False,False,False,True,300,True,3800,True,10,5,1.3999971999999998,273,0,0,9.143999999999998,350,True,3800,True,0,-1.0312126698879533,0,0,-0.6111318044365194,-1,-1,False,False,0,0,1,300,5,1,0.225,1000,False,3000,1000,0,0,0,30,1.016,False,50,0,0,0,5,30,1.3999971999999998,0,22.86,5,1000,1000,5,1.3999971999999998,1000,1000,False,10,3,50,5,1.3999971999999998,5.715,1000,1,1,1,1,1,Régulier,2.9762405
0,Bronze,Régulier,0.8750,Bronze,7800.035629,110,0,False,False,Bronze,4000,1000,2000,1000,0,22.225,True,1000,True,3800,True,1,0,0,1.3999971999999998,0,6.35,12.7,0,0,,,0,,True,False,False,False,False,False,True,300,True,3800,True,10,5,1.3999971999999998,273,0,0,7.619999999999999,350,True,3800,True,0,-0.8839218947283454,0,0,-0.5238325312609574,-1,-1,False,False,0,0,1,300,5,1,0.2625,1000,False,3000,1000,0,0,0,30,1.016,False,50,0,0,0,5,30,1.3999971999999998,0,26.67,5,1000,1000,5,1.3999971999999998,1000,1000,False,10,3,50,5,1.3999971999999998,6.6675,1000,1,1,1,1,1,Régulier,2.9762405
0,Bronze,Régulier,1.0000,Bronze,7800.035629,110,0,False,False,Bronze,4000,1000,2000,1000,0,25.4,True,1000,True,3800,True,1,0,0,1.3999971999999998,0.38099999999999995,6.35,12.7,0,0,,,0,,True,False,False,False,False,False,True,300,True,3800,True,30,10,1.3999971999999998,273,0,0,6.604,350,True,3800,True,0,-0.7734460388630937,0,0,-0.4583564580004311,-1,-1,False,False,0,0,1,300,5,1,0.3,1000,False,3000,1000,0,0,0,30,1.016,False,50,0,0,0,5,30,1.3999971999999998,0,30.48,5,1000,1000,5,1.3999971999999998,1000,1000,False,10,3,50,5,1.3999971999999998,7.62,1000,1,1,1,1,1,Régulier,2.9762405
0,Bronze,Régulier,1.2500,Bronze,7800.035629,110,0,False,False,Bronze,4000,1000,2000,1000,0,31.75,True,1000,True,3800,True,1,0,0,1.3999971999999998,0.2,6.35,12.7,0,0,,,0,,True,False,False,False,False,False,True,300,True,3800,True,35,17,1.3999971999999998,273,0,0,5.08,350,True,3800,True,0,-0.6187703616978745,0,0,-0.36668798242515643,-1,-1,False,False,0,0,1,300,5,1,0.375,1000,False,3000,1000,0,0,0,30,1.016,False,50,0,0,0,5,30,1.3999971999999998,0,38.1,5,1000,1000,5,1.3999971999999998,1000,1000,False,10,3,50,5,1.3999971999999998,9.525,1000,1,1,1,1,1,Régulier,2.9762405
0,Bronze,Régulier,1.5000,Bronze,7800.035629,110,0,False,False,Bronze,4000,1000,2000,1000,0,38.1,True,1000,True,3800,True,1,0,0,1.3999971999999998,0,6.35,12.7,0,0,,,0,,True,False,False,False,False,False,True,300,True,3800,True,40,20,1.3999971999999998,273,0,0,4.064,350,True,3800,True,0,-0.5156480934199321,0,0,-0.3055745934585659,-1,-1,False,False,0,0,1,300,5,1,0.45,1000,False,3000,1000,0,0,0,30,1.016,False,50,0,0,0,5,30,1.3999971999999998,0,45.72,5,1000,1000,20,1.3999971999999998,1000,800,False,10,3,50,5,1.3999971999999998,11.43,1000,1,1,1,1,1,Régulier,2.9762405
0,Bronze,Régulier,1.7500,Bronze,7800.035629,110,0,False,False,Bronze,4000,1000,2000,1000,0,44.45,True,1000,True,3800,True,1,0,0,1.3999971999999998,0.2,6.35,12.7,0,0,,,0,,True,False,False,False,False,False,True,300,True,3800,True,45,22,1.3999971999999998,273,0,0,3.556,350,True,3800,True,0,-0.4419872459420313,0,0,-0.26192173895527376,-1,-1,False,False,0,0,1,300,5,1,0.525,1000,False,3000,1000,0,0,0,30,1.016,False,50,0,0,0,5,30,1.3999971999999998,0,53.34,5,1000,1000,5,1.3999971999999998,1000,1000,False,10,3,50,5,1.3999971999999998,13.335,1000,1,1,1,1,1,Régulier,2.9762405
0,Bronze,Régulier,2.0000,Bronze,7800.035629,110,0,False,False,Bronze,4000,1000,2000,1000,0,50.8,True,1000,True,3800,True,1,0,0,1.3999971999999998,0.2,6.35,12.7,0,0,,,0,,True,False,False,False,False,False,True,300,True,3800,True,50,25,1.3999971999999998,273,0,0,3.0479999999999996,350,True,3800,True,0,-0.38674063816122667,0,0,-0.2291818957541002,-1,-1,False,False,0,0,1,300,5,1,0.6,1000,False,3000,1000,0,0,0,30,1.016,False,50,0,0,0,5,30,1.3999971999999998,0,60.96,5,1000,1000,20,1.3999971999999998,1000,1000,False,10,3,50,5,1.3999971999999998,15.24,1000,1,1,1,1,1,Régulier,2.9762405
0,Bronze,Régulier,3.0000,Bronze,7800.035629,110,0,False,False,Bronze,4000,1000,2000,1000,0,76.19999999999999,True,1000,True,3800,True,1,0,0,1.3999971999999998,0.2,6.35,12.7,0,0,,,0,,True,False,False,False,False,False,True,300,True,3800,True,50,25,1.3999971999999998,273,0,0,3.0479999999999996,350,True,3800,True,0,-0.38674063816122667,0,0,-0.2291818957541002,-1,-1,False,False,0,0,1,300,5,1,0.6,1000,False,3000,1000,0,0,0,30,1.016,False,50,0,0,0,5,30,1.3999971999999998,0,60.96,5,1000,1000,20,1.3999971999999998,1000,1000,False,10,3,50,5,1.3999971999999998,15.24,1000,1,1,1,1,1,Régulier,2.9762405
0,Bronze,Régulier,6.0000,Bronze,7800.035629,110,0,False,False,Bronze,4000,1000,2000,1000,0,152.39999999999998,True,1000,True,3800,True,1,0,0,1.3999971999999998,0.2,6.35,12.7,0,0,,,0,,True,False,False,False,False,False,True,300,True,3800,True,50,25,1.3999971999999998,273,0,0,3.0479999999999996,350,True,3800,True,0,-0.38674063816122667,0,0,-0.2291818957541002,-1,-1,False,False,0,0,1,300,5,1,0.6,1000,False,3000,1000,0,0,0,30,1.016,False,50,0,0,0,5,30,1.3999971999999998,0,60.96,5,1000,1000,20,1.3999971999999998,1000,1000,False,10,3,50,5,1.3999971999999998,15.24,1000,1,1,1,1,1,Régulier,2.9762405
0,Carbon fiber,Standard,0.0360,Carbon fiber,7800.035629,400,0,True,False,Carbon fiber,4000,1000,2000,1000,0,0.9143999999999999,True,1000,True,3800,True,1,0,0,1.3999971999999998,0.2,3.8099999999999996,12.7,0,0,,,0,,True,False,False,False,False,False,True,300,True,3800,True,4,2,1.3999971999999998,273,0,0,45.466,350,True,3800,True,0,-4.129162870403211,0,0,-2.449662620127041,-1,-1,False,False,0,0,1,300,5,1,0.0561,1000,False,3000,1000,0,0,0,30,1.016,False,50,0,0,0,5,30,1.3999971999999998,0,5.69976,5,1000,1000,5,1.3999971999999998,1000,1000,False,10,3,50,5,1.3999971999999998,1.42494,1000,1,1,1,1,1,Standard,2.9762405
0,Carbon fiber,Standard,0.0480,Carbon fiber,7800.035629,400,0,True,False,Carbon fiber,4000,1000,2000,1000,0,1.2192,True,1000,True,3800,True,1,0,0,1.3999971999999998,0.2,3.8099999999999996,12.7,0,0,,,0,,True,False,False,False,False,False,True,300,True,3800,True,4,2,1.3999971999999998,273,0,0,45.466,350,True,3800,True,0,-4.129162870403211,0,0,-2.449662620127041,-1,-1,False,False,0,0,1,300,5,1,0.0561,1000,False,3000,1000,0,0,0,30,1.016,False,50,0,0,0,5,30,1.3999971999999998,0,5.69976,5,1000,1000,5,1.3999971999999998,1000,1000,False,10,3,50,5,1.3999971999999998,1.42494,1000,1,1,1,1,1,Standard,2.9762405
0,Carbon fiber,Standard,0.0600,Carbon fiber,7800.035629,400,0,True,False,Carbon fiber,4000,1000,2000,1000,0,1.5239999999999998,True,1000,True,3800,True,1,0,0,1.3999971999999998,0.2,3.8099999999999996,12.7,0,0,,,0,,True,False,False,False,False,False,True,300,True,3800,True,4,2,1.3999971999999998,273,0,0,45.466,350,True,3800,True,0,-4.129162870403211,0,0,-2.449662620127041,-1,-1,False,False,0,0,1,300,5,1,0.0561,1000,False,3000,1000,0,0,0,30,1.016,False,50,0,0,0,5,30,1.3999971999999998,0,5.69976,5,1000,1000,5,1.3999971999999998,1000,1000,False,10,3,50,5,1.3999971999999998,1.42494,1000,1,1,1,1,1,Standard,2.9762405
0,Carbon fiber,Standard,0.0630,Carbon fiber,7800.035629,400,0,True,False,Carbon fiber,4000,1000,2000,1000,0,1.6002,True,1000,True,3800,True,1,0,0,1.3999971999999998,0.2,6.35,12.7,0,0,,,0,,True,False,False,False,False,False,True,300,True,3800,True,2,1,1.3999971999999998,273,0,0,157.48,350,True,3800,True,0,-5.44033203100551,0,0,-4.085616779974878,-1,-1,False,False,0,0,1,300,5,1,0.0189,1000,False,3000,1000,0,0,0,30,1.016,False,50,0,0,0,5,30,1.3999971999999998,0,1.92024,5,1000,1000,5,1.3999971999999998,1000,1000,False,10,3,50,5,1.3999971999999998,0.48006,1000,1,1,1,1,1,Standard,2.9762405
0,Carbon fiber,Standard,0.0750,Carbon fiber,7800.035629,400,0,True,False,Carbon fiber,4000,1000,2000,1000,0,1.9049999999999998,True,1000,True,3800,True,1,0,0,1.3999971999999998,0.2,3.8099999999999996,12.7,0,0,,,0,,True,False,False,False,False,False,True,300,True,3800,True,4,2,1.3999971999999998,273,0,0,45.466,350,True,3800,True,0,-4.129162870403211,0,0,-2.449662620127041,-1,-1,False,False,0,0,1,300,5,1,0.0561,1000,False,3000,1000,0,0,0,30,1.016,False,50,0,0,0,5,30,1.3999971999999998,0,5.69976,5,1000,1000,5,1.3999971999999998,1000,1000,False,10,3,50,5,1.3999971999999998,1.42494,1000,1,1,1,1,1,Standard,2.9762405
0,Carbon fiber,Standard,0.1200,Carbon fiber,7800.035629,400,0,True,False,Carbon fiber,4000,1000,2000,1000,0,3.0479999999999996,True,1000,True,3800,True,1,0,0,1.3999971999999998,0,3.8099999999999996,12.7,0,0,,,0,,True,False,False,False,False,False,True,300,True,3800,True,4,2,1.3999971999999998,273,0,0,45.466,350,True,3800,True,0,-4.129162870403211,0,0,-2.449662620127041,-1,-1,False,False,0,0,1,300,5,1,0.0561,1000,False,3000,1000,0,0,0,30,1.016,False,50,0,0,0,5,30,1.3999971999999998,0,5.69976,5,1000,1000,5,1.3999971999999998,1000,1000,False,10,3,50,5,1.3999971999999998,1.42494,1000,1,1,1,1,1,Standard,2.9762405
0,Carbon fiber,Standard,0.1250,Carbon fiber,7800.035629,400,0,True,False,Carbon fiber,4000,1000,2000,1000,0,3.175,True,1000,True,3800,True,1,0,0,1.3999971999999998,0.2,2.54,12.7,0,0,,,0,,True,False,False,False,False,False,True,300,True,3800,True,6,3,1.3999971999999998,273,0,0,71.11999999999999,350,True,3800,True,0,-5.710593137499642,0,0,-3.6619355755198,-1,-1,False,False,0,0,1,300,5,1,0.042,1000,False,3000,1000,0,0,0,30,1.016,False,50,0,0,0,5,30,1.3999971999999998,0,4.2672,5,1000,1000,5,1.3999971999999998,1000,1000,False,10,3,50,5,1.3999971999999998,1.0668,1000,1,1,1,1,1,Standard,2.9762405
0,Carbon fiber,Standard,0.1350,Carbon fiber,7800.035629,400,0,True,False,Carbon fiber,4000,1000,2000,1000,0,3.429,True,1000,True,3800,True,1,0,0,1.3999971999999998,0.2,2.54,12.7,0,0,,,0,,True,False,False,False,False,False,True,300,True,3800,True,6,3,1.3999971999999998,273,0,0,71.11999999999999,350,True,3800,True,0,-5.710593137499642,0,0,-3.6619355755198,-1,-1,False,False,0,0,1,300,5,1,0.042,1000,False,3000,1000,0,0,0,30,1.016,False,50,0,0,0,5,30,1.3999971999999998,0,4.2672,5,1000,1000,5,1.3999971999999998,1000,1000,False,10,3,50,5,1.3999971999999998,1.0668,1000,1,1,1,1,1,Standard,2.9762405
0,Carbon fiber,Standard,0.1870,Carbon fiber,7800.035629,400,0,True,False,Carbon fiber,4000,1000,2000,1000,0,4.7498,True,1000,True,3800,True,1,0,0,1.3999971999999998,0,3.8099999999999996,12.7,0,0,,,0,,True,False,False,False,False,False,True,300,True,3800,True,4,2,1.3999971999999998,273,0,0,45.466,350,True,3800,True,0,-4.129162870403211,0,0,-2.449662620127041,-1,-1,False,False,0,0,1,300,5,1,0.0561,1000,False,3000,1000,0,0,0,30,1.016,False,50,0,0,0,5,30,1.3999971999999998,0,5.69976,5,1000,1000,5,1.3999971999999998,1000,1000,False,10,3,50,5,1.3999971999999998,1.42494,1000,1,1,1,1,1,Standard,2.9762405
0,Carbon fiber,Standard,0.2500,Carbon fiber,7800.035629,400,0,True,False,Carbon fiber,4000,1000,2000,1000,0,6.35,True,1000,True,3800,True,1,0,0,1.3999971999999998,0.889,3.8099999999999996,12.7,0,0,,,0,,True,False,False,False,False,False,True,300,True,1378.951456,False,3,2,1.3999971999999998,273,0,0,32.512,350,True,3800,True,0,-3.0909700035405043,0,0,-1.8328395059420577,-1,-1,False,False,0,0,1,300,5,1,0.075,1000,False,3000,1000,0,0,0,30,1.016,False,50,0,0,0,5,30,1.3999971999999998,0,7.62,5,1000,1000,5,1.3999971999999998,1000,1000,False,10,3,50,5,1.3999971999999998,1.905,1000,1,1,1,1,1,Standard,2.9762405
0,Carbon fiber,Standard,0.2540,Carbon fiber,7800.035629,400,0,True,False,Carbon fiber,4000,1000,2000,1000,0,6.4516,True,1000,True,3800,True,1,0,0,1.3999971999999998,0.2,3.8099999999999996,12.7,0,0,,,0,,True,False,False,False,False,False,True,300,True,3800,True,4,2,1.3999971999999998,273,0,0,45.466,350,True,3800,True,0,-4.129162870403211,0,0,-2.449662620127041,-1,-1,False,False,0,0,1,300,5,1,0.0561,1000,False,3000,1000,0,0,0,30,1.016,False,50,0,0,0,5,30,1.3999971999999998,0,5.69976,5,1000,1000,5,1.3999971999999998,1000,1000,False,10,3,50,5,1.3999971999999998,1.42494,1000,1,1,1,1,1,Standard,2.9762405
0,Carbon fiber,Standard,0.3120,Carbon fiber,7800.035629,400,0,True,False,Carbon fiber,4000,1000,2000,1000,0,7.9248,True,1000,True,3800,True,1,0,0,1.3999971999999998,0.38099999999999995,6.35,12.7,0,0,,,0,,True,False,False,False,False,False,True,300,True,3800,True,8,4,1.3999971999999998,273,0,0,25.4,350,True,3800,True,0,-2.477598868445699,0,0,-1.4688007143858235,-1,-1,False,False,0,0,1,300,5,1,0.0936,1000,False,3000,1000,0,0,0,30,1.016,False,50,0,0,0,5,30,1.3999971999999998,0,9.50976,5,1000,1000,5,1.3999971999999998,1000,1000,False,10,3,50,5,1.3999971999999998,2.37744,1000,1,1,1,1,1,Standard,2.9762405
0,Carbon fiber,Standard,0.3750,Carbon fiber,7800.035629,400,0,True,False,Carbon fiber,4000,1000,2000,1000,0,9.525,True,1000,True,3800,True,1,0,0,1.3999971999999998,0,6.35,12.7,0,0,,,0,,True,False,False,False,False,False,True,300,True,3800,True,2,1,1.3999971999999998,273,0,0,20.32,350,True,3800,True,0,-2.0617576907585415,0,0,-1.2221245846153128,-1,-1,False,False,0,0,1,300,5,1,0.1125,1000,False,3000,1000,0,0,0,30,1.016,False,50,0,0,0,5,30,1.3999971999999998,0,11.43,5,1000,1000,5,1.3999971999999998,1000,1000,False,10,3,50,5,1.3999971999999998,2.8575,1000,1,1,1,1,1,Standard,2.9762405
0,Carbon fiber,Standard,0.3940,Carbon fiber,7800.035629,400,0,True,False,Carbon fiber,4000,1000,2000,1000,0,10.0076,True,1000,True,3800,True,1,0,0,1.3999971999999998,0,6.35,12.7,0,0,,,0,,True,False,False,False,False,False,True,300,True,3800,True,2,1,1.3999971999999998,273,0,0,20.32,350,True,3800,True,0,-2.0617576907585415,0,0,-1.2221245846153128,-1,-1,False,False,0,0,1,300,5,1,0.1125,1000,False,3000,1000,0,0,0,30,1.016,False,50,0,0,0,5,30,1.3999971999999998,0,11.43,5,1000,1000,5,1.3999971999999998,1000,1000,False,10,3,50,5,1.3999971999999998,2.8575,1000,1,1,1,1,1,Standard,2.9762405
0,Carbon fiber,Standard,0.5000,Carbon fiber,7800.035629,400,0,True,False,Carbon fiber,4000,1000,2000,1000,0,12.7,True,1000,True,3800,True,1,0,0,1.3999971999999998,0,6.35,12.7,0,0,,,0,,True,False,False,False,False,False,True,300,True,3800,True,15,7,1.3999971999999998,273,0,0,14.731999999999998,350,True,3800,True,0,-1.489354726551402,0,0,-0.9739344366011572,-1,-1,False,False,0,0,1,300,5,1,0.15,1000,False,3000,1000,0,0,0,30,1.016,False,50,0,0,0,5,30,1.3999971999999998,0,15.24,5,1000,1000,5,1.3999971999999998,1000,1000,False,10,3,50,5,1.3999971999999998,3.81,1000,1,1,1,1,1,Standard,2.9762405
0,Carbon fiber,Standard,0.6250,Carbon fiber,7800.035629,400,0,True,False,Carbon fiber,4000,1000,2000,1000,0,15.875,True,1000,True,3800,True,1,0,0,1.3999971999999998,0,6.35,12.7,0,0,,,0,,True,False,False,False,False,False,True,300,True,3800,True,15,7,1.3999971999999998,273,0,0,11.43,350,True,3800,True,0,-1.2373964215278548,0,0,-0.7333459290514626,-1,-1,False,False,0,0,1,300,5,1,0.1875,1000,False,3000,1000,0,0,0,30,1.016,False,50,0,0,0,5,30,1.3999971999999998,0,19.05,5,1000,1000,5,1.3999971999999998,1000,1000,False,10,3,50,5,1.3999971999999998,4.7625,1000,1,1,1,1,1,Standard,2.9762405
0,Carbon fiber,Standard,0.7500,Carbon fiber,7800.035629,400,0,True,False,Carbon fiber,4000,1000,2000,1000,0,19.05,True,1000,True,3800,True,1,0,0,1.3999971999999998,0,6.35,12.7,0,0,,,0,,True,False,False,False,False,False,True,300,True,3800,True,10,5,1.3999971999999998,273,0,0,9.143999999999998,350,True,3800,True,0,-1.0312126698879533,0,0,-0.6111318044365194,-1,-1,False,False,0,0,1,300,5,1,0.225,1000,False,3000,1000,0,0,0,30,1.016,False,50,0,0,0,5,30,1.3999971999999998,0,22.86,5,1000,1000,5,1.3999971999999998,1000,1000,False,10,3,50,5,1.3999971999999998,5.715,1000,1,1,1,1,1,Standard,2.9762405
0,Carbon fiber,Standard,0.8750,Carbon fiber,7800.035629,400,0,True,False,Carbon fiber,4000,1000,2000,1000,0,22.225,True,1000,True,3800,True,1,0,0,1.3999971999999998,0.2,6.35,12.7,0,0,,,0,,True,False,False,False,False,False,True,300,True,3800,True,10,5,1.3999971999999998,273,0,0,7.619999999999999,350,True,3800,True,0,-0.8839218947283454,0,0,-0.5238325312609574,-1,-1,False,False,0,0,1,300,5,1,0.2625,1000,False,3000,1000,0,0,0,30,1.016,False,50,0,0,0,5,30,1.3999971999999998,0,26.67,5,1000,1000,5,1.3999971999999998,1000,1000,False,10,3,50,5,1.3999971999999998,6.6675,1000,1,1,1,1,1,Standard,2.9762405
0,Carbon fiber,Standard,1.0000,Carbon fiber,7800.035629,400,0,True,False,Carbon fiber,4000,1000,2000,1000,0,25.4,True,1000,True,3800,True,1,0,0,1.3999971999999998,1.016,6.35,12.7,0,0,,,0,,True,False,False,False,False,False,True,300,True,3800,True,30,15,1.3999971999999998,273,0,0,6.604,350,True,3800,True,0,-0.7734460388630937,0,0,-0.4583564580004311,-1,-1,False,False,0,0,1,300,5,1,0.3,1000,False,3000,1000,0,0,0,30,1.016,False,50,0,0,0,5,30,1.3999971999999998,0,30.48,5,1000,1000,5,1.3999971999999998,1000,1000,False,10,3,50,5,1.3999971999999998,7.62,1000,1,1,1,1,1,Standard,2.9762405
0,Carbon fiber,Standard,1.2500,Carbon fiber,7800.035629,400,0,True,False,Carbon fiber,4000,1000,2000,1000,0,31.75,True,1000,True,3800,True,1,0,0,1.3999971999999998,0.2,6.35,12.7,0,0,,,0,,True,False,False,False,False,False,True,300,True,3800,True,35,17,1.3999971999999998,273,0,0,5.08,350,True,3800,True,0,-0.6187703616978745,0,0,-0.36668798242515643,-1,-1,False,False,0,0,1,300,5,1,0.375,1000,False,3000,1000,0,0,0,30,1.016,False,50,0,0,0,5,30,1.3999971999999998,0,38.1,5,1000,1000,5,1.3999971999999998,1000,1000,False,10,3,50,5,1.3999971999999998,9.525,1000,1,1,1,1,1,Standard,2.9762405
0,Carbon fiber,Standard,1.5000,Carbon fiber,7800.035629,400,0,True,False,Carbon fiber,4000,1000,2000,1000,0,38.1,True,1000,True,3800,True,1,0,0,1.3999971999999998,0,6.35,12.7,0,0,,,0,,True,False,False,False,False,False,True,300,True,3800,True,40,20,1.3999971999999998,273,0,0,4.064,350,True,3800,True,0,-0.5156480934199321,0,0,-0.3055745934585659,-1,-1,False,False,0,0,1,300,5,1,0.45,1000,False,3000,1000,0,0,0,30,1.016,False,50,0,0,0,5,30,1.3999971999999998,0,45.72,5,1000,1000,20,1.3999971999999998,1000,800,False,10,3,50,5,1.3999971999999998,11.43,1000,1,1,1,1,1,Standard,2.9762405
0,Carbon fiber,Standard,1.7500,Carbon fiber,7800.035629,400,0,True,False,Carbon fiber,4000,1000,2000,1000,0,44.45,True,1000,True,3800,True,1,0,0,1.3999971999999998,0.2,6.35,12.7,0,0,,,0,,True,False,False,False,False,False,True,300,True,3800,True,45,22,1.3999971999999998,273,0,0,3.556,350,True,3800,True,0,-0.4419872459420313,0,0,-0.26192173895527376,-1,-1,False,False,0,0,1,300,5,1,0.525,1000,False,3000,1000,0,0,0,30,1.016,False,50,0,0,0,5,30,1.3999971999999998,0,53.34,5,1000,1000,5,1.3999971999999998,1000,1000,False,10,3,50,5,1.3999971999999998,13.335,1000,1,1,1,1,1,Standard,2.9762405
0,Carbon fiber,Standard,2.0000,Carbon fiber,7800.035629,400,0,True,False,Carbon fiber,4000,1000,2000,1000,0,50.8,True,1000,True,3800,True,1,0,0,1.3999971999999998,0.2,6.35,12.7,0,0,,,0,,True,False,False,False,False,False,True,300,True,3800,True,50,25,1.3999971999999998,273,0,0,3.0479999999999996,350,True,3800,True,0,-0.38674063816122667,0,0,-0.2291818957541002,-1,-1,False,False,0,0,1,300,5,1,0.6,1000,False,3000,1000,0,0,0,30,1.016,False,50,0,0,0,5,30,1.3999971999999998,0,60.96,5,1000,1000,20,1.3999971999999998,1000,1000,False,10,3,50,5,1.3999971999999998,15.24,1000,1,1,1,1,1,Standard,2.9762405
0,Ceramic Tile,Standard,0.0630,Ceramic Tile,2800.013389,435,0,True,False,Ceramic Tile,5000,1000,2000,1000,0,1.6002,True,1000,True,3800,True,1,0,0,1.3999971999999998,0.2,6.35,12.7,0,0,,,0,,True,False,False,False,False,False,True,300,False,1379,False,1.3,1,1.3999971999999998,273,0,0,1000,350,True,3800,True,0,0,0,0,-1,-1,-1,False,False,0,0,1,300,5,1,0.0189,1000,False,3000,1000,0,0,0,30,1.016,False,50,0,0,0,5,30,1.3999971999999998,0,1.92024,5,1000,1000,5,1.3999971999999998,1000,1000,False,10,3,50,5,1.3999971999999998,0.48006,1000,1,1,1,1,1,Standard,1
0,Ceramic Tile,Standard,0.1250,Ceramic Tile,2800.013389,435,0,True,False,Ceramic Tile,5000,1000,2000,1000,0,3.175,True,1000,True,3800,True,1,0,0,1.3999971999999998,0.2,6.35,12.7,0,0,,,0,,True,False,False,False,False,False,True,300,False,1379,False,1.3,1,1.3999971999999998,273,0,0,1000,350,True,3800,True,0,0,0,0,-1,-1,-1,False,False,0,0,1,300,5,1,0.0375,1000,False,3000,1000,0,0,0,30,1.016,False,50,0,0,0,5,30,1.3999971999999998,0,3.81,5,1000,1000,5,1.3999971999999998,1000,1000,False,10,3,50,5,1.3999971999999998,0.9525,1000,1,1,1,1,1,Standard,1
0,Ceramic Tile,Standard,0.1870,Ceramic Tile,2800.013389,435,0,True,False,Ceramic Tile,5000,1000,2000,1000,0,4.7498,True,1000,True,3800,True,1,0,0,1.3999971999999998,0.2,6.35,12.7,0,0,,,0,,True,False,False,False,False,False,True,300,False,1379,False,1.3,1,1.3999971999999998,273,0,0,1000,350,True,3800,True,0,0,0,0,-1,-1,-1,False,False,0,0,1,300,5,1,0.0561,1000,False,3000,1000,0,0,0,30,1.016,False,50,0,0,0,5,30,1.3999971999999998,0,5.69976,5,1000,1000,5,1.3999971999999998,1000,1000,False,10,3,50,5,1.3999971999999998,1.42494,1000,1,1,1,1,1,Standard,1
0,Ceramic Tile,Standard,0.2500,Ceramic Tile,2800.013389,435,0,True,False,Ceramic Tile,5000,1000,2000,1000,0,6.35,True,1000,True,3800,True,1,0,0,1.3999971999999998,0.2,6.35,12.7,0,0,,,0,,True,False,False,False,False,False,True,300,False,1379,False,1.3,1,1.3999971999999998,273,0,0,914.4,350,True,3800,True,0,0,0,0,-1,-1,-1,False,False,0,0,1,300,5,1,0.075,1000,False,3000,1000,0,0,0,30,1.016,False,50,0,0,0,5,30,1.3999971999999998,0,7.62,5,1000,1000,5,1.3999971999999998,1000,1000,False,10,3,50,5,1.3999971999999998,1.905,1000,1,1,1,1,1,Standard,1
0,Ceramic Tile,Standard,0.3750,Ceramic Tile,2800.013389,435,0,True,False,Ceramic Tile,5000,1000,2000,1000,0,9.525,True,1000,True,3800,True,1,0,0,1.3999971999999998,0.2,6.35,12.7,0,0,,,0,,True,False,False,False,False,False,True,300,False,1379,False,2.5,2,1.3999971999999998,273,0,0,584.1999999999999,350,True,3800,True,0,0,0,0,-1,-1,-1,False,False,0,0,1,300,5,1,0.1125,1000,False,3000,1000,0,0,0,30,1.016,False,50,0,0,0,5,30,1.3999971999999998,0,11.43,5,1000,1000,5,1.3999971999999998,1000,1000,False,10,3,50,5,1.3999971999999998,2.8575,1000,1,1,1,1,1,Standard,1
0,Ceramic Tile,Standard,0.4000,Ceramic Tile,2800.013389,435,0,True,False,Ceramic Tile,5000,1000,2000,1000,0,10.16,True,1000,True,3800,True,1,0,0,1.3999971999999998,0.2,6.35,12.7,0,0,,,0,,True,False,False,False,False,False,True,300,True,1379,False,2.5,2,1.3999971999999998,273,0,0,584.1999999999999,350,True,3800,True,0,0,0,0,-1,-1,-1,False,False,0,0,1,300,5,1,0.1125,1000,False,3000,1000,0,0,0,30,1.016,False,50,0,0,0,5,30,1.3999971999999998,0,11.43,5,1000,1000,5,1.3999971999999998,1000,1000,False,10,3,50,5,1.3999971999999998,2.8575,1000,1,1,1,1,1,Standard,1
0,Ceramic Tile,Standard,0.5000,Ceramic Tile,2800.013389,435,0,True,False,Ceramic Tile,5000,1000,2000,1000,0,12.7,True,1000,True,3800,True,1,0,0,1.3999971999999998,0.2,6.35,12.7,0,0,,,0,,True,False,False,False,False,False,True,300,False,1379,False,5,4,1.3999971999999998,273,0,0,406.4,350,True,3800,True,0,0,0,0,-1,-1,-1,False,False,0,0,1,300,5,1,0.15,1000,False,3000,1000,0,0,0,30,1.016,False,50,0,0,0,5,30,1.3999971999999998,0,15.24,5,1000,1000,5,1.3999971999999998,1000,1000,False,10,3,50,5,1.3999971999999998,3.81,1000,1,1,1,1,1,Standard,1
0,Ceramic Tile,Standard,0.6250,Ceramic Tile,2800.013389,435,0,True,False,Ceramic Tile,5000,1000,2000,1000,0,15.875,True,1000,True,3800,True,1,0,0,1.3999971999999998,0.2,6.35,12.7,0,0,,,0,,True,False,False,False,False,False,True,300,False,1379,False,7.5,6,1.3999971999999998,273,0,0,304.79999999999995,350,True,3800,True,0,0,0,0,-1,-1,-1,False,False,0,0,1,300,5,1,0.1875,1000,False,3000,1000,0,0,0,30,1.016,False,50,0,0,0,5,30,1.3999971999999998,0,19.05,5,1000,1000,5,1.3999971999999998,1000,1000,False,10,3,50,5,1.3999971999999998,4.7625,1000,1,1,1,1,1,Standard,1
0,Ceramic Tile,Standard,0.7500,Ceramic Tile,2800.013389,435,0,True,False,Ceramic Tile,5000,1000,2000,1000,0,19.05,True,1000,True,3800,True,1,0,0,1.3999971999999998,0.2,6.35,12.7,0,0,,,0,,True,False,False,False,False,False,True,300,False,1379,False,7.5,4,1.3999971999999998,273,0,0,254,350,True,3800,True,0,0,0,0,-1,-1,-1,False,False,0,0,1,300,5,1,0.225,1000,False,3000,1000,0,0,0,30,1.016,False,50,0,0,0,5,30,1.3999971999999998,0,22.86,5,1000,1000,5,1.3999971999999998,1000,1000,False,10,3,50,5,1.3999971999999998,5.715,1000,1,1,1,1,1,Standard,1
0,Ceramic Tile,Standard,1.0000,Ceramic Tile,2800.013389,435,0,True,False,Ceramic Tile,5000,1000,2000,1000,0,25.4,True,1000,True,3800,True,1,0,0,1.3999971999999998,0.2,6.35,12.7,0,0,,,0,,True,False,False,False,False,False,True,300,False,1379,False,10,8,1.3999971999999998,273,0,0,177.79999999999998,350,True,3800,True,0,0,0,0,-1,-1,-1,False,False,0,0,1,300,5,1,0.3,1000,False,3000,1000,0,0,0,30,1.016,False,50,0,0,0,5,30,1.3999971999999998,0,30.48,5,1000,1000,5,1.3999971999999998,1000,1000,False,10,3,50,5,1.3999971999999998,7.62,1000,1,1,1,1,1,Standard,1
0,Ceramic Tile,Standard,2.0000,Ceramic Tile,2800.013389,435,0,True,False,Ceramic Tile,5000,1000,2000,1000,0,50.8,True,1000,True,3800,True,1,0,0,1.3999971999999998,0.2,6.35,12.7,0,0,,,0,,True,False,False,False,False,False,True,300,False,1379,False,10,8,1.3999971999999998,273,0,0,177.79999999999998,350,True,3800,True,0,-0.35809395932356997,0,0,-0.25782926747071294,-1,-1,False,False,0,0,1,300,5,1,0.3,1000,False,3000,1000,0,0,0,30,1.016,False,50,0,0,0,5,30,1.3999971999999998,0,30.48,5,1000,1000,5,1.3999971999999998,1000,1000,False,10,3,50,5,1.3999971999999998,7.62,1000,1,1,1,1,1,Standard,1
0,Ceramic Tile,Standard,6.0000,Ceramic Tile,2800.013389,435,0,True,False,Ceramic Tile,5000,1000,2000,1000,0,152.39999999999998,True,1000,True,3800,True,1,0,0,1.3999971999999998,0.38099999999999995,6.35,12.7,0,0,,,0,,True,False,False,False,False,False,True,300,False,1379,False,10,8,1.3999971999999998,273,0,0,177.79999999999998,350,True,3800,True,0,-0.2148581660301817,0,0,-0.1909852243596878,-1,-1,False,False,0,0,1,300,5,1,0.3,1000,False,3000,1000,0,0,0,30,1.016,False,50,0,0,0,5,30,1.3999971999999998,0,30.48,5,1000,1000,5,1.3999971999999998,1000,1000,False,10,3,50,5,1.3999971999999998,7.62,1000,1,1,1,1,1,Standard,1
0,Copper,Standard,0.0630,Copper,8900.04047,110,0,False,False,Copper,5000,1000,2000,1000,0,1.6002,True,1000,True,3800,True,1,0,0,1.3999971999999998,0.7111999999999999,6.35,12.7,0,0,,,0,,True,False,False,False,False,False,True,300,True,3800,True,1,1,1.3999971999999998,273,0,0,1000,350,True,3800,True,0,0,0,0,-1,-1,-1,False,False,0,0,1,300,5,1,0.0189,1000,False,3000,1000,0,0,0,30,1,False,50,0,0,0,5,30,1.3999971999999998,0,1.92024,5,1000,1000,5,1.3999971999999998,1000,1000,False,10,3,50,5,1.3999971999999998,0.48006,1000,1,1,1,1,1,Standard,1
0,Copper,Standard,0.0930,Copper,8900.04047,110,0,False,False,Copper,5000,1000,2000,1000,0,2.3621999999999996,True,1000,True,3800,True,1,0,0,1.3999971999999998,0.635,6.35,12.7,0,0,,,0,,True,False,False,False,False,False,True,300,True,3800,True,1,1,1.3999971999999998,273,0,0,1000,350,True,3800,True,0,0,0,0,-1,-1,-1,False,False,0,0,1,300,5,1,0.0189,1000,False,3000,1000,0,0,0,30,1,False,50,0,0,0,5,30,1.3999971999999998,0,1.92024,5,1000,1000,5,1.3999971999999998,1000,1000,False,10,3,50,5,1.3999971999999998,0.48006,1000,1,1,1,1,1,Standard,1
0,Copper,Standard,0.1250,Copper,8900.04047,110,0,False,False,Copper,5000,1000,2000,1000,0,3.175,True,1000,True,3800,True,1,0,0,1.3999971999999998,0.7111999999999999,6.35,12.7,0,0,,,0,,True,False,False,False,False,False,True,300,True,3800,True,1.5,1,1.3999971999999998,273,0,0,469.9,350,True,3800,True,0,0,0,0,-1,-1,-1,False,False,0,0,1,300,5,1,0.0375,1000,False,3000,1000,0,0,0,30,1.016,False,50,0,0,0,5,30,1.3999971999999998,0,3.81,5,1000,1000,5,1.3999971999999998,1000,1000,False,10,3,50,5,1.3999971999999998,0.9525,1000,1,1,1,1,1,Standard,1
0,Copper,Standard,0.1650,Copper,8900.04047,110,0,False,False,Copper,5000,1000,2000,1000,0,4.191,True,1000,True,3800,True,1,0,0,1.3999971999999998,0.635,6.35,12.7,0,0,,,0,,True,False,False,False,False,False,True,300,True,3800,True,6,3,1.3999971999999998,273,0,0,95.50399999999999,350,True,3800,True,0,-4.159642293712644,0,0,-2.602562202499832,-1,-1,False,False,0,0,1,300,5,1,0.15,1000,False,3000,1000,0,0,0,30,1.016,False,50,0,0,0,5,30,1.3999971999999998,0,15.24,5,1000,1000,5,1.3999971999999998,1000,1000,False,10,3,50,5,1.3999971999999998,3.81,1000,1,1,1,1,1,Standard,1
0,Copper,Standard,0.1870,Copper,8900.04047,110,0,False,False,Copper,5000,1000,2000,1000,0,4.7498,True,1000,True,3800,True,1,0,0,1.3999971999999998,0.45719999999999994,6.35,12.7,0,0,,,0,,True,False,False,False,False,False,True,300,True,3800,True,2,1,1.3999971999999998,273,0,0,295.656,350,True,3800,True,0,0,0,0,-1,-1,-1,False,False,0,0,1,300,5,1,0.0561,1000,False,3000,1000,0,0,0,30,1.016,False,50,0,0,0,5,30,1.3999971999999998,0,5.69976,5,1000,1000,5,1.3999971999999998,1000,1000,False,10,3,50,5,1.3999971999999998,1.42494,1000,1,1,1,1,1,Standard,1
0,Copper,Standard,0.2500,Copper,8900.04047,110,0,False,False,Copper,5000,1000,2000,1000,0,6.35,True,1000,True,3800,True,1,0,0,1.3999971999999998,0.254,6.35,12.7,0,0,,,0,,True,False,False,False,False,False,True,300,True,3800,True,3,2,1.3999971999999998,273,0,0,211.83599999999998,350,True,3800,True,0,-2.862405226111755,0,0,-1.7183580016554743,-1,-1,False,False,0,0,1,300,5,1,0.075,1000,False,3000,1000,0,0,0,30,1.016,False,50,0,0,0,5,30,1.3999971999999998,0,7.62,5,1000,1000,5,1.3999971999999998,1000,1000,False,10,3,50,5,1.3999971999999998,1.905,1000,1,1,1,1,1,Standard,1
0,Copper,Standard,0.3130,Copper,8900.04047,110,0,False,False,Copper,5000,1000,2000,1000,0,7.9502,True,1000,True,3800,True,1,0,0,1.3999971999999998,0.254,6.35,12.7,0,0,,,0,,True,False,False,False,False,False,True,300,True,3800,True,3,2,1.3999971999999998,273,0,0,211.83599999999998,350,True,3800,True,0,-2.862405226111755,0,0,-1.7183580016554743,-1,-1,False,False,0,0,1,300,5,1,0.075,1000,False,3000,1000,0,0,0,30,1.016,False,50,0,0,0,5,30,1.3999971999999998,0,7.62,5,1000,1000,5,1.3999971999999998,1000,1000,False,10,3,50,5,1.3999971999999998,1.905,1000,1,1,1,1,1,Standard,1
0,Copper,Standard,0.3750,Copper,8900.04047,110,0,False,False,Copper,5000,1000,2000,1000,0,9.525,True,1000,True,3800,True,1,0,0,1.3999971999999998,0.635,6.35,12.7,0,0,,,0,,True,False,False,False,False,False,True,300,True,3800,True,5,3,1.3999971999999998,273,0,0,132.842,350,True,3800,True,0,-2.0617576907585415,0,0,-0.8402778519468734,-1,-1,False,False,0,0,1,300,5,1,0.1125,1000,False,3000,1000,0,0,0,30,1.016,False,50,0,0,0,5,30,1.3999971999999998,0,11.43,5,1000,1000,5,1.3999971999999998,1000,1000,False,10,3,50,5,1.3999971999999998,2.8575,1000,1,1,1,1,1,Standard,1
0,Copper,Standard,0.3940,Copper,8900.04047,110,0,False,False,Copper,5000,1000,2000,1000,0,10.0076,True,1000,True,3800,True,1,0,0,1.3999971999999998,0.508,6.35,12.7,0,0,,,0,,True,False,False,False,False,False,True,300,True,3800,True,6,3,1.3999971999999998,273,0,0,95.50399999999999,350,True,3800,True,0,-1.6611120451898957,0,0,-1.0312126698879536,-1,-1,False,False,0,0,1,300,5,1,0.15,1000,False,3000,1000,0,0,0,30,1.016,False,50,0,0,0,5,30,1.3999971999999998,0,15.24,5,1000,1000,5,1.3999971999999998,1000,1000,False,10,3,50,5,1.3999971999999998,3.81,1000,1,1,1,1,1,Standard,1
0,Copper,Standard,0.5000,Copper,8900.04047,110,0,False,False,Copper,5000,1000,2000,1000,0,12.7,True,1000,True,3800,True,1,0,0,1.3999971999999998,0.45719999999999994,6.35,12.7,0,0,,,0,,True,False,False,False,False,False,True,300,True,3800,True,6,3,1.3999971999999998,273,0,0,95.50399999999999,350,True,3800,True,0,-1.6611120451898957,0,0,-1.0312126698879536,-1,-1,False,False,0,0,1,300,5,1,0.15,1000,False,3000,1000,0,0,0,30,1.016,False,50,0,0,0,5,30,1.3999971999999998,0,15.24,5,1000,1000,5,1.3999971999999998,1000,1000,False,10,3,50,5,1.3999971999999998,3.81,1000,1,1,1,1,1,Standard,1
0,Copper,Standard,0.6250,Copper,8900.04047,110,0,False,False,Copper,5000,1000,2000,1000,0,15.875,True,1000,True,3800,True,1,0,0,1.3999971999999998,0.7111999999999999,6.35,12.7,0,0,,,0,,True,False,False,False,False,False,True,300,True,3800,True,7.5,4,1.3999971999999998,273,0,0,73.914,350,True,3800,True,0,0,0,0,-1,-1,-1,False,False,0,0,1,300,5,1,0.1875,1000,False,3000,1000,0,0,0,30,1.016,False,50,0,0,0,5,30,1.3999971999999998,0,19.05,5,1000,1000,5,1.3999971999999998,1000,1000,False,10,3,50,5,1.3999971999999998,4.7625,1000,1,1,1,1,1,Standard,1
0,Copper,Standard,0.7500,Copper,8900.04047,110,0,False,False,Copper,5000,1000,2000,1000,0,19.05,True,1000,True,3800,True,1,0,0,1.3999971999999998,0.2,6.35,12.7,0,0,,,0,,True,False,False,False,False,False,True,300,True,3800,True,10,6,1.3999971999999998,273,0,0,59.943999999999996,350,True,3800,True,0,0,0,0,-1,-1,-1,False,False,0,0,1,300,5,1,0.225,1000,False,3000,1000,0,0,0,30,1.016,False,50,0,0,0,5,30,1.3999971999999998,0,22.86,5,1000,1000,5,1.3999971999999998,1000,1000,False,10,3,50,5,1.3999971999999998,5.715,1000,1,1,1,1,1,Standard,1
0,Copper,Standard,1.0000,Copper,8900.04047,110,0,False,False,Copper,5000,1000,2000,1000,0,25.4,True,1000,True,3800,True,1,0,0,1.3999971999999998,0.2,6.35,12.7,0,0,,,0,,True,False,False,False,False,False,True,300,True,3800,True,12.5,8,1.3999971999999998,273,0,0,42.925999999999995,350,True,3800,True,0,0,0,0,-1,-1,-1,False,False,0,0,1,300,5,1,0.3,1000,False,3000,1000,0,0,0,30,1.016,False,50,0,0,0,5,30,1.3999971999999998,0,30.48,5,1000,1000,5,1.3999971999999998,1000,1000,False,10,3,50,5,1.3999971999999998,7.62,1000,1,1,1,1,1,Standard,1
0,Copper,Standard,1.2500,Copper,8900.04047,110,0,False,False,Copper,5000,1000,2000,1000,0,31.75,True,1000,True,3800,True,1,0,0,1.3999971999999998,0.2,6.35,12.7,0,0,,,0,,True,False,False,False,False,False,True,300,True,3800,True,15,9,1.3999971999999998,273,0,0,33.274,350,True,3800,True,0,0,0,0,-1,-1,-1,False,False,0,0,1,300,5,1,0.375,1000,False,3000,1000,0,0,0,30,1.016,False,50,0,0,0,5,30,1.3999971999999998,0,38.1,5,1000,1000,5,1.3999971999999998,1000,1000,False,10,3,50,5,1.3999971999999998,9.525,1000,1,1,1,1,1,Standard,1
0,Copper,Standard,1.5000,Copper,8900.04047,110,0,False,False,Copper,5000,1000,2000,1000,0,38.1,True,1000,True,3800,True,1,0,0,1.3999971999999998,0.2,6.35,12.7,0,0,,,0,,True,False,False,False,False,False,True,300,True,3800,True,20,12,1.3999971999999998,273,0,0,26.924,350,True,3800,True,0,0,0,0,-1,-1,-1,False,False,0,0,1,300,5,1,0.45,1000,False,3000,1000,0,0,0,30,1.016,False,50,0,0,0,5,30,1.3999971999999998,0,45.72,5,1000,1000,5,1.3999971999999998,1000,1000,False,10,3,50,5,1.3999971999999998,11.43,1000,1,1,1,1,1,Standard,1
0,Copper,Standard,1.7500,Copper,8900.04047,110,0,False,False,Copper,5000,1000,2000,1000,0,44.45,True,1000,True,3800,True,1,0,0,1.3999971999999998,0.2,6.35,12.7,0,0,,,0,,True,False,False,False,False,False,True,300,True,3800,True,22.5,14,1.3999971999999998,273,0,0,22.605999999999998,350,True,3800,True,0,0,0,0,-1,-1,-1,False,False,0,0,1,300,5,1,0.525,1000,False,3000,1000,0,0,0,30,1.016,False,50,0,0,0,5,30,1.3999971999999998,0,53.34,5,1000,1000,5,1.3999971999999998,1000,1000,False,10,3,50,5,1.3999971999999998,13.335,1000,1,1,1,1,1,Standard,1
0,Copper,Standard,2.0000,Copper,8900.04047,110,0,False,False,Copper,5000,1000,2000,1000,0,50.8,True,1000,True,3800,True,1,0,0,1.3999971999999998,0.2,6.35,12.7,0,0,,,0,,True,False,False,False,False,False,True,300,True,3800,True,25,15,1.3999971999999998,273,0,0,19.304,350,True,3800,True,0,0,0,0,-1,-1,-1,False,False,0,0,1,300,5,1,0.6,1000,False,3000,1000,0,0,0,30,1.016,False,50,0,0,0,5,30,1.3999971999999998,0,60.96,5,1000,1000,5,1.3999971999999998,1000,1000,False,10,3,50,5,1.3999971999999998,15.24,1000,1,1,1,1,1,Standard,1
0,Delrin,Standard,0.2500,Delrin,7800.035533,200,0,False,False,Delrin,4000,1000,2000,1000,0,6.35,True,1000,True,3800,True,1,0,0,1.3999971999999998,0.2,6.35,12.7,0,0,,,0,,True,False,False,False,False,False,True,300,True,2000,True,3,20,1.3999971999999998,273,0,0,50.8,350,True,3800,True,0,0,0,0,-1,-1,-1,False,False,0,0,1,300,5,1,0.45,1000,False,3000,1000,0,0,0,30,1.016,False,50,0,0,0,5,30,1.3999971999999998,0,45.72,5,1000,1000,5,1.3999971999999998,1000,1000,False,10,3,50,5,1.3999971999999998,11.43,1000,1,1,1,1,1,Standard,1
0,Delrin,Standard,0.7500,Delrin,7800.035533,200,0,False,False,Delrin,4000,1000,2000,1000,0,19.049999999999997,True,1000,True,3800,True,1,0,0,1.3999971999999998,0.2,6.35,12.7,0,0,,,0,,True,False,False,False,False,False,True,300,True,2000,True,3,20,1.3999971999999998,273,0,0,50.8,350,True,3800,True,0,0,0,0,-1,-1,-1,False,False,0,0,1,300,5,1,0.45,1000,False,3000,1000,0,0,0,30,1.016,False,50,0,0,0,5,30,1.3999971999999998,0,45.72,5,1000,1000,5,1.3999971999999998,1000,1000,False,10,3,50,5,1.3999971999999998,11.43,1000,1,1,1,1,1,Standard,1
0,Delrin,Standard,1.5000,Delrin,7800.035533,200,0,False,False,Delrin,4000,1000,2000,1000,0,38.1,True,1000,True,3800,True,1,0,0,1.3999971999999998,0.2,6.35,12.7,0,0,,,0,,True,False,False,False,False,False,True,300,True,2000,True,3,20,1.3999971999999998,273,0,0,50.8,350,True,3800,True,0,0,0,0,-1,-1,-1,False,False,0,0,1,300,5,1,0.45,1000,False,3000,1000,0,0,0,30,1.016,False,50,0,0,0,5,30,1.3999971999999998,0,45.72,5,1000,1000,5,1.3999971999999998,1000,1000,False,10,3,50,5,1.3999971999999998,11.43,1000,1,1,1,1,1,Standard,1
0,Dyneema,Standard,0.1250,Dyneema,2700.011337,220,0,True,True,Dyneema,4000,1000,2000,1000,0,3.175,True,1000,True,3800,True,1,0,0,1.3999971999999998,0.2,6.35,12.7,0,0,,,0,,True,False,False,False,False,False,True,300,False,1034.213592,False,3,1,1.3999971999999998,273,0,0,1000,350,True,3800,True,0,0,0,0,-1,-1,-1,False,False,0,0,1,300,5,1,0.0375,1000,False,3000,1000,0,0,0,30,1.016,False,50,0,0,0,5,30,1.3999971999999998,0,3.81,5,1000,1000,5,1.3999971999999998,1000,1000,False,10,3,50,5,1.3999971999999998,0.9525,1000,1,1,1,1,1,Standard,1
0,Dyneema,Standard,0.2500,Dyneema,2700.011337,220,0,True,True,Dyneema,4000,1000,2000,1000,0,6.35,True,1000,True,3800,True,1,0,0,1.3999971999999998,0.2,6.35,12.7,0,0,,,0,,True,False,False,False,False,False,True,300,False,1034.213592,False,3,1,1.3999971999999998,273,0,0,469.9,350,True,3800,True,0,0,0,0,-1,-1,-1,False,False,0,0,1,300,5,1,0.075,1000,False,3000,1000,0,0,0,30,1.016,False,50,0,0,0,5,30,1.3999971999999998,0,7.62,5,1000,1000,5,1.3999971999999998,1000,1000,False,10,3,50,5,1.3999971999999998,1.905,1000,1,1,1,1,1,Standard,1
0,Dyneema,Standard,0.3750,Dyneema,2700.011337,220,0,True,True,Dyneema,4000,1000,2000,1000,0,9.525,True,1000,True,3800,True,1,0,0,1.3999971999999998,0.2,6.35,12.7,0,0,,,0,,True,False,False,False,False,False,True,300,False,1034.213592,False,8,3,1.3999971999999998,273,0,0,294.89399999999995,350,True,3800,True,0,0,0,0,-1,-1,-1,False,False,0,0,1,300,5,1,0.1125,1000,False,3000,1000,0,0,0,30,1.016,False,50,0,0,0,5,30,1.3999971999999998,0,11.43,5,1000,1000,5,1.3999971999999998,1000,1000,False,10,3,50,5,1.3999971999999998,2.8575,1000,1,1,1,1,1,Standard,1
0,Dyneema,Standard,0.5000,Dyneema,2700.011337,220,0,True,True,Dyneema,4000,1000,2000,1000,0,12.7,True,1000,True,3800,True,1,0,0,1.3999971999999998,0.2,6.35,12.7,0,0,,,0,,True,False,False,False,False,False,True,300,False,1034.213592,False,12,5,1.3999971999999998,273,0,0,211.83599999999998,350,True,3800,True,0,0,0,0,-1,-1,-1,False,False,0,0,1,300,5,1,0.15,1000,False,3000,1000,0,0,0,30,1.016,False,50,0,0,0,5,30,1.3999971999999998,0,15.24,5,1000,1000,5,1.3999971999999998,1000,1000,False,10,3,50,5,1.3999971999999998,3.81,1000,1,1,1,1,1,Standard,1
0,Dyneema,Standard,0.6250,Dyneema,2700.011337,220,0,True,True,Dyneema,4000,1000,2000,1000,0,15.875,True,1000,True,3800,True,1,0,0,1.3999971999999998,0.2,6.35,12.7,0,0,,,0,,True,False,False,False,False,False,True,300,False,1034.213592,False,25,10,1.3999971999999998,273,0,0,163.82999999999998,350,True,3800,True,0,0,0,0,-1,-1,-1,False,False,0,0,1,300,5,1,0.1875,1000,False,3000,1000,0,0,0,30,1.016,False,50,0,0,0,5,30,1.3999971999999998,0,19.05,5,1000,1000,5,1.3999971999999998,1000,1000,False,10,3,50,5,1.3999971999999998,4.7625,1000,1,1,1,1,1,Standard,1
0,Dyneema,Standard,1.0000,Dyneema,2700.011337,220,0,True,True,Dyneema,4000,1000,2000,1000,0,25.4,True,1000,True,3800,True,1,0,0,1.3999971999999998,0.2,6.35,12.7,0,0,,,0,,True,False,False,False,False,False,True,300,False,1034.213592,False,25,10,1.3999971999999998,273,0,0,95.50399999999999,350,True,3800,True,0,0,0,0,-1,-1,-1,False,False,0,0,1,300,5,1,0.3,1000,False,3000,1000,0,0,0,30,1.016,False,50,0,0,0,5,30,1.3999971999999998,0,30.48,5,1000,1000,5,1.3999971999999998,1000,1000,False,10,3,50,5,1.3999971999999998,7.62,1000,1,1,1,1,1,Standard,1
0,Dyneema,Standard,2.0000,Dyneema,2700.011337,220,0,True,True,Dyneema,4000,1000,2000,1000,0,50.8,True,1000,True,3800,True,1,0,0,1.3999971999999998,0.2,6.35,12.7,0,0,,,0,,True,False,False,False,False,False,True,300,False,1034.213592,False,50,20,1.3999971999999998,273,0,0,42.925999999999995,350,True,3800,True,0,0,0,0,-1,-1,-1,False,False,0,0,1,300,5,1,0.6,1000,False,3000,1000,0,0,0,30,1.016,False,50,0,0,0,5,30,1.3999971999999998,0,60.96,5,1000,1000,5,1.3999971999999998,1000,1000,False,10,3,50,5,1.3999971999999998,15.24,1000,1,1,1,1,1,Standard,1
0,Fabreeka TIM,Standard,0.0625,Fabreeka TIM,7800.035869,400,0,False,False,Fabreeka TIM,4000,1000,2000,1000,0,1.5875,True,1000,True,3800,True,1,0,0,1.3999971999999998,0.2,3.8099999999999996,12.7,0,0,,,0,,True,False,False,False,False,False,True,300,False,1034.213592,False,4,2,1.3999971999999998,273,0,0,381,350,True,3800,True,0,0,0,0,-1,-1,-1,False,False,0,0,1,300,5,1,0.0375,2540,False,3000,1000,0,0,0,30,1.016,False,50,0,0,0,5,30,1.3999971999999998,0,3.81,5,1000,1000,5,1.3999971999999998,1000,1000,False,10,3,50,5,1.3999971999999998,0.9525,1000,1,1,1,1,1,Standard,1
0,Fabreeka TIM,Standard,0.1250,Fabreeka TIM,7800.035869,400,0,False,False,Fabreeka TIM,4000,1000,2000,1000,0,3.175,True,1000,True,3800,True,1,0,0,1.3999971999999998,0.2,3.8099999999999996,12.7,0,0,,,0,,True,False,False,False,False,False,True,300,False,1034.213592,False,4,2,1.3999971999999998,273,0,0,381,350,True,3800,True,0,0,0,0,-1,-1,-1,False,False,0,0,1,300,5,1,0.0375,2540,False,3000,1000,0,0,0,30,1.016,False,50,0,0,0,5,30,1.3999971999999998,0,3.81,5,1000,1000,5,1.3999971999999998,1000,1000,False,10,3,50,5,1.3999971999999998,0.9525,1000,1,1,1,1,1,Standard,1
0,Fabreeka TIM,Standard,0.1875,Fabreeka TIM,7800.035869,400,0,False,False,Fabreeka TIM,4000,1000,2000,1000,0,4.762499999999999,True,1000,True,3800,True,1,0,0,1.3999971999999998,0.7619999999999999,3.8099999999999996,12.7,0,0,,,0,,True,True,False,False,False,False,True,300,False,1034.213592,True,4,2,1.3999971999999998,273,0,0,381,350,True,3800,True,0,0,0,0,-1,-1,-1,False,False,0,0,1,300,5,1,0.0375,2540,False,3000,1000,0,0,0,30,1.016,False,50,0,0,0,5,30,1.3999971999999998,0,3.81,5,1000,1000,5,1.3999971999999998,1000,1000,False,10,3,50,5,1.3999971999999998,0.9525,1000,1,1,1,1,1,Standard,1
0,Fabreeka TIM,Standard,0.2500,Fabreeka TIM,7800.035869,400,0,False,False,Fabreeka TIM,4000,1000,2000,1000,0,6.35,True,1000,True,3800,True,1,0,0,1.3999971999999998,0.7619999999999999,3.8099999999999996,12.7,0,0,,,0,,True,True,False,False,False,False,True,300,False,1034.213592,True,4,2,1.3999971999999998,273,0,0,381,350,True,3800,True,0,0,0,0,-1,-1,-1,False,False,0,0,1,300,5,1,0.0375,2540,False,3000,1000,0,0,0,30,1.016,False,50,0,0,0,5,30,1.3999971999999998,0,3.81,5,1000,1000,5,1.3999971999999998,1000,1000,False,10,3,50,5,1.3999971999999998,0.9525,1000,1,1,1,1,1,Standard,1
0,Fabreeka TIM,Standard,0.3125,Fabreeka TIM,7800.035869,400,0,False,False,Fabreeka TIM,4000,1000,2000,1000,0,7.9375,True,1000,True,3800,True,1,0,0,1.3999971999999998,0.7619999999999999,3.8099999999999996,12.7,0,0,,,0,,True,True,False,False,False,False,True,300,False,1034.213592,True,4,2,1.3999971999999998,273,0,0,381,350,True,3800,True,0,0,0,0,-1,-1,-1,False,False,0,0,1,300,5,1,0.0375,2540,False,3000,1000,0,0,0,30,1.016,False,50,0,0,0,5,30,1.3999971999999998,0,3.81,5,1000,1000,5,1.3999971999999998,1000,1000,False,10,3,50,5,1.3999971999999998,0.9525,1000,1,1,1,1,1,Standard,1
0,Fabreeka TIM,Standard,0.3750,Fabreeka TIM,7800.035869,400,0,False,False,Fabreeka TIM,4000,1000,2000,1000,0,9.524999999999999,True,1000,True,3800,True,1,0,0,1.3999971999999998,0.2,3.8099999999999996,12.7,0,0,,,0,,True,False,False,False,False,False,True,300,False,1034.213592,False,4,2,1.3999971999999998,273,0,0,381,350,True,3800,True,0,0,0,0,-1,-1,-1,False,False,0,0,1,300,5,1,0.0375,2540,False,3000,1000,0,0,0,30,1.016,False,50,0,0,0,5,30,1.3999971999999998,0,3.81,5,1000,1000,5,1.3999971999999998,1000,1000,False,10,3,50,5,1.3999971999999998,0.9525,1000,1,1,1,1,1,Standard,1
0,Fabreeka TIM,Standard,0.4375,Fabreeka TIM,7800.035869,400,0,False,False,Fabreeka TIM,4000,1000,2000,1000,0,11.112499999999999,True,1000,True,3800,True,1,0,0,1.3999971999999998,0.2,3.8099999999999996,12.7,0,0,,,0,,True,False,False,False,False,False,True,300,False,1034.213592,False,4,2,1.3999971999999998,273,0,0,381,350,True,3800,True,0,0,0,0,-1,-1,-1,False,False,0,0,1,300,5,1,0.0375,2540,False,3000,1000,0,0,0,30,1.016,False,50,0,0,0,5,30,1.3999971999999998,0,3.81,5,1000,1000,5,1.3999971999999998,1000,1000,False,10,3,50,5,1.3999971999999998,0.9525,1000,1,1,1,1,1,Standard,1
0,Fabreeka TIM,Standard,0.5000,Fabreeka TIM,7800.035869,400,0,False,False,Fabreeka TIM,4000,1000,2000,1000,0,12.7,True,1000,True,3800,True,1,0,0,1.3999971999999998,0.2,3.8099999999999996,12.7,0,0,,,0,,True,False,False,False,False,False,True,300,False,1034.213592,False,4,2,1.3999971999999998,273,0,0,381,350,True,3800,True,0,0,0,0,-1,-1,-1,False,False,0,0,1,300,5,1,0.0375,2540,False,3000,1000,0,0,0,30,1.016,False,50,0,0,0,5,30,1.3999971999999998,0,3.81,5,1000,1000,5,1.3999971999999998,1000,1000,False,10,3,50,5,1.3999971999999998,0.9525,1000,1,1,1,1,1,Standard,1
0,Fabreeka TIM,Standard,0.7500,Fabreeka TIM,7800.035869,400,0,False,False,Fabreeka TIM,4000,1000,2000,1000,0,19.049999999999997,True,1000,True,3800,True,1,0,0,1.3999971999999998,0.2,3.8099999999999996,12.7,0,0,,,0,,True,False,False,False,False,False,True,300,False,1378.951456,True,4,2,1.3999971999999998,273,0,0,381,350,True,3800,True,0,0,0,0,-1,-1,-1,False,False,0,0,1,300,5,1,0.0375,2540,False,3000,1000,0,0,0,30,1.016,False,50,0,0,0,5,30,1.3999971999999998,0,3.81,5,1000,1000,5,1.3999971999999998,1000,1000,False,10,3,50,5,1.3999971999999998,0.9525,1000,1,1,1,1,1,Standard,1
0,Fabreeka TIM,Standard,1.0000,Fabreeka TIM,7800.035869,400,0,False,False,Fabreeka TIM,4000,1000,2000,1000,0,25.4,True,1000,True,3800,True,1,0,0,1.3999971999999998,0.889,3.8099999999999996,12.7,0,0,,,0,,True,False,False,False,False,False,True,300,False,1034.213592,True,4,2,1.3999971999999998,273,0,0,381,350,True,3800,True,0,-0.9452945827096123,0,0,-0.7161599454704103,-1,-1,False,False,0,0,1,300,5,1,0.0375,2540,False,3000,1000,0,0,0,30,1.016,False,50,0,0,0,5,30,1.3999971999999998,0,3.81,5,1000,1000,5,1.3999971999999998,1000,1000,False,10,3,50,5,1.3999971999999998,0.9525,1000,1,1,1,1,1,Standard,1
0,Fabreeka TIM,Standard,1.5000,Fabreeka TIM,7800.035869,400,0,False,False,Fabreeka TIM,4000,1000,2000,1000,0,38.099999999999994,True,1000,True,3800,True,1,0,0,1.3999971999999998,0.38099999999999995,3.8099999999999996,12.7,0,0,,,0,,True,False,False,False,False,False,True,300,False,1034.213592,True,4,2,1.3999971999999998,273,0,0,381,350,True,3800,True,0,-0.8211832735875955,0,0,-0.6111318044365195,-1,-1,False,False,0,0,1,300,5,1,0.0375,2540,False,3000,1000,0,0,0,30,1.016,False,50,0,0,0,5,30,1.3999971999999998,0,3.81,5,1000,1000,5,1.3999971999999998,1000,1000,False,10,3,50,5,1.3999971999999998,0.9525,1000,1,1,1,1,1,Standard,1
0,Fabreeka TIM,Standard,2.0000,Fabreeka TIM,7800.035869,400,0,False,False,Fabreeka TIM,4000,1000,2000,1000,0,50.8,True,1000,True,3800,True,1,0,0,1.3999971999999998,0.508,3.8099999999999996,12.7,0,0,,,0,,True,False,False,False,False,False,True,300,False,1034.213592,True,4,2,1.3999971999999998,273,0,0,381,350,True,3800,True,0,0,0,0,-1,-1,-1,False,False,0,0,1,300,5,1,0.0375,2540,False,3000,1000,0,0,0,30,1.016,False,50,0,0,0,5,30,1.3999971999999998,0,3.81,5,1000,1000,5,1.3999971999999998,1000,1000,False,10,3,50,5,1.3999971999999998,0.9525,1000,1,1,1,1,1,Standard,1
0,Fabreeka TIM,Standard,2.1250,Fabreeka TIM,7800.035869,400,0,False,False,Fabreeka TIM,4000,1000,2000,1000,0,53.974999999999994,True,1000,True,3800,True,1,0,0,1.3999971999999998,0.508,3.8099999999999996,12.7,0,0,,,0,,True,False,False,False,False,False,True,300,False,1034.213592,True,4,2,1.3999971999999998,273,0,0,381,350,True,3800,True,0,0,0,0,-1,-1,-1,False,False,0,0,1,300,5,1,0.0375,2540,False,3000,1000,0,0,0,30,1.016,False,50,0,0,0,5,30,1.3999971999999998,0,3.81,5,1000,1000,5,1.3999971999999998,1000,1000,False,10,3,50,5,1.3999971999999998,0.9525,1000,1,1,1,1,1,Standard,1
0,Fabreeka TIM,Standard,3.0000,Fabreeka TIM,7800.035869,400,0,False,False,Fabreeka TIM,4000,1000,2000,1000,0,76.19999999999999,True,1000,True,3800,True,1,0,0,1.3999971999999998,0.508,3.8099999999999996,12.7,0,0,,,0,,True,False,False,False,False,False,True,300,False,1034.213592,True,4,2,1.3999971999999998,273,0,0,381,350,True,3800,True,0,0,0,0,-1,-1,-1,False,False,0,0,1,300,5,1,0.0375,2540,False,3000,1000,0,0,0,30,1.016,False,50,0,0,0,5,30,1.3999971999999998,0,3.81,5,1000,1000,5,1.3999971999999998,1000,1000,False,10,3,50,5,1.3999971999999998,0.9525,1000,1,1,1,1,1,Standard,1
0,Ferrite,Standard,0.0360,Ferrite,7800.035629,125,0,False,False,Ferrite,4000,1000,2000,1000,0,0.9143999999999999,True,1000,True,3800,True,1,0,0,1.3999971999999998,0.2,3.8099999999999996,12.7,0,0,,,0,,True,False,False,False,False,False,True,300,True,3800,True,4,2,1.3999971999999998,273,0,0,45.466,350,True,3800,True,0,-4.129162870403211,0,0,-2.449662620127041,-1,-1,False,False,0,0,1,300,5,1,0.0561,1000,False,3000,1000,0,0,0,30,1.016,False,50,0,0,0,5,30,1.3999971999999998,0,5.69976,5,1000,1000,5,1.3999971999999998,1000,1000,False,10,3,50,5,1.3999971999999998,1.42494,1000,1,1,1,1,1,Standard,2.9762405
0,Ferrite,Standard,0.0480,Ferrite,7800.035629,125,0,False,False,Ferrite,4000,1000,2000,1000,0,1.2192,True,1000,True,3800,True,1,0,0,1.3999971999999998,0.2,3.8099999999999996,12.7,0,0,,,0,,True,False,False,False,False,False,True,300,True,3800,True,4,2,1.3999971999999998,273,0,0,45.466,350,True,3800,True,0,-4.129162870403211,0,0,-2.449662620127041,-1,-1,False,False,0,0,1,300,5,1,0.0561,1000,False,3000,1000,0,0,0,30,1.016,False,50,0,0,0,5,30,1.3999971999999998,0,5.69976,5,1000,1000,5,1.3999971999999998,1000,1000,False,10,3,50,5,1.3999971999999998,1.42494,1000,1,1,1,1,1,Standard,2.9762405
0,Ferrite,Standard,0.0600,Ferrite,7800.035629,125,0,False,False,Ferrite,4000,1000,2000,1000,0,1.5239999999999998,True,1000,True,3800,True,1,0,0,1.3999971999999998,0.2,3.8099999999999996,12.7,0,0,,,0,,True,False,False,False,False,False,True,300,True,3800,True,4,2,1.3999971999999998,273,0,0,45.466,350,True,3800,True,0,-4.129162870403211,0,0,-2.449662620127041,-1,-1,False,False,0,0,1,300,5,1,0.0561,1000,False,3000,1000,0,0,0,30,1.016,False,50,0,0,0,5,30,1.3999971999999998,0,5.69976,5,1000,1000,5,1.3999971999999998,1000,1000,False,10,3,50,5,1.3999971999999998,1.42494,1000,1,1,1,1,1,Standard,2.9762405
0,Ferrite,Standard,0.0630,Ferrite,7800.035629,125,0,False,False,Ferrite,4000,1000,2000,1000,0,1.6002,True,1000,True,3800,True,1,0,0,1.3999971999999998,0.2,6.35,12.7,0,0,,,0,,True,False,False,False,False,False,True,300,True,3800,True,2,1,1.3999971999999998,273,0,0,157.48,350,True,3800,True,0,-5.44033203100551,0,0,-4.085616779974878,-1,-1,False,False,0,0,1,300,5,1,0.0189,1000,False,3000,1000,0,0,0,30,1.016,False,50,0,0,0,5,30,1.3999971999999998,0,1.92024,5,1000,1000,5,1.3999971999999998,1000,1000,False,10,3,50,5,1.3999971999999998,0.48006,1000,1,1,1,1,1,Standard,2.9762405
0,Ferrite,Standard,0.0750,Ferrite,7800.035629,125,0,False,False,Ferrite,4000,1000,2000,1000,0,1.9049999999999998,True,1000,True,3800,True,1,0,0,1.3999971999999998,0.2,3.8099999999999996,12.7,0,0,,,0,,True,False,False,False,False,False,True,300,True,3800,True,4,2,1.3999971999999998,273,0,0,45.466,350,True,3800,True,0,-4.129162870403211,0,0,-2.449662620127041,-1,-1,False,False,0,0,1,300,5,1,0.0561,1000,False,3000,1000,0,0,0,30,1.016,False,50,0,0,0,5,30,1.3999971999999998,0,5.69976,5,1000,1000,5,1.3999971999999998,1000,1000,False,10,3,50,5,1.3999971999999998,1.42494,1000,1,1,1,1,1,Standard,2.9762405
0,Ferrite,Standard,0.1200,Ferrite,7800.035629,125,0,False,False,Ferrite,4000,1000,2000,1000,0,3.0479999999999996,True,1000,True,3800,True,1,0,0,1.3999971999999998,0,3.8099999999999996,12.7,0,0,,,0,,True,False,False,False,False,False,True,300,True,3800,True,4,2,1.3999971999999998,273,0,0,45.466,350,True,3800,True,0,-4.129162870403211,0,0,-2.449662620127041,-1,-1,False,False,0,0,1,300,5,1,0.0561,1000,False,3000,1000,0,0,0,30,1.016,False,50,0,0,0,5,30,1.3999971999999998,0,5.69976,5,1000,1000,5,1.3999971999999998,1000,1000,False,10,3,50,5,1.3999971999999998,1.42494,1000,1,1,1,1,1,Standard,2.9762405
0,Ferrite,Standard,0.1250,Ferrite,7800.035629,125,0,False,False,Ferrite,4000,1000,2000,1000,0,3.175,True,1000,True,3800,True,1,0,0,1.3999971999999998,0.2,2.54,12.7,0,0,,,0,,True,False,False,False,False,False,True,300,True,3800,True,6,3,1.3999971999999998,273,0,0,71.11999999999999,350,True,3800,True,0,-5.710593137499642,0,0,-3.6619355755198,-1,-1,False,False,0,0,1,300,5,1,0.042,1000,False,3000,1000,0,0,0,30,1.016,False,50,0,0,0,5,30,1.3999971999999998,0,4.2672,5,1000,1000,5,1.3999971999999998,1000,1000,False,10,3,50,5,1.3999971999999998,1.0668,1000,1,1,1,1,1,Standard,2.9762405
0,Ferrite,Standard,0.1350,Ferrite,7800.035629,125,0,False,False,Ferrite,4000,1000,2000,1000,0,3.429,True,1000,True,3800,True,1,0,0,1.3999971999999998,0.2,2.54,12.7,0,0,,,0,,True,False,False,False,False,False,True,300,True,3800,True,6,3,1.3999971999999998,273,0,0,71.11999999999999,350,True,3800,True,0,-5.710593137499642,0,0,-3.6619355755198,-1,-1,False,False,0,0,1,300,5,1,0.042,1000,False,3000,1000,0,0,0,30,1.016,False,50,0,0,0,5,30,1.3999971999999998,0,4.2672,5,1000,1000,5,1.3999971999999998,1000,1000,False,10,3,50,5,1.3999971999999998,1.0668,1000,1,1,1,1,1,Standard,2.9762405
0,Ferrite,Standard,0.1870,Ferrite,7800.035629,125,0,False,False,Ferrite,4000,1000,2000,1000,0,4.7498,True,1000,True,3800,True,1,0,0,1.3999971999999998,0,3.8099999999999996,12.7,0,0,,,0,,True,False,False,False,False,False,True,300,True,3800,True,4,2,1.3999971999999998,273,0,0,45.466,350,True,3800,True,0,-4.129162870403211,0,0,-2.449662620127041,-1,-1,False,False,0,0,1,300,5,1,0.0561,1000,False,3000,1000,0,0,0,30,1.016,False,50,0,0,0,5,30,1.3999971999999998,0,5.69976,5,1000,1000,5,1.3999971999999998,1000,1000,False,10,3,50,5,1.3999971999999998,1.42494,1000,1,1,1,1,1,Standard,2.9762405
0,Ferrite,Standard,0.2500,Ferrite,7800.035629,125,0,False,False,Ferrite,4000,1000,2000,1000,0,6.35,True,1000,True,3800,True,1,0,0,1.3999971999999998,0,3.8099999999999996,12.7,0,0,,,0,,True,False,False,False,False,False,True,300,True,3800,True,3,2,1.3999971999999998,273,0,0,32.512,350,True,3800,True,0,-3.0909700035405043,0,0,-1.8328395059420577,-1,-1,False,False,0,0,1,300,5,1,0.075,1000,False,3000,1000,0,0,0,30,1.016,False,50,0,0,0,5,30,1.3999971999999998,0,7.62,5,1000,1000,5,1.3999971999999998,1000,1000,False,10,3,50,5,1.3999971999999998,1.905,1000,1,1,1,1,1,Standard,2.9762405
0,Ferrite,Standard,0.2540,Ferrite,7800.035629,125,0,False,False,Ferrite,4000,1000,2000,1000,0,6.4516,True,1000,True,3800,True,1,0,0,1.3999971999999998,0.2,3.8099999999999996,12.7,0,0,,,0,,True,False,False,False,False,False,True,300,True,3800,True,4,2,1.3999971999999998,273,0,0,45.466,350,True,3800,True,0,-4.129162870403211,0,0,-2.449662620127041,-1,-1,False,False,0,0,1,300,5,1,0.0561,1000,False,3000,1000,0,0,0,30,1.016,False,50,0,0,0,5,30,1.3999971999999998,0,5.69976,5,1000,1000,5,1.3999971999999998,1000,1000,False,10,3,50,5,1.3999971999999998,1.42494,1000,1,1,1,1,1,Standard,2.9762405
0,Ferrite,Standard,0.3120,Ferrite,7800.035629,125,0,False,False,Ferrite,4000,1000,2000,1000,0,7.9248,True,1000,True,3800,True,1,0,0,1.3999971999999998,0.38099999999999995,6.35,12.7,0,0,,,0,,True,False,False,False,False,False,True,300,True,3800,True,8,4,1.3999971999999998,273,0,0,25.4,350,True,3800,True,0,-2.477598868445699,0,0,-1.4688007143858235,-1,-1,False,False,0,0,1,300,5,1,0.0936,1000,False,3000,1000,0,0,0,30,1.016,False,50,0,0,0,5,30,1.3999971999999998,0,9.50976,5,1000,1000,5,1.3999971999999998,1000,1000,False,10,3,50,5,1.3999971999999998,2.37744,1000,1,1,1,1,1,Standard,2.9762405
0,Ferrite,Standard,0.3750,Ferrite,7800.035629,125,0,False,False,Ferrite,4000,1000,2000,1000,0,9.525,True,1000,True,3800,True,1,0,0,1.3999971999999998,0,6.35,12.7,0,0,,,0,,True,False,False,False,False,False,True,300,True,3800,True,2,1,1.3999971999999998,273,0,0,20.32,350,True,3800,True,0,-2.0617576907585415,0,0,-1.2221245846153128,-1,-1,False,False,0,0,1,300,5,1,0.1125,1000,False,3000,1000,0,0,0,30,1.016,False,50,0,0,0,5,30,1.3999971999999998,0,11.43,5,1000,1000,5,1.3999971999999998,1000,1000,False,10,3,50,5,1.3999971999999998,2.8575,1000,1,1,1,1,1,Standard,2.9762405
0,Ferrite,Standard,0.3940,Ferrite,7800.035629,125,0,False,False,Ferrite,4000,1000,2000,1000,0,10.0076,True,1000,True,3800,True,1,0,0,1.3999971999999998,0,6.35,12.7,0,0,,,0,,True,False,False,False,False,False,True,300,True,3800,True,2,1,1.3999971999999998,273,0,0,20.32,350,True,3800,True,0,-2.0617576907585415,0,0,-1.2221245846153128,-1,-1,False,False,0,0,1,300,5,1,0.1125,1000,False,3000,1000,0,0,0,30,1.016,False,50,0,0,0,5,30,1.3999971999999998,0,11.43,5,1000,1000,5,1.3999971999999998,1000,1000,False,10,3,50,5,1.3999971999999998,2.8575,1000,1,1,1,1,1,Standard,2.9762405
0,Ferrite,Standard,0.5000,Ferrite,7800.035629,125,0,False,False,Ferrite,4000,1000,2000,1000,0,12.7,True,1000,True,3800,True,1,0,0,1.3999971999999998,0,6.35,12.7,0,0,,,0,,True,False,False,False,False,False,True,300,True,3800,True,15,7,1.3999971999999998,273,0,0,14.731999999999998,350,True,3800,True,0,-1.489354726551402,0,0,-0.9739344366011572,-1,-1,False,False,0,0,1,300,5,1,0.15,1000,False,3000,1000,0,0,0,30,1.016,False,50,0,0,0,5,30,1.3999971999999998,0,15.24,5,1000,1000,5,1.3999971999999998,1000,1000,False,10,3,50,5,1.3999971999999998,3.81,1000,1,1,1,1,1,Standard,2.9762405
0,Ferrite,Standard,0.6250,Ferrite,7800.035629,125,0,False,False,Ferrite,4000,1000,2000,1000,0,15.875,True,1000,True,3800,True,1,0,0,1.3999971999999998,0,6.35,12.7,0,0,,,0,,True,False,False,False,False,False,True,300,True,3800,True,15,7,1.3999971999999998,273,0,0,11.43,350,True,3800,True,0,-1.2373964215278548,0,0,-0.7333459290514626,-1,-1,False,False,0,0,1,300,5,1,0.1875,1000,False,3000,1000,0,0,0,30,1.016,False,50,0,0,0,5,30,1.3999971999999998,0,19.05,5,1000,1000,5,1.3999971999999998,1000,1000,False,10,3,50,5,1.3999971999999998,4.7625,1000,1,1,1,1,1,Standard,2.9762405
0,Ferrite,Standard,0.7500,Ferrite,7800.035629,125,0,False,False,Ferrite,4000,1000,2000,1000,0,19.05,True,1000,True,3800,True,1,0,0,1.3999971999999998,0,6.35,12.7,0,0,,,0,,True,False,False,False,False,False,True,300,True,3800,True,10,5,1.3999971999999998,273,0,0,9.143999999999998,350,True,3800,True,0,-1.0312126698879533,0,0,-0.6111318044365194,-1,-1,False,False,0,0,1,300,5,1,0.225,1000,False,3000,1000,0,0,0,30,1.016,False,50,0,0,0,5,30,1.3999971999999998,0,22.86,5,1000,1000,5,1.3999971999999998,1000,1000,False,10,3,50,5,1.3999971999999998,5.715,1000,1,1,1,1,1,Standard,2.9762405
0,Ferrite,Standard,0.8750,Ferrite,7800.035629,125,0,False,False,Ferrite,4000,1000,2000,1000,0,22.225,True,1000,True,3800,True,1,0,0,1.3999971999999998,0.2,6.35,12.7,0,0,,,0,,True,False,False,False,False,False,True,300,True,3800,True,10,5,1.3999971999999998,273,0,0,7.619999999999999,350,True,3800,True,0,-0.8839218947283454,0,0,-0.5238325312609574,-1,-1,False,False,0,0,1,300,5,1,0.2625,1000,False,3000,1000,0,0,0,30,1.016,False,50,0,0,0,5,30,1.3999971999999998,0,26.67,5,1000,1000,5,1.3999971999999998,1000,1000,False,10,3,50,5,1.3999971999999998,6.6675,1000,1,1,1,1,1,Standard,2.9762405
0,Ferrite,Standard,1.0000,Ferrite,7800.035629,125,0,False,False,Ferrite,4000,1000,2000,1000,0,25.4,True,1000,True,3800,True,1,0,0,1.3999971999999998,0,6.35,12.7,0,0,,,0,,True,False,False,False,False,False,True,300,True,3800,True,30,15,1.3999971999999998,273,0,0,6.604,350,True,3800,True,0,-0.7734460388630937,0,0,-0.4583564580004311,-1,-1,False,False,0,0,1,300,5,1,0.3,1000,False,3000,1000,0,0,0,30,1.016,False,50,0,0,0,5,30,1.3999971999999998,0,30.48,5,1000,1000,5,1.3999971999999998,1000,1000,False,10,3,50,5,1.3999971999999998,7.62,1000,1,1,1,1,1,Standard,2.9762405
0,Ferrite,Standard,1.2500,Ferrite,7800.035629,125,0,False,False,Ferrite,4000,1000,2000,1000,0,31.75,True,1000,True,3800,True,1,0,0,1.3999971999999998,0.2,6.35,12.7,0,0,,,0,,True,False,False,False,False,False,True,300,True,3800,True,35,17,1.3999971999999998,273,0,0,5.08,350,True,3800,True,0,-0.6187703616978745,0,0,-0.36668798242515643,-1,-1,False,False,0,0,1,300,5,1,0.375,1000,False,3000,1000,0,0,0,30,1.016,False,50,0,0,0,5,30,1.3999971999999998,0,38.1,5,1000,1000,5,1.3999971999999998,1000,1000,False,10,3,50,5,1.3999971999999998,9.525,1000,1,1,1,1,1,Standard,2.9762405
0,Ferrite,Standard,1.5000,Ferrite,7800.035629,125,0,False,False,Ferrite,4000,1000,2000,1000,0,38.1,True,1000,True,3800,True,1,0,0,1.3999971999999998,0,6.35,12.7,0,0,,,0,,True,False,False,False,False,False,True,300,True,3800,True,40,20,1.3999971999999998,273,0,0,4.064,350,True,3800,True,0,-0.5156480934199321,0,0,-0.3055745934585659,-1,-1,False,False,0,0,1,300,5,1,0.45,1000,False,3000,1000,0,0,0,30,1.016,False,50,0,0,0,5,30,1.3999971999999998,0,45.72,5,1000,1000,20,1.3999971999999998,1000,800,False,10,3,50,5,1.3999971999999998,11.43,1000,1,1,1,1,1,Standard,2.9762405
0,Ferrite,Standard,1.7500,Ferrite,7800.035629,125,0,False,False,Ferrite,4000,1000,2000,1000,0,44.45,True,1000,True,3800,True,1,0,0,1.3999971999999998,0.2,6.35,12.7,0,0,,,0,,True,False,False,False,False,False,True,300,True,3800,True,45,22,1.3999971999999998,273,0,0,3.556,350,True,3800,True,0,-0.4419872459420313,0,0,-0.26192173895527376,-1,-1,False,False,0,0,1,300,5,1,0.525,1000,False,3000,1000,0,0,0,30,1.016,False,50,0,0,0,5,30,1.3999971999999998,0,53.34,5,1000,1000,5,1.3999971999999998,1000,1000,False,10,3,50,5,1.3999971999999998,13.335,1000,1,1,1,1,1,Standard,2.9762405
0,Ferrite,Standard,2.0000,Ferrite,7800.035629,125,0,False,False,Ferrite,4000,1000,2000,1000,0,50.8,True,1000,True,3800,True,1,0,0,1.3999971999999998,0.2,6.35,12.7,0,0,,,0,,True,False,False,False,False,False,True,300,True,3800,True,50,25,1.3999971999999998,273,0,0,3.0479999999999996,350,True,3800,True,0,-0.38674063816122667,0,0,-0.2291818957541002,-1,-1,False,False,0,0,1,300,5,1,0.6,1000,False,3000,1000,0,0,0,30,1.016,False,50,0,0,0,5,30,1.3999971999999998,0,60.96,5,1000,1000,20,1.3999971999999998,1000,1000,False,10,3,50,5,1.3999971999999998,15.24,1000,1,1,1,1,1,Standard,2.9762405
0,Fiberglass,Standard,0.0312,Fiberglass,7800.035869,600,0,True,False,Fiberglass,4000,1000,2000,1000,0,0.79375,True,1000,True,3800,True,1,0,0,1.3999971999999998,0.889,3.8099999999999996,12.7,0,0,,,0,,True,True,False,False,False,False,True,300,False,1034.213592,False,4,2,1.3999971999999998,273,0,0,381,350,True,3800,True,0,0,0,0,-1,-1,-1,False,False,0,0,1,300,5,1,0.0375,2540,False,3000,1000,0,0,0,30,1.016,False,50,0,0,0,5,30,1.3999971999999998,0,3.81,5,1000,1000,5,1.3999971999999998,1000,1000,False,10,3,50,5,1.3999971999999998,0.9525,1000,1,1,1,1,1,Standard,1
0,Fiberglass,Standard,0.1250,Fiberglass,7800.035869,600,0,True,False,Fiberglass,4000,1000,2000,1000,0,3.175,True,1000,True,3800,True,1,0,0,1.3999971999999998,1.6001999999999998,3.8099999999999996,12.7,0,0,,,0,,True,True,False,False,False,False,True,300,True,1034.213592,False,1,0.75,1.3999971999999998,273,0,0,381,350,True,3800,True,0,0,0,0,-1,-1,-1,False,False,0,0,1,300,5,1,0.0375,2540,False,3000,1000,0,0,0,30,1.016,False,50,0,0,0,5,30,1.3999971999999998,0,3.81,5,1000,1000,5,1.3999971999999998,1000,1000,False,10,3,50,5,1.3999971999999998,0.9525,1000,1,1,1,1,1,Standard,1
0,Fiberglass,Standard,0.1880,Fiberglass,7800.035869,600,0,True,False,Fiberglass,4000,1000,2000,1000,0,4.7752,True,1000,True,3800,True,1,0,0,1.3999971999999998,0.2,3.8099999999999996,12.7,0,0,,,0,,True,True,False,False,False,False,True,300,False,1034.213592,False,4,2,1.3999971999999998,273,0,0,381,350,True,3800,True,0,0,0,0,-1,-1,-1,False,False,0,0,1,300,5,1,0.0375,2540,False,3000,1000,0,0,0,30,1.016,False,50,0,0,0,5,30,1.3999971999999998,0,3.81,5,1000,1000,5,1.3999971999999998,1000,1000,False,10,3,50,5,1.3999971999999998,0.9525,1000,1,1,1,1,1,Standard,1
0,Fiberglass,Standard,0.2500,Fiberglass,7800.035869,600,0,True,False,Fiberglass,4000,1000,2000,1000,0,6.35,True,1000,True,3800,True,1,0,0,1.3999971999999998,0.2,3.8099999999999996,12.7,0,0,,,0,,True,True,False,False,False,False,True,300,False,1034.213592,False,4,2,1.3999971999999998,273,0,0,381,350,True,3800,True,0,0,0,0,-1,-1,-1,False,False,0,0,1,300,5,1,0.0375,2540,False,3000,1000,0,0,0,30,1.016,False,50,0,0,0,5,30,1.3999971999999998,0,3.81,5,1000,1000,5,1.3999971999999998,1000,1000,False,10,3,50,5,1.3999971999999998,0.9525,1000,1,1,1,1,1,Standard,1
0,Fiberglass,Standard,0.3125,Fiberglass,7800.035869,600,0,True,False,Fiberglass,4000,1000,2000,1000,0,7.9375,True,1000,True,3800,True,1,0,0,1.3999971999999998,0.2,3.8099999999999996,12.7,0,0,,,0,,True,True,False,False,False,False,True,300,False,1034.213592,True,4,2,1.3999971999999998,273,0,0,381,350,True,3800,True,0,0,0,0,-1,-1,-1,False,False,0,0,1,300,5,1,0.0375,2540,False,3000,1000,0,0,0,30,1.016,False,50,0,0,0,5,30,1.3999971999999998,0,3.81,5,1000,1000,5,1.3999971999999998,1000,1000,False,10,3,50,5,1.3999971999999998,0.9525,1000,1,1,1,1,1,Standard,1
0,Fiberglass,Standard,0.3750,Fiberglass,7800.035869,600,0,True,False,Fiberglass,4000,1000,2000,1000,0,9.524999999999999,True,1000,True,3800,True,1,0,0,1.3999971999999998,0.2,3.8099999999999996,12.7,0,0,,,0,,True,True,False,False,False,False,True,300,False,1034.213592,False,4,2,1.3999971999999998,273,0,0,381,350,True,3800,True,0,0,0,0,-1,-1,-1,False,False,0,0,1,300,5,1,0.0375,2540,False,3000,1000,0,0,0,30,1.016,False,50,0,0,0,5,30,1.3999971999999998,0,3.81,5,1000,1000,5,1.3999971999999998,1000,1000,False,10,3,50,5,1.3999971999999998,0.9525,1000,1,1,1,1,1,Standard,1
0,Fiberglass,Standard,0.5000,Fiberglass,7800.035869,600,0,True,False,Fiberglass,4000,1000,2000,1000,0,12.7,True,1000,True,3800,True,1,0,0,1.3999971999999998,0.889,3.8099999999999996,12.7,0,0,,,0,,True,True,False,False,False,False,True,300,False,1034.213592,False,4,2,1.3999971999999998,273,0,0,381,350,True,3800,True,0,0,0,0,-1,-1,-1,False,False,0,0,1,300,5,1,0.0375,2540,False,3000,1000,0,0,0,30,1.016,False,50,0,0,0,5,30,1.3999971999999998,0,3.81,5,1000,1000,5,1.3999971999999998,1000,1000,False,10,3,50,5,1.3999971999999998,0.9525,1000,1,1,1,1,1,Standard,1
0,Fiberglass,Standard,0.7500,Fiberglass,7800.035869,600,0,True,False,Fiberglass,4000,1000,2000,1000,0,19.049999999999997,True,1000,True,3800,True,1,0,0,1.3999971999999998,0.889,3.8099999999999996,12.7,0,0,,,0,,True,True,False,False,False,False,True,300,False,1034.213592,False,4,2,1.3999971999999998,273,0,0,381,350,True,3800,True,0,0,0,0,-1,-1,-1,False,False,0,0,1,300,5,1,0.0375,2540,False,3000,1000,0,0,0,30,1.016,False,50,0,0,0,5,30,1.3999971999999998,0,3.81,5,1000,1000,5,1.3999971999999998,1000,1000,False,10,3,50,5,1.3999971999999998,0.9525,1000,1,1,1,1,1,Standard,1
0,Fiberglass,Standard,1.0000,Fiberglass,7800.035869,600,0,True,False,Fiberglass,4000,1000,2000,1000,0,25.4,True,1000,True,3800,True,1,0,0,1.3999971999999998,0.2,3.8099999999999996,12.7,0,0,,,0,,True,True,False,False,False,False,True,300,False,1034.213592,False,4,2,1.3999971999999998,273,0,0,381,350,True,3800,True,0,0,0,0,-1,-1,-1,False,False,0,0,1,300,5,1,0.0375,2540,False,3000,1000,0,0,0,30,1.016,False,50,0,0,0,5,30,1.3999971999999998,0,3.81,5,1000,1000,5,1.3999971999999998,1000,1000,False,10,3,50,5,1.3999971999999998,0.9525,1000,1,1,1,1,1,Standard,1
0,Fiberglass,Standard,1.5000,Fiberglass,7800.035869,600,0,True,False,Fiberglass,4000,1000,2000,1000,0,38.099999999999994,True,1000,True,3800,True,1,0,0,1.3999971999999998,0.2,3.8099999999999996,12.7,0,0,,,0,,True,True,False,False,False,False,True,300,False,1034.213592,False,4,2,1.3999971999999998,273,0,0,381,350,True,3800,True,0,0,0,0,-1,-1,-1,False,False,0,0,1,300,5,1,0.0375,2540,False,3000,1000,0,0,0,30,1.016,False,50,0,0,0,5,30,1.3999971999999998,0,3.81,5,1000,1000,5,1.3999971999999998,1000,1000,False,10,3,50,5,1.3999971999999998,0.9525,1000,1,1,1,1,1,Standard,1
0,Glass,Standard,0.1250,Glass,2600.011276,400,0,True,False,Glass,5999.999999,1000,2000,1000,0,3.175,True,1000,True,3800,True,1,0,0,1.3999971999999998,0.889,6.35,12.7,0,0,,,0,,True,False,False,False,False,False,True,300,False,1034.213592,False,1.5,1,1.3999971999999998,273,0,0,1000,350,True,3800,True,0,0,0,0,-1,-1,-1,False,False,0,0,1,300,5,1,0.0375,1000,False,3000,1000,0,0,0,30,1.016,False,50,0,0,0,5,30,1.3999971999999998,0,3.81,5,1000,1000,5,1.3999971999999998,1000,1000,False,10,3,50,5,1.3999971999999998,0.9525,1000,1,1,1,1,1,Standard,1
0,Glass,Standard,0.1870,Glass,2600.011276,400,0,True,False,Glass,5999.999999,1000,2000,1000,0,4.7498,True,1000,True,3800,True,1,0,0,1.3999971999999998,0.2,6.35,12.7,0,0,,,0,,True,False,False,False,False,False,True,300,False,1034.213592,False,2,1,1.3999971999999998,273,0,0,1000,350,True,3800,True,0,0,0,0,-1,-1,-1,False,False,0,0,1,300,5,1,0.0561,1000,False,3000,1000,0,0,0,30,1.016,False,50,0,0,0,5,30,1.3999971999999998,0,5.69976,5,1000,1000,5,1.3999971999999998,1000,1000,False,10,3,50,5,1.3999971999999998,1.42494,1000,1,1,1,1,1,Standard,1
0,Glass,Standard,0.2500,Glass,2600.011276,400,0,True,False,Glass,5999.999999,1000,2000,1000,0,6.35,True,1000,True,3800,True,1,0,0,1.3999971999999998,0.2,6.35,12.7,0,0,,,0,,True,False,False,False,False,False,True,300,False,1034.213592,False,3,2,1.3999971999999998,273,0,0,934.7199999999999,350,True,3800,True,0,0,0,0,-1,-1,-1,False,False,0,0,1,300,5,1,0.075,1000,False,3000,1000,0,0,0,30,1.016,False,50,0,0,0,5,30,1.3999971999999998,0,7.62,5,1000,1000,5,1.3999971999999998,1000,1000,False,10,3,50,5,1.3999971999999998,1.905,1000,1,1,1,1,1,Standard,1
0,Glass,Standard,0.3750,Glass,2600.011276,400,0,True,False,Glass,5999.999999,1000,2000,1000,0,9.525,True,1000,True,3800,True,1,0,0,1.3999971999999998,0.2,6.35,12.7,0,0,,,0,,True,False,False,False,False,False,True,300,False,1034.213592,False,5,3,1.3999971999999998,273,0,0,584.1999999999999,350,True,3800,True,0,0,0,0,-1,-1,-1,False,False,0,0,1,300,5,1,0.1125,1000,False,3000,1000,0,0,0,30,1.016,False,50,0,0,0,5,30,1.3999971999999998,0,11.43,5,1000,1000,5,1.3999971999999998,1000,1000,False,10,3,50,5,1.3999971999999998,2.8575,1000,1,1,1,1,1,Standard,1
0,Glass,Standard,0.3940,Glass,2600.011276,400,0,True,False,Glass,5999.999999,1000,2000,1000,0,10.0076,True,1000,True,3800,True,1,0,0,1.3999971999999998,0.2,6.35,12.7,0,0,,,0,,True,False,False,False,False,False,True,300,False,1034.213592,False,6,4,1.3999971999999998,273,0,0,421.13199999999995,350,True,3800,True,0,0,0,0,-1,-1,-1,False,False,0,0,1,300,5,1,0.15,1000,False,3000,1000,0,0,0,30,1.016,False,50,0,0,0,5,30,1.3999971999999998,0,15.24,5,1000,1000,5,1.3999971999999998,1000,1000,False,10,3,50,5,1.3999971999999998,3.81,1000,1,1,1,1,1,Standard,1
0,Glass,Standard,0.5000,Glass,2600.011276,400,0,True,False,Glass,5999.999999,1000,2000,1000,0,12.7,True,1000,True,3800,True,1,0,0,1.3999971999999998,0.2,6.35,12.7,0,0,,,0,,True,False,False,False,False,False,True,300,False,1034.213592,False,6,4,1.3999971999999998,273,0,0,421.13199999999995,350,True,3800,True,0,0,0,0,-1,-1,-1,False,False,0,0,1,300,5,1,0.15,1000,False,3000,1000,0,0,0,30,1.016,False,50,0,0,0,5,30,1.3999971999999998,0,15.24,5,1000,1000,5,1.3999971999999998,1000,1000,False,10,3,50,5,1.3999971999999998,3.81,1000,1,1,1,1,1,Standard,1
0,Glass,Standard,0.7500,Glass,2600.011276,400,0,True,False,Glass,5999.999999,1000,2000,1000,0,19.05,True,1000,True,3800,True,1,0,0,1.3999971999999998,0.2,6.35,12.7,0,0,,,0,,True,False,False,False,False,False,True,136.077711,False,1034.213592,False,10,6,1.3999971999999998,273,0,0,264.15999999999997,350,True,3800,True,0,0,0,0,-1,-1,-1,False,False,0,0,1,300,5,1,0.225,1000,False,3000,1000,0,0,0,30,1.016,False,50,0,0,0,5,30,1.3999971999999998,0,22.86,5,1000,1000,5,1.3999971999999998,1000,1000,False,10,3,50,5,1.3999971999999998,5.715,1000,1,1,1,1,1,Standard,1
0,Glastic,Standard,0.0630,Glastic,2650.011338,360,0,True,False,Glastic,5000,1000,2000,1000,0,1.6002,True,1000,True,3800,True,1,0,0,1.3999971999999998,0.2,6.35,12.7,0,0,,,0,,True,False,False,False,False,False,True,300,False,1034.213592,False,1.3,1,1.3999971999999998,273,0,0,1000,350,True,3800,True,0,0,0,0,-1,-1,-1,False,False,0,0,1,300,5,1,0.0189,1000,False,3000,1000,0,0,0,30,1.016,False,50,0,0,0,5,30,1.3999971999999998,0,1.92024,5,1000,1000,5,1.3999971999999998,1000,1000,False,10,3,50,5,1.3999971999999998,0.48006,1000,1,1,1,1,1,Standard,1
0,Glastic,Standard,0.1870,Glastic,2650.011338,360,0,True,False,Glastic,5000,1000,2000,1000,0,4.7498,True,1000,True,3800,True,1,0,0,1.3999971999999998,0.2,6.35,12.7,0,0,,,0,,True,False,False,False,False,False,True,300,False,1034.213592,False,1.3,1,1.3999971999999998,273,0,0,1000,350,True,3800,True,0,0,0,0,-1,-1,-1,False,False,0,0,1,300,5,1,0.0561,1000,False,3000,1000,0,0,0,30,1.016,False,50,0,0,0,5,30,1.3999971999999998,0,5.69976,5,1000,1000,5,1.3999971999999998,1000,1000,False,10,3,50,5,1.3999971999999998,1.42494,1000,1,1,1,1,1,Standard,1
0,Glastic,Standard,0.2500,Glastic,2650.011338,360,0,True,False,Glastic,5000,1000,2000,1000,0,6.35,True,1000,True,3800,True,1,0,0,1.3999971999999998,0.2,6.35,12.7,0,0,,,0,,True,False,False,False,False,False,True,300,False,1034.213592,False,1.3,1,1.3999971999999998,273,0,0,812.8,350,True,3800,True,0,0,0,0,-1,-1,-1,False,False,0,0,1,300,5,1,0.075,1000,False,3000,1000,0,0,0,30,1.016,False,50,0,0,0,5,30,1.3999971999999998,0,7.62,5,1000,1000,5,1.3999971999999998,1000,1000,False,10,3,50,5,1.3999971999999998,1.905,1000,1,1,1,1,1,Standard,1
0,Glastic,Standard,0.3750,Glastic,2650.011338,360,0,True,False,Glastic,5000,1000,2000,1000,0,9.525,True,1000,True,3800,True,1,0,0,1.3999971999999998,0.2,6.35,12.7,0,0,,,0,,True,False,False,False,False,False,True,300,False,1034.213592,False,1.3,1,1.3999971999999998,273,0,0,508,350,True,3800,True,0,0,0,0,-1,-1,-1,False,False,0,0,1,300,5,1,0.1125,1000,False,3000,1000,0,0,0,30,1.016,False,50,0,0,0,5,30,1.3999971999999998,0,11.43,5,1000,1000,5,1.3999971999999998,1000,1000,False,10,3,50,5,1.3999971999999998,2.8575,1000,1,1,1,1,1,Standard,1
0,Glastic,Standard,0.5000,Glastic,2650.011338,360,0,True,False,Glastic,5000,1000,2000,1000,0,12.7,True,1000,True,3800,True,1,0,0,1.3999971999999998,0.2,6.35,12.7,0,0,,,0,,True,False,False,False,False,False,True,300,False,1034.213592,False,1.3,1,1.3999971999999998,273,0,0,370.84,350,True,3800,True,0,0,0,0,-1,-1,-1,False,False,0,0,1,300,5,1,0.15,1000,False,3000,1000,0,0,0,30,1.016,False,50,0,0,0,5,30,1.3999971999999998,0,15.24,5,1000,1000,5,1.3999971999999998,1000,1000,False,10,3,50,5,1.3999971999999998,3.81,1000,1,1,1,1,1,Standard,1
0,Glastic,Standard,0.6250,Glastic,2650.011338,360,0,True,False,Glastic,5000,1000,2000,1000,0,15.875,True,1000,True,3800,True,1,0,0,1.3999971999999998,0.2,6.35,12.7,0,0,,,0,,True,False,False,False,False,False,True,300,False,1034.213592,False,1.3,1,1.3999971999999998,273,0,0,289.56,350,True,3800,True,0,0,0,0,-1,-1,-1,False,False,0,0,1,300,5,1,0.1875,1000,False,3000,1000,0,0,0,30,1.016,False,50,0,0,0,5,30,1.3999971999999998,0,19.05,5,1000,1000,5,1.3999971999999998,1000,1000,False,10,3,50,5,1.3999971999999998,4.7625,1000,1,1,1,1,1,Standard,1
0,Glastic,Standard,0.7500,Glastic,2650.011338,360,0,True,False,Glastic,5000,1000,2000,1000,0,19.05,True,1000,True,3800,True,1,0,0,1.3999971999999998,0.2,6.35,12.7,0,0,,,0,,True,False,False,False,False,False,True,300,False,1034.213592,False,1.3,1,1.3999971999999998,273,0,0,233.67999999999998,350,True,3800,True,0,0,0,0,-1,-1,-1,False,False,0,0,1,300,5,1,0.225,1000,False,3000,1000,0,0,0,30,1.016,False,50,0,0,0,5,30,1.3999971999999998,0,22.86,5,1000,1000,5,1.3999971999999998,1000,1000,False,10,3,50,5,1.3999971999999998,5.715,1000,1,1,1,1,1,Standard,1
0,Glastic,Standard,1.0000,Glastic,2650.011338,360,0,True,False,Glastic,5000,1000,2000,1000,0,25.4,True,1000,True,3800,True,1,0,0,1.27,0.2,6.35,12.7,0,0,,,0,,True,False,False,False,False,False,True,300,False,1034.213592,False,1.3,11,1.27,254,0,0,167.64,350,True,3800,True,0,0,0,0,-1,-1,-1,False,False,0,0,1,300,5,1,0.3,1000,False,3000,1000,0,0,0,30,1.016,False,50,0,0,0,5,30,1.3999971999999998,0,30.48,5,1000,1000,5,1.3999971999999998,1000,1000,False,10,3,50,5,1.3999971999999998,7.62,1000,1,1,1,1,1,Standard,1
0,GPO-3l Rouge WR TRANSFO,Standard,0.0625,GPO-3l Rouge WR TRANSFO,7800.035869,485,0,True,False,GPO-3l Rouge WR TRANSFO,4000,1000,2000,1000,0,1.5875,False,1000,True,3800,False,0.5,0,0,1.3999971999999998,0.2,3.8099999999999996,12.7,0,0,,,0,,True,False,False,False,False,False,True,300,False,1034.213592,False,4,2,1.3999971999999998,273,0,0,381,350,True,3800,True,0,0,0,0,-1,-1,-1,False,False,0,0,1,300,5,1,0.0375,2540,False,3000,1000,0,0,0,30,1.016,False,50,0,0,0,5,30,1.3999971999999998,0,3.81,5,1000,1000,5,1.3999971999999998,1000,1000,False,10,3,50,5,1.3999971999999998,0.9525,1000,1,1,1,1,1,Standard,1
0,GPO-3l Rouge WR TRANSFO,Standard,0.1250,GPO-3l Rouge WR TRANSFO,7800.035869,485,0,True,False,GPO-3l Rouge WR TRANSFO,4000,1000,2000,1000,0,3.175,False,1000,True,3800,False,0.5,0,0,1.3999971999999998,1.27,3.8099999999999996,12.7,0,0,,,0,,True,False,False,False,False,False,True,300,False,1034.213592,False,2,1.5,1.3999971999999998,273,0,0,381,350,True,3800,True,0,0,0,0,-1,-1,-1,False,False,0,0,1,300,5,1,0.0375,2540,False,3000,1000,0,0,0,30,1.016,False,50,0,0,0,5,30,1.3999971999999998,0,3.81,5,1000,1000,5,1.3999971999999998,1000,1000,False,10,3,50,5,1.3999971999999998,0.9525,1000,1,1,1,1,1,Standard,1
0,GPO-3l Rouge WR TRANSFO,Standard,0.1875,GPO-3l Rouge WR TRANSFO,7800.035869,485,0,True,False,GPO-3l Rouge WR TRANSFO,4000,1000,2000,1000,0,4.762499999999999,False,1000,True,3800,False,0.5,0,0,1.3999971999999998,0.7619999999999999,3.8099999999999996,12.7,0,0,,,0,,True,True,False,False,False,False,True,300,False,1034.213592,True,4,2,1.3999971999999998,273,0,0,381,350,True,3800,True,0,0,0,0,-1,-1,-1,False,False,0,0,1,300,5,1,0.0375,2540,False,3000,1000,0,0,0,30,1.016,False,50,0,0,0,5,30,1.3999971999999998,0,3.81,5,1000,1000,5,1.3999971999999998,1000,1000,False,10,3,50,5,1.3999971999999998,0.9525,1000,1,1,1,1,1,Standard,1
0,GPO-3l Rouge WR TRANSFO,Standard,0.2500,GPO-3l Rouge WR TRANSFO,7800.035869,485,0,True,False,GPO-3l Rouge WR TRANSFO,4000,1000,2000,1000,0,6.35,False,1000,True,3800,False,0.5,0,0,1.3999971999999998,1.397,4.7752,12.7,0,0,,,0,,True,True,False,False,False,False,True,300,True,1034.213592,False,4,2,1.3999971999999998,273,0,0,381,350,True,3800,True,0,0,0,0,-1,-1,-1,False,False,0,0,1,300,5,1,0.0375,2540,False,3000,1000,0,0,0,30,1.016,False,50,0,0,0,5,30,1.3999971999999998,0,3.81,5,1000,1000,5,1.3999971999999998,1000,1000,False,10,3,50,5,1.3999971999999998,0.9525,1000,1,1,1,1,1,Standard,1
0,GPO-3l Rouge WR TRANSFO,Standard,0.3125,GPO-3l Rouge WR TRANSFO,7800.035869,485,0,True,False,GPO-3l Rouge WR TRANSFO,4000,1000,2000,1000,0,7.9375,False,1000,True,3800,False,0.5,0,0,1.3999971999999998,0.7619999999999999,3.8099999999999996,12.7,0,0,,,0,,True,True,False,False,False,False,True,300,False,1034.213592,True,4,2,1.3999971999999998,273,0,0,381,350,True,3800,True,0,0,0,0,-1,-1,-1,False,False,0,0,1,300,5,1,0.0375,2540,False,3000,1000,0,0,0,30,1.016,False,50,0,0,0,5,30,1.3999971999999998,0,3.81,5,1000,1000,5,1.3999971999999998,1000,1000,False,10,3,50,5,1.3999971999999998,0.9525,1000,1,1,1,1,1,Standard,1
0,GPO-3l Rouge WR TRANSFO,Standard,0.3750,GPO-3l Rouge WR TRANSFO,7800.035869,485,0,True,False,GPO-3l Rouge WR TRANSFO,4000,1000,2000,1000,0,9.524999999999999,False,1000,True,3800,False,0.5,0,0,1.3999971999999998,1.1429999999999998,3.8099999999999996,12.7,0,0,,,0,,True,False,False,False,False,False,True,300,False,1034.213592,False,4,2,1.3999971999999998,273,0,0,381,350,True,3800,True,0,0,0,0,-1,-1,-1,False,False,0,0,1,300,5,1,0.0375,2540,False,3000,1000,0,0,0,30,1.016,False,50,0,0,0,5,30,1.3999971999999998,0,3.81,5,1000,1000,5,1.3999971999999998,1000,1000,False,10,3,50,5,1.3999971999999998,0.9525,1000,1,1,1,1,1,Standard,1
0,GPO-3l Rouge WR TRANSFO,Standard,0.4375,GPO-3l Rouge WR TRANSFO,7800.035869,485,0,True,False,GPO-3l Rouge WR TRANSFO,4000,1000,2000,1000,0,11.112499999999999,False,1000,True,3800,False,0.5,0,0,1.3999971999999998,0.2,3.8099999999999996,12.7,0,0,,,0,,True,False,False,False,False,False,True,300,False,1034.213592,False,4,2,1.3999971999999998,273,0,0,381,350,True,3800,True,0,0,0,0,-1,-1,-1,False,False,0,0,1,300,5,1,0.0375,2540,False,3000,1000,0,0,0,30,1.016,False,50,0,0,0,5,30,1.3999971999999998,0,3.81,5,1000,1000,5,1.3999971999999998,1000,1000,False,10,3,50,5,1.3999971999999998,0.9525,1000,1,1,1,1,1,Standard,1
0,GPO-3l Rouge WR TRANSFO,Standard,0.5000,GPO-3l Rouge WR TRANSFO,7800.035869,485,0,True,False,GPO-3l Rouge WR TRANSFO,4000,1000,2000,1000,0,12.7,False,1000,True,3800,False,0.5,0,0,1.3999971999999998,1.016,3.8099999999999996,12.7,0,0,,,0,,True,False,False,False,False,False,True,300,True,1034.213592,False,4,2,1.3999971999999998,273,0,0,381,350,True,3800,True,0,0,0,0,-1,-1,-1,False,False,0,0,1,300,5,1,0.0375,2540,False,3000,1000,0,0,0,30,1.016,False,50,0,0,0,5,30,1.3999971999999998,0,3.81,5,1000,1000,5,1.3999971999999998,1000,1000,False,10,3,50,5,1.3999971999999998,0.9525,1000,1,1,1,1,1,Standard,1
0,GPO-3l Rouge WR TRANSFO,Standard,0.7500,GPO-3l Rouge WR TRANSFO,7800.035869,485,0,True,False,GPO-3l Rouge WR TRANSFO,4000,1000,2000,1000,0,19.049999999999997,False,1000,True,3800,False,0.5,0,0,1.3999971999999998,0.635,3.8099999999999996,12.7,0,0,,,0,,True,False,False,False,False,False,True,300,True,1034.213592,False,4,2,1.3999971999999998,273,0,0,381,350,True,3800,True,0,-0.9452945827096123,0,0,-0.7161599454704103,-1,-1,False,False,0,0,1,300,5,1,0.0375,2540,False,3000,1000,0,0,0,30,1.016,False,50,0,0,0,5,30,1.3999971999999998,0,3.81,5,1000,1000,5,1.3999971999999998,1000,1000,False,10,3,50,5,1.3999971999999998,0.9525,1000,1,1,1,1,1,Standard,1
0,GPO-3l Rouge WR TRANSFO,Standard,1.0000,GPO-3l Rouge WR TRANSFO,7800.035869,485,0,True,False,GPO-3l Rouge WR TRANSFO,4000,1000,2000,1000,0,25.4,False,1000,True,3800,False,0.5,0,0,1.3999971999999998,0.635,3.8099999999999996,12.7,0,0,,,0,,True,False,False,False,False,False,True,300,True,1034.213592,False,4,3,1.3999971999999998,273,0,0,381,350,True,3800,True,0,-0.9452945827096123,0,0,-0.7161599454704103,-1,-1,False,False,0,0,1,300,5,1,0.0375,2540,False,3000,1000,0,0,0,30,1.016,False,50,0,0,0,5,30,1.3999971999999998,0,3.81,5,1000,1000,5,1.3999971999999998,1000,1000,False,10,3,50,5,1.3999971999999998,0.9525,1000,1,1,1,1,1,Standard,1
0,GPO-3l Rouge WR TRANSFO,Standard,1.5000,GPO-3l Rouge WR TRANSFO,7800.035869,485,0,True,False,GPO-3l Rouge WR TRANSFO,4000,1000,2000,1000,0,38.099999999999994,False,1000,True,3800,False,0.5,0,0,1.3999971999999998,0.38099999999999995,3.8099999999999996,12.7,0,0,,,0,,True,False,False,False,False,False,True,300,False,1034.213592,True,4,2,1.3999971999999998,273,0,0,381,350,True,3800,True,0,-0.8211832735875955,0,0,-0.6111318044365195,-1,-1,False,False,0,0,1,300,5,1,0.0375,2540,False,3000,1000,0,0,0,30,1.016,False,50,0,0,0,5,30,1.3999971999999998,0,3.81,5,1000,1000,5,1.3999971999999998,1000,1000,False,10,3,50,5,1.3999971999999998,0.9525,1000,1,1,1,1,1,Standard,1
0,GPO-3l Rouge WR TRANSFO,Standard,2.0000,GPO-3l Rouge WR TRANSFO,7800.035869,485,0,True,False,GPO-3l Rouge WR TRANSFO,4000,1000,2000,1000,0,50.8,False,1000,True,3800,False,0.5,0,0,1.3999971999999998,1.016,3.8099999999999996,12.7,0,0,,,0,,True,False,False,False,False,False,True,300,False,1034.213592,True,4,2,1.3999971999999998,273,0,0,381,350,True,3800,True,0,0,0,0,-1,-1,-1,False,False,0,0,1,300,5,1,0.0375,2540,False,3000,1000,0,0,0,30,1.016,False,50,0,0,0,5,30,1.3999971999999998,0,3.81,5,1000,1000,5,1.3999971999999998,1000,1000,False,10,3,50,5,1.3999971999999998,0.9525,1000,1,1,1,1,1,Standard,1
0,GPO-3l Rouge WR TRANSFO,Standard,2.1250,GPO-3l Rouge WR TRANSFO,7800.035869,485,0,True,False,GPO-3l Rouge WR TRANSFO,4000,1000,2000,1000,0,53.974999999999994,False,1000,True,3800,False,0.5,0,0,1.3999971999999998,0.508,3.8099999999999996,12.7,0,0,,,0,,True,False,False,False,False,False,True,300,False,1034.213592,True,4,2,1.3999971999999998,273,0,0,381,350,True,3800,True,0,0,0,0,-1,-1,-1,False,False,0,0,1,300,5,1,0.0375,2540,False,3000,1000,0,0,0,30,1.016,False,50,0,0,0,5,30,1.3999971999999998,0,3.81,5,1000,1000,5,1.3999971999999998,1000,1000,False,10,3,50,5,1.3999971999999998,0.9525,1000,1,1,1,1,1,Standard,1
0,Granite,Standard,0.0630,Granite,2800.013389,400,0,False,False,Granite,5000,1000,2000,1000,0,1.6002,True,1000,True,3800,True,1,0,0,1.3999971999999998,0.2,6.35,12.7,0,0,,,0,,True,False,False,False,False,False,True,300,False,1379,False,1.3,1,1.3999971999999998,273,0,0,1000,350,True,3800,True,0,0,0,0,-1,-1,-1,False,False,0,0,1,300,5,1,0.0189,1000,False,3000,1000,0,0,0,30,1.016,False,50,0,0,0,5,30,1.3999971999999998,0,1.92024,5,1000,1000,5,1.3999971999999998,1000,1000,False,10,3,50,5,1.3999971999999998,0.48006,1000,1,1,1,1,1,Standard,1
0,Granite,Standard,0.1250,Granite,2800.013389,400,0,False,False,Granite,5000,1000,2000,1000,0,3.175,True,1000,True,3800,True,1,0,0,1.3999971999999998,0.2,6.35,12.7,0,0,,,0,,True,False,False,False,False,False,True,300,False,1379,False,1.3,1,1.3999971999999998,273,0,0,1000,350,True,3800,True,0,0,0,0,-1,-1,-1,False,False,0,0,1,300,5,1,0.0375,1000,False,3000,1000,0,0,0,30,1.016,False,50,0,0,0,5,30,1.3999971999999998,0,3.81,5,1000,1000,5,1.3999971999999998,1000,1000,False,10,3,50,5,1.3999971999999998,0.9525,1000,1,1,1,1,1,Standard,1
0,Granite,Standard,0.1870,Granite,2800.013389,400,0,False,False,Granite,5000,1000,2000,1000,0,4.7498,True,1000,True,3800,True,1,0,0,1.3999971999999998,0.2,6.35,12.7,0,0,,,0,,True,False,False,False,False,False,True,300,False,1379,False,1.3,1,1.3999971999999998,273,0,0,1000,350,True,3800,True,0,0,0,0,-1,-1,-1,False,False,0,0,1,300,5,1,0.0561,1000,False,3000,1000,0,0,0,30,1.016,False,50,0,0,0,5,30,1.3999971999999998,0,5.69976,5,1000,1000,5,1.3999971999999998,1000,1000,False,10,3,50,5,1.3999971999999998,1.42494,1000,1,1,1,1,1,Standard,1
0,Granite,Standard,0.2500,Granite,2800.013389,400,0,False,False,Granite,5000,1000,2000,1000,0,6.35,True,1000,True,3800,True,1,0,0,1.3999971999999998,0.2,6.35,12.7,0,0,,,0,,True,False,False,False,False,False,True,300,False,1379,False,1.3,1,1.3999971999999998,273,0,0,914.4,350,True,3800,True,0,0,0,0,-1,-1,-1,False,False,0,0,1,300,5,1,0.075,1000,False,3000,1000,0,0,0,30,1.016,False,50,0,0,0,5,30,1.3999971999999998,0,7.62,5,1000,1000,5,1.3999971999999998,1000,1000,False,10,3,50,5,1.3999971999999998,1.905,1000,1,1,1,1,1,Standard,1
0,Granite,Standard,0.3750,Granite,2800.013389,400,0,False,False,Granite,5000,1000,2000,1000,0,9.525,True,1000,True,3800,True,1,0,0,1.3999971999999998,0.2,6.35,12.7,0,0,,,0,,True,False,False,False,False,False,True,300,False,1379,False,2.5,2,1.3999971999999998,273,0,0,584.1999999999999,350,True,3800,True,0,0,0,0,-1,-1,-1,False,False,0,0,1,300,5,1,0.1125,1000,False,3000,1000,0,0,0,30,1.016,False,50,0,0,0,5,30,1.3999971999999998,0,11.43,5,1000,1000,5,1.3999971999999998,1000,1000,False,10,3,50,5,1.3999971999999998,2.8575,1000,1,1,1,1,1,Standard,1
0,Granite,Standard,0.5000,Granite,2800.013389,400,0,False,False,Granite,5000,1000,2000,1000,0,12.7,True,1000,True,3800,True,1,0,0,1.3999971999999998,0.2,6.35,12.7,0,0,,,0,,True,False,False,False,False,False,True,300,False,1379,False,5,4,1.3999971999999998,273,0,0,406.4,350,True,3800,True,0,0,0,0,-1,-1,-1,False,False,0,0,1,300,5,1,0.15,1000,False,3000,1000,0,0,0,30,1.016,False,50,0,0,0,5,30,1.3999971999999998,0,15.24,5,1000,1000,5,1.3999971999999998,1000,1000,False,10,3,50,5,1.3999971999999998,3.81,1000,1,1,1,1,1,Standard,1
0,Granite,Standard,0.6250,Granite,2800.013389,400,0,False,False,Granite,5000,1000,2000,1000,0,15.875,True,1000,True,3800,True,1,0,0,1.3999971999999998,0.2,6.35,12.7,0,0,,,0,,True,False,False,False,False,False,True,300,False,1379,False,7.5,6,1.3999971999999998,273,0,0,304.79999999999995,350,True,3800,True,0,0,0,0,-1,-1,-1,False,False,0,0,1,300,5,1,0.1875,1000,False,3000,1000,0,0,0,30,1.016,False,50,0,0,0,5,30,1.3999971999999998,0,19.05,5,1000,1000,5,1.3999971999999998,1000,1000,False,10,3,50,5,1.3999971999999998,4.7625,1000,1,1,1,1,1,Standard,1
0,Granite,Standard,0.7500,Granite,2800.013389,400,0,False,False,Granite,5000,1000,2000,1000,0,19.05,True,1000,True,3800,True,1,0,0,1.3999971999999998,0.2,6.35,12.7,0,0,,,0,,True,False,False,False,False,False,True,300,False,1379,False,7.5,4,1.3999971999999998,273,0,0,254,350,True,3800,True,0,0,0,0,-1,-1,-1,False,False,0,0,1,300,5,1,0.225,1000,False,3000,1000,0,0,0,30,1.016,False,50,0,0,0,5,30,1.3999971999999998,0,22.86,5,1000,1000,5,1.3999971999999998,1000,1000,False,10,3,50,5,1.3999971999999998,5.715,1000,1,1,1,1,1,Standard,1
0,Granite,Standard,1.0000,Granite,2800.013389,400,0,False,False,Granite,5000,1000,2000,1000,0,25.4,True,1000,True,3800,True,1,0,0,1.3999971999999998,0.2,6.35,12.7,0,0,,,0,,True,False,False,False,False,False,True,300,False,1379,False,10,8,1.3999971999999998,273,0,0,177.79999999999998,350,True,3800,True,0,0,0,0,-1,-1,-1,False,False,0,0,1,300,5,1,0.3,1000,False,3000,1000,0,0,0,30,1.016,False,50,0,0,0,5,30,1.3999971999999998,0,30.48,5,1000,1000,5,1.3999971999999998,1000,1000,False,10,3,50,5,1.3999971999999998,7.62,1000,1,1,1,1,1,Standard,1
0,Granite,Standard,2.0000,Granite,2800.013389,400,0,False,False,Granite,5000,1000,2000,1000,0,50.8,True,1000,True,3800,True,1,0,0,1.3999971999999998,0.2,6.35,12.7,0,0,,,0,,True,False,False,False,False,False,True,300,False,1379,False,10,8,1.3999971999999998,273,0,0,177.79999999999998,350,True,3800,True,0,-0.35809395932356997,0,0,-0.25782926747071294,-1,-1,False,False,0,0,1,300,5,1,0.3,1000,False,3000,1000,0,0,0,30,1.016,False,50,0,0,0,5,30,1.3999971999999998,0,30.48,5,1000,1000,5,1.3999971999999998,1000,1000,False,10,3,50,5,1.3999971999999998,7.62,1000,1,1,1,1,1,Standard,1
0,Granite,Standard,3.0000,Granite,2800.013389,400,0,False,False,Granite,5000,1000,2000,1000,0,76.19999999999999,True,1000,True,3800,True,1,0,0,1.3999971999999998,0.2,6.35,12.7,0,0,,,0,,True,False,False,False,False,False,True,300,False,1379,False,10,8,1.3999971999999998,273,0,0,177.79999999999998,350,True,3800,True,0,-0.35809395932356997,0,0,-0.25782926747071294,-1,-1,False,False,0,0,1,300,5,1,0.3,1000,False,3000,1000,0,0,0,30,1.016,False,50,0,0,0,5,30,1.3999971999999998,0,30.48,5,1000,1000,5,1.3999971999999998,1000,1000,False,10,3,50,5,1.3999971999999998,7.62,1000,1,1,1,1,1,Standard,1
0,Granite,Standard,3.5000,Granite,2800.013389,400,0,False,False,Granite,5000,1000,2000,1000,0,88.89999999999999,True,1000,True,3800,True,1,0,0,1.3999971999999998,0.2,6.35,12.7,0,0,,,0,,True,False,False,False,False,False,True,300,False,1379,False,10,8,1.3999971999999998,273,0,0,177.79999999999998,350,True,3800,True,0,-0.35809395932356997,0,0,-0.25782926747071294,-1,-1,False,False,0,0,1,300,5,1,0.3,1000,False,3000,1000,0,0,0,30,1.016,False,50,0,0,0,5,30,1.3999971999999998,0,30.48,5,1000,1000,5,1.3999971999999998,1000,1000,False,10,3,50,5,1.3999971999999998,7.62,1000,1,1,1,1,1,Standard,1
0,Granite,Standard,6.0000,Granite,2800.013389,400,0,False,False,Granite,5000,1000,2000,1000,0,152.39999999999998,True,1000,True,3800,True,1,0,0,1.3999971999999998,0.38099999999999995,6.35,12.7,0,0,,,0,,True,False,False,False,False,False,True,300,False,1379,False,10,8,1.3999971999999998,273,0,0,177.79999999999998,350,True,3800,True,0,-0.2148581660301817,0,0,-0.1909852243596878,-1,-1,False,False,0,0,1,300,5,1,0.3,1000,False,3000,1000,0,0,0,30,1.016,False,50,0,0,0,5,30,1.3999971999999998,0,30.48,5,1000,1000,5,1.3999971999999998,1000,1000,False,10,3,50,5,1.3999971999999998,7.62,1000,1,1,1,1,1,Standard,1
0,Graphite,Standard,0.0500,Graphite,2050.009,985,0,False,False,Graphite,5000,1000,2000,1000,0,1.27,True,1000,True,3800,True,1,0,0,1.3999971999999998,0.2,6.35,12.7,0,0,,,0,,True,False,False,False,False,False,True,300,True,2000,True,2.5,3,1.3999971999999998,273,0,0,1000,350,True,3800,True,0,0,0,0,-1,-1,-1,False,False,0,0,1,300,5,1,0.015,1000,False,3000,1000,0,0,0,30,1,False,50,0,0,0,5,30,1.3999971999999998,0,1.524,5,1000,1000,5,1.3999971999999998,1000,1000,False,10,3,50,5,1.3999971999999998,0.381,1000,1,1,1,1,1,Standard,1
0,Graphite,Standard,0.0630,Graphite,2050.009,985,0,False,False,Graphite,5000,1000,2000,1000,0,1.6002,True,1000,True,3800,True,1,0,0,1.3999971999999998,0.2,6.35,12.7,0,0,,,0,,True,False,False,False,False,False,True,300,True,2000,True,2.5,3,1.3999971999999998,273,0,0,1000,350,True,3800,True,0,0,0,0,-1,-1,-1,False,False,0,0,1,300,5,1,0.0189,1000,False,3000,1000,0,0,0,30,1,False,50,0,0,0,5,30,1.3999971999999998,0,1.92024,5,1000,1000,5,1.3999971999999998,1000,1000,False,10,3,50,5,1.3999971999999998,0.48006,1000,1,1,1,1,1,Standard,1
0,Graphite,Standard,0.1250,Graphite,2050.009,985,0,False,False,Graphite,5000,1000,2000,1000,0,3.175,True,1000,True,3800,True,1,0,0,1.3999971999999998,0.2,6.35,12.7,0,0,,,0,,True,False,False,False,False,False,True,300,True,2000,True,5,6,1.3999971999999998,273,0,0,1000,350,True,3800,True,0,0,0,0,-1,-1,-1,False,False,0,0,1,300,5,1,0.0375,1000,False,3000,1000,0,0,0,30,1,False,50,0,0,0,5,30,1.3999971999999998,0,3.81,5,1000,1000,5,1.3999971999999998,1000,1000,False,10,3,50,5,1.3999971999999998,0.9525,1000,1,1,1,1,1,Standard,1
0,Graphite,Standard,0.1870,Graphite,2050.009,985,0,False,False,Graphite,5000,1000,2000,1000,0,4.7498,True,1000,True,3800,True,1,0,0,1.3999971999999998,0.2,6.35,12.7,0,0,,,0,,True,False,False,False,False,False,True,300,True,2000,True,5,6,1.3999971999999998,273,0,0,1000,350,True,3800,True,0,0,0,0,-1,-1,-1,False,False,0,0,1,300,5,1,0.0561,1000,False,3000,1000,0,0,0,30,1,False,50,0,0,0,5,30,1.3999971999999998,0,5.69976,5,1000,1000,5,1.3999971999999998,1000,1000,False,10,3,50,5,1.3999971999999998,1.42494,1000,1,1,1,1,1,Standard,1
0,Graphite,Standard,0.2500,Graphite,2050.009,985,0,False,False,Graphite,5000,1000,2000,1000,0,6.35,True,1000,True,3800,True,1,0,0,1.3999971999999998,0.2,6.35,12.7,0,0,,,0,,True,False,False,False,False,False,True,300,True,2000,True,7.5,10,1.3999971999999998,273,0,0,1000,350,True,3800,True,0,0,0,0,-1,-1,-1,False,False,0,0,1,300,5,1,0.075,1000,False,3000,1000,0,0,0,30,1,False,50,0,0,0,5,30,1.3999971999999998,0,7.62,5,1000,1000,5,1.3999971999999998,1000,1000,False,10,3,50,5,1.3999971999999998,1.905,1000,1,1,1,1,1,Standard,1
0,Graphite,Standard,0.3750,Graphite,2050.009,985,0,False,False,Graphite,5000,1000,2000,1000,0,9.525,True,1000,True,3800,True,1,0,0,1.3999971999999998,0.2,6.35,12.7,0,0,,,0,,True,False,False,False,False,False,True,300,True,2000,True,5,6,1.3999971999999998,273,0,0,1000,350,True,3800,True,0,0,0,0,-1,-1,-1,False,False,0,0,1,300,5,1,0.1125,1000,False,3000,1000,0,0,0,30,1,False,50,0,0,0,5,30,1.3999971999999998,0,11.43,5,1000,1000,5,1.3999971999999998,1000,1000,False,10,3,50,5,1.3999971999999998,2.8575,1000,1,1,1,1,1,Standard,1
0,Graphite,Standard,0.5000,Graphite,2050.009,985,0,False,False,Graphite,5000,1000,2000,1000,0,12.7,True,1000,True,3800,True,1,0,0,1.3999971999999998,0.2,6.35,12.7,0,0,,,0,,True,False,False,False,False,False,True,300,True,2000,True,5,6,1.3999971999999998,273,0,0,1000,350,True,3800,True,0,0,0,0,-1,-1,-1,False,False,0,0,1,300,5,1,0.15,1000,False,3000,1000,0,0,0,30,1,False,50,0,0,0,5,30,1.3999971999999998,0,15.24,5,1000,1000,5,1.3999971999999998,1000,1000,False,10,3,50,5,1.3999971999999998,3.81,1000,1,1,1,1,1,Standard,1
0,Hardox TATA,AR500,0.0150,Hardox TATA,7800.035629,80,0,False,False,Hardox TATA,4000,1000,2000,1000,0,0.38099999999999995,True,1000,True,3800,True,1,0,0,1.3999971999999998,0.254,3.8099999999999996,12.7,0,0,,,0,,True,False,False,False,False,False,True,300,True,3800,True,4,2,1.3999971999999998,273,0,0,45.466,350,True,3800,True,0,-4.129162870403211,0,0,-2.449662620127041,-1,-1,False,False,0,0,1,300,5,1,0.0561,1000,False,3000,1000,0,0,0,30,1.016,False,50,0,0,0,5,30,1.3999971999999998,0,5.69976,5,1000,1000,5,1.3999971999999998,1000,1000,False,10,3,50,5,1.3999971999999998,1.42494,1000,1,1,1,1,1,AR500,4.078551850420236
0,Hardox TATA,AR500,0.0360,Hardox TATA,7800.035629,80,0,False,False,Hardox TATA,4000,1000,2000,1000,0,0.9143999999999999,True,1000,True,3800,True,1,0,0,1.3999971999999998,0.254,3.8099999999999996,12.7,0,0,,,0,,True,False,False,False,False,False,True,300,True,3800,True,4,2,1.3999971999999998,273,0,0,45.466,350,True,3800,True,0,-4.129162870403211,0,0,-2.449662620127041,-1,-1,False,False,0,0,1,300,5,1,0.0561,1000,False,3000,1000,0,0,0,30,1.016,False,50,0,0,0,5,30,1.3999971999999998,0,5.69976,5,1000,1000,5,1.3999971999999998,1000,1000,False,10,3,50,5,1.3999971999999998,1.42494,1000,1,1,1,1,1,AR500,4.078551850420236
0,Hardox TATA,AR500,0.0390,Hardox TATA,7800.035629,80,0,False,False,Hardox TATA,4000,1000,2000,1000,0,0.9905999999999999,True,1000,True,3800,True,1,0,0,1.3999971999999998,0.254,3.8099999999999996,12.7,0,0,,,0,,True,False,False,False,False,False,True,300,True,3800,True,4,2,1.3999971999999998,273,0,0,45.466,350,True,3800,True,0,-4.129162870403211,0,0,-2.449662620127041,-1,-1,False,False,0,0,1,300,5,1,0.0561,1000,False,3000,1000,0,0,0,30,1.016,False,50,0,0,0,5,30,1.3999971999999998,0,5.69976,5,1000,1000,5,1.3999971999999998,1000,1000,False,10,3,50,5,1.3999971999999998,1.42494,1000,1,1,1,1,1,AR500,4.078551850420236
0,Hardox TATA,AR500,0.0480,Hardox TATA,7800.035629,80,0,False,False,Hardox TATA,4000,1000,2000,1000,0,1.2192,True,1000,True,3800,True,1,0,0,1.3999971999999998,0.5588,3.8099999999999996,12.7,0,0,,,0,,True,False,False,False,False,False,True,300,True,3800,True,4,2,1.3999971999999998,273,0,0,45.466,350,True,3800,True,0,-4.129162870403211,0,0,-2.449662620127041,-1,-1,False,False,0,0,1,300,5,1,0.0561,1000,False,3000,1000,0,0,0,30,1.016,False,50,0,0,0,5,30,1.3999971999999998,0,5.69976,5,1000,1000,5,1.3999971999999998,1000,1000,False,10,3,50,5,1.3999971999999998,1.42494,1000,1,1,1,1,1,AR500,4.078551850420236
0,Hardox TATA,AR500,0.0600,Hardox TATA,7800.035629,80,0,False,False,Hardox TATA,4000,1000,2000,1000,0,1.5239999999999998,True,1000,True,3800,True,1,0,0,1.3999971999999998,0.635,3.8099999999999996,12.7,0,0,,,0,,True,False,False,False,False,False,True,300,True,3800,True,4,2,1.3999971999999998,273,0,0,45.466,350,True,3800,True,0,-4.129162870403211,0,0,-2.449662620127041,-1,-1,False,False,0,0,1,300,5,1,0.0561,1000,False,3000,1000,0,0,0,30,1.016,False,50,0,0,0,5,30,1.3999971999999998,0,5.69976,5,1000,1000,5,1.3999971999999998,1000,1000,False,10,3,50,5,1.3999971999999998,1.42494,1000,1,1,1,1,1,AR500,4.078551850420236
0,Hardox TATA,AR500,0.0630,Hardox TATA,7800.035629,80,0,False,False,Hardox TATA,4000,1000,2000,1000,0,1.6002,True,1000,True,3800,True,1,0,0,1.3999971999999998,0.635,6.35,12.7,0,0,,,0,,True,False,False,False,False,False,True,300,True,3800,True,2,1,1.3999971999999998,273,0,0,157.48,350,True,3800,True,0,-5.44033203100551,0,0,-4.085616779974878,-1,-1,False,False,0,0,1,300,5,1,0.0189,1000,False,3000,1000,0,0,0,30,1.016,False,50,0,0,0,5,30,1.3999971999999998,0,1.92024,5,1000,1000,5,1.3999971999999998,1000,1000,False,10,3,50,5,1.3999971999999998,0.48006,1000,1,1,1,1,1,AR500,4.078551850420236
0,Hardox TATA,AR500,0.0750,Hardox TATA,7800.035629,80,0,False,False,Hardox TATA,4000,1000,2000,1000,0,1.9049999999999998,True,1000,True,3800,True,1,0,0,1.3999971999999998,0.635,3.8099999999999996,12.7,0,0,,,0,,True,False,False,False,False,False,True,300,True,3800,True,4,2,1.3999971999999998,273,0,0,45.466,350,True,3800,True,0,0,0,0,-1,-1,-1,False,False,0,0,1,300,5,1,0.0561,1000,False,3000,1000,0,0,0,30,1.016,False,50,0,0,0,5,30,1.3999971999999998,0,5.69976,5,1000,1000,5,1.3999971999999998,1000,1000,False,10,3,50,5,1.3999971999999998,1.42494,1000,1,1,1,1,1,AR500,4.078551850420236
0,Hardox TATA,AR500,0.1090,Hardox TATA,7800.035629,80,0,False,False,Hardox TATA,4000,1000,2000,1000,0,2.7685999999999997,True,1000,True,3800,True,1,0,0,1.3999971999999998,0.45719999999999994,3.8099999999999996,12.7,0,0,,,0,,True,False,False,False,False,False,True,300,True,3800,True,4,2,1.3999971999999998,273,0,0,45.466,350,True,3800,True,0,-4.129162870403211,0,0,-2.449662620127041,-1,-1,False,False,0,0,1,300,5,1,0.0561,1000,False,3000,1000,0,0,0,30,1.016,False,50,0,0,0,5,30,1.3999971999999998,0,5.69976,5,1000,1000,5,1.3999971999999998,1000,1000,False,10,3,50,5,1.3999971999999998,1.42494,1000,1,1,1,1,1,AR500,4.078551850420236
0,Hardox TATA,AR500,0.1200,Hardox TATA,7800.035629,80,0,False,False,Hardox TATA,4000,1000,2000,1000,0,3.0479999999999996,True,1000,True,3800,True,1,0,0,1.3999971999999998,0.635,3.8099999999999996,12.7,0,0,,,0,,True,False,False,False,False,False,True,300,True,3800,True,4,2,1.3999971999999998,273,0,0,45.466,350,True,3800,True,0,-4.129162870403211,0,0,-2.449662620127041,-1,-1,False,False,0,0,1,300,5,1,0.0561,1000,False,3000,1000,0,0,0,30,1.016,False,50,0,0,0,5,30,1.3999971999999998,0,5.69976,5,1000,1000,5,1.3999971999999998,1000,1000,False,10,3,50,5,1.3999971999999998,1.42494,1000,1,1,1,1,1,AR500,4.078551850420236
0,Hardox TATA,AR500,0.1250,Hardox TATA,7800.035629,80,0,False,False,Hardox TATA,4000,1000,2000,1000,0,3.175,True,1000,True,3800,True,1,0,0,1.3999971999999998,0.635,2.54,12.7,0,0,,,0,,True,False,False,False,False,False,True,300,True,3800,True,6,3,1.3999971999999998,273,0,0,71.11999999999999,350,True,3800,True,0,-5.710593137499642,0,0,-3.6619355755198,-1,-1,False,False,0,0,1,300,5,1,0.042,1000,False,3000,1000,0,0,0,30,1.016,False,50,0,0,0,5,30,1.3999971999999998,0,4.2672,5,1000,1000,5,1.3999971999999998,1000,1000,False,10,3,50,5,1.3999971999999998,1.0668,1000,1,1,1,1,1,AR500,4.078551850420236
0,Hardox TATA,AR500,0.1350,Hardox TATA,7800.035629,80,0,False,False,Hardox TATA,4000,1000,2000,1000,0,3.429,True,1000,True,3800,True,1,0,0,1.3999971999999998,0.508,2.54,12.7,0,0,,,0,,True,False,False,False,False,False,True,300,True,3800,True,6,3,1.3999971999999998,273,0,0,71.11999999999999,350,True,3800,True,0,-5.710593137499642,0,0,-3.6619355755198,-1,-1,False,False,0,0,1,300,5,1,0.042,1000,False,3000,1000,0,0,0,30,1.016,False,50,0,0,0,5,30,1.3999971999999998,0,4.2672,5,1000,1000,5,1.3999971999999998,1000,1000,False,10,3,50,5,1.3999971999999998,1.0668,1000,1,1,1,1,1,AR500,4.078551850420236
0,Hardox TATA,AR500,0.1500,Hardox TATA,7800.035629,80,0,False,False,Hardox TATA,4000,1000,2000,1000,0,3.8099999999999996,True,1000,True,3800,True,1,0,0,1.3999971999999998,0.2,2.54,12.7,0,0,,,0,,True,False,False,False,False,False,True,300,True,3800,True,6,3,1.3999971999999998,273,0,0,71.11999999999999,350,True,3800,True,0,-5.710593137499642,0,0,-3.6619355755198,-1,-1,False,False,0,0,1,300,5,1,0.042,1000,False,3000,1000,0,0,0,30,1.016,False,50,0,0,0,5,30,1.3999971999999998,0,4.2672,5,1000,1000,5,1.3999971999999998,1000,1000,False,10,3,50,5,1.3999971999999998,1.0668,1000,1,1,1,1,1,AR500,4.078551850420236
0,Hardox TATA,AR500,0.1870,Hardox TATA,7800.035629,80,0,False,False,Hardox TATA,4000,1000,2000,1000,0,4.7498,True,1000,True,3800,True,1,0,0,1.3999971999999998,0.635,3.8099999999999996,12.7,0,0,,,0,,True,False,False,False,False,False,True,300,True,3800,True,4,2,1.3999971999999998,273,0,0,45.466,350,True,3800,True,0,-3.2137680868787575,0,0,-1.6846843178962854,-1,-1,False,False,0,0,1,300,5,1,0.0561,1000,False,3000,1000,0,0,0,30,1.016,False,50,0,0,0,5,30,1.3999971999999998,0,5.69976,5,1000,1000,5,1.3999971999999998,1000,1000,False,10,3,50,5,1.3999971999999998,1.42494,1000,1,1,1,1,1,AR500,4.078551850420236
0,Hardox TATA,AR500,0.2500,Hardox TATA,7800.035629,80,0,False,False,Hardox TATA,4000,1000,2000,1000,0,6.35,True,1000,True,3800,True,1,0,0,1.3999971999999998,0.6858,3.8099999999999996,12.7,0,0,,,0,,True,False,False,False,False,False,True,300,True,3800,True,3,2,1.3999971999999998,273,0,0,32.512,350,True,3800,True,0,-2.862405226111747,0,0,-1.6038627711549265,-1,-1,False,False,0,0,1,300,5,1,0.075,1000,False,3000,1000,0,0,0,30,1.016,False,50,0,0,0,5,30,1.3999971999999998,0,7.62,5,1000,1000,5,1.3999971999999998,1000,1000,False,10,3,50,5,1.3999971999999998,1.905,1000,1,1,1,1,1,AR500,4.078551850420236
0,Hardox TATA,AR500,0.3120,Hardox TATA,7800.035629,80,0,False,False,Hardox TATA,4000,1000,2000,1000,0,7.9248,True,1000,True,3800,True,1,0,0,1.3999971999999998,0.508,6.35,12.7,0,0,,,0,,True,False,False,False,False,False,True,300,True,3800,True,8,4,1.3999971999999998,273,0,0,25.4,350,True,3800,True,0,-2.202598161765807,0,0,-1.2852666069383183,-1,-1,False,False,0,0,1,300,5,1,0.0936,1000,False,3000,1000,0,0,0,30,1.016,False,50,0,0,0,5,30,1.3999971999999998,0,9.50976,5,1000,1000,5,1.3999971999999998,1000,1000,False,10,3,50,5,1.3999971999999998,2.37744,1000,1,1,1,1,1,AR500,4.078551850420236
0,Hardox TATA,AR500,0.3750,Hardox TATA,7800.035629,80,0,False,False,Hardox TATA,4000,1000,2000,1000,0,9.525,True,1000,True,3800,True,1,0,0,1.3999971999999998,0.3048,6.35,12.7,0,0,,,0,,True,False,False,False,False,False,True,300,True,3800,True,2,1,1.3999971999999998,273,0,0,20.32,350,True,3800,True,0,-1.9091524329963754,0,0,-1.0693970206331145,-1,-1,False,False,0,0,1,300,5,1,0.1125,1000,False,3000,1000,0,0,0,30,1.016,False,50,0,0,0,5,30,1.3999971999999998,0,11.43,5,1000,1000,5,1.3999971999999998,1000,1000,False,10,3,50,5,1.3999971999999998,2.8575,1000,1,1,1,1,1,AR500,4.078551850420236
0,Hardox TATA,AR500,0.5000,Hardox TATA,7800.035629,80,0,False,False,Hardox TATA,4000,1000,2000,1000,0,12.7,True,1000,True,3800,True,1,0,0,1.3999971999999998,0.6858,6.35,12.7,0,0,,,0,,True,False,False,False,False,False,True,300,True,3800,True,15,7,1.3999971999999998,273,0,0,14.731999999999998,350,True,3800,True,0,-1.7183580016554585,0,0,-0.8593722436446815,-1,-1,False,False,0,0,1,300,5,1,0.15,1000,False,3000,1000,0,0,0,30,1.016,False,50,0,0,0,5,30,1.3999971999999998,0,15.24,5,1000,1000,5,1.3999971999999998,1000,1000,False,10,3,50,5,1.3999971999999998,3.81,1000,1,1,1,1,1,AR500,4.078551850420236
0,Hardox TATA,AR500,0.6250,Hardox TATA,7800.035629,80,0,False,False,Hardox TATA,4000,1000,2000,1000,0,15.875,True,1000,True,3800,True,1,0,0,1.3999971999999998,0.635,6.35,12.7,0,0,,,0,,True,False,False,False,False,False,True,300,True,3800,True,15,7,1.3999971999999998,273,0,0,11.43,350,True,3800,True,0,-1.6038627711549296,0,0,-0.8708287873026269,-1,-1,False,False,0,0,1,300,5,1,0.1875,1000,False,3000,1000,0,0,0,30,1.016,False,50,0,0,0,5,30,1.3999971999999998,0,19.05,5,1000,1000,5,1.3999971999999998,1000,1000,False,10,3,50,5,1.3999971999999998,4.7625,1000,1,1,1,1,1,AR500,4.078551850420236
0,Hardox TATA,AR500,0.7500,Hardox TATA,7800.035629,80,0,False,False,Hardox TATA,4000,1000,2000,1000,0,19.05,True,1000,True,3800,True,1,0,0,1.3999971999999998,0.7111999999999999,6.35,12.7,0,0,,,0,,True,False,False,False,False,False,True,300,True,3800,True,10,5,1.3999971999999998,273,0,0,9.143999999999998,350,True,3800,True,0,-1.0312126698879533,0,0,-0.6111318044365194,-1,-1,False,False,0,0,1,300,5,1,0.225,1000,False,3000,1000,0,0,0,30,1.016,False,50,0,0,0,5,30,1.3999971999999998,0,22.86,5,1000,1000,5,1.3999971999999998,1000,1000,False,10,3,50,5,1.3999971999999998,5.715,1000,1,1,1,1,1,AR500,4.078551850420236
0,Hardox TATA,AR500,0.8750,Hardox TATA,7800.035629,80,0,False,False,Hardox TATA,4000,1000,2000,1000,0,22.225,True,1000,True,3800,True,1,0,0,1.3999971999999998,0,6.35,12.7,0,0,,,0,,True,False,False,False,False,False,True,300,True,3800,True,10,5,1.3999971999999998,273,0,0,7.619999999999999,350,True,3800,True,0,-0.8839218947283454,0,0,-0.5238325312609574,-1,-1,False,False,0,0,1,300,5,1,0.2625,1000,False,3000,1000,0,0,0,30,1.016,False,50,0,0,0,5,30,1.3999971999999998,0,26.67,5,1000,1000,5,1.3999971999999998,1000,1000,False,10,3,50,5,1.3999971999999998,6.6675,1000,1,1,1,1,1,AR500,4.078551850420236
0,Hardox TATA,AR500,1.0000,Hardox TATA,7800.035629,80,0,False,False,Hardox TATA,4000,1000,2000,1000,0,25.4,True,1000,True,3800,True,1,0,0,1.3999971999999998,0.635,6.35,12.7,0,0,,,0,,True,False,False,False,False,False,True,300,True,3800,True,30,10,1.3999971999999998,273,0,0,6.604,350,True,3800,True,0,-1.5179828891198932,0,0,-0.6015835773408369,-1,-1,False,False,0,0,1,300,5,1,0.3,1000,False,3000,1000,0,0,0,30,1.016,False,50,0,0,0,5,30,1.3999971999999998,0,30.48,5,1000,1000,5,1.3999971999999998,1000,1000,False,10,3,50,5,1.3999971999999998,7.62,1000,1,1,1,1,1,AR500,4.078551850420236
0,Hardox TATA,AR500,1.2500,Hardox TATA,7800.035629,80,0,False,False,Hardox TATA,4000,1000,2000,1000,0,31.75,True,1000,True,3800,True,1,0,0,1.3999971999999998,0.508,6.35,12.7,0,0,,,0,,True,False,False,False,False,False,True,300,True,3800,True,35,17,1.3999971999999998,273,0,0,5.08,350,True,3800,True,0,-1.1228535080486308,0,0,-0.6875163546391002,-1,-1,False,False,0,0,1,300,5,1,0.375,1000,False,3000,1000,0,0,0,30,1.016,False,50,0,0,0,5,30,1.3999971999999998,0,38.1,5,1000,1000,5,1.3999971999999998,1000,1000,False,10,3,50,5,1.3999971999999998,9.525,1000,1,1,1,1,1,AR500,4.078551850420236
0,Hardox TATA,AR500,1.5000,Hardox TATA,7800.035629,80,0,False,False,Hardox TATA,4000,1000,2000,1000,0,38.1,True,1000,True,3800,True,1,0,0,1.3999971999999998,0.508,6.35,12.7,0,0,,,0,,True,False,False,False,False,False,True,300,True,3800,True,40,20,1.3999971999999998,273,0,0,4.064,350,True,3800,True,0,-0.5156480934199321,0,0,-0.3055745934585659,-1,-1,False,False,0,0,1,300,5,1,0.45,1000,False,3000,1000,0,0,0,30,1.016,False,50,0,0,0,5,30,1.3999971999999998,0,45.72,5,1000,1000,20,1.3999971999999998,1000,800,False,10,3,50,5,1.3999971999999998,11.43,1000,1,1,1,1,1,AR500,4.078551850420236
0,Hardox TATA,AR500,1.7500,Hardox TATA,7800.035629,80,0,False,False,Hardox TATA,4000,1000,2000,1000,0,44.45,True,1000,True,3800,True,1,0,0,1.3999971999999998,0.2,6.35,12.7,0,0,,,0,,True,False,False,False,False,False,True,300,True,3800,True,45,22,1.3999971999999998,273,0,0,3.556,350,True,3800,True,0,-0.4419872459420313,0,0,-0.26192173895527376,-1,-1,False,False,0,0,1,300,5,1,0.525,1000,False,3000,1000,0,0,0,30,1.016,False,50,0,0,0,5,30,1.3999971999999998,0,53.34,5,1000,1000,5,1.3999971999999998,1000,1000,False,10,3,50,5,1.3999971999999998,13.335,1000,1,1,1,1,1,AR500,4.078551850420236
0,Hardox TATA,AR500,2.0000,Hardox TATA,7800.035629,80,0,False,False,Hardox TATA,4000,1000,2000,1000,0,50.8,True,1000,True,3800,True,1,0,0,1.3999971999999998,0.38099999999999995,6.35,12.7,0,0,,,0,,True,False,False,False,False,False,True,300,True,3800,True,50,25,1.3999971999999998,273,0,0,3.0479999999999996,350,True,3800,True,0,-0.38674063816122667,0,0,-0.2291818957541002,-1,-1,False,False,0,0,1,300,5,1,0.6,1000,False,3000,1000,0,0,0,30,1.016,False,50,0,0,0,5,30,1.3999971999999998,0,60.96,5,1000,1000,20,1.3999971999999998,1000,1000,False,10,3,50,5,1.3999971999999998,15.24,1000,1,1,1,1,1,AR500,4.078551850420236
0,Hardox TATA,AR500,2.5000,Hardox TATA,7800.035629,80,0,False,False,Hardox TATA,4000,1000,2000,1000,0,63.5,True,1000,True,3800,True,1,0,0,1.3999971999999998,0.45719999999999994,6.35,12.7,0,0,,,0,,True,False,False,False,False,False,True,300,True,3800,True,15,7,1.3999971999999998,273,0,0,14.731999999999998,350,True,3800,True,0,-1.6038627711549347,0,0,-0.9739344366011572,-1,-1,False,False,0,0,1,300,5,1,0.15,1000,False,3000,1000,0,0,0,30,1.016,False,50,0,0,0,5,30,1.3999971999999998,0,15.24,5,1000,1000,5,1.3999971999999998,1000,1000,False,10,3,50,5,1.3999971999999998,3.81,1000,1,1,1,1,1,AR500,4.078551850420236
0,Hardox TATA,AR500,2.7500,Hardox TATA,7800.035629,80,0,False,False,Hardox TATA,4000,1000,2000,1000,0,69.85,True,1000,True,3800,True,1,0,0,1.3999971999999998,0.45719999999999994,6.35,12.7,0,0,,,0,,True,False,False,False,False,False,True,300,True,3800,True,15,7,1.3999971999999998,273,0,0,14.731999999999998,350,True,3800,True,0,-1.6038627711549347,0,0,-0.9739344366011572,-1,-1,False,False,0,0,1,300,5,1,0.15,1000,False,3000,1000,0,0,0,30,1.016,False,50,0,0,0,5,30,1.3999971999999998,0,15.24,5,1000,1000,5,1.3999971999999998,1000,1000,False,10,3,50,5,1.3999971999999998,3.81,1000,1,1,1,1,1,AR500,4.078551850420236
0,Hardox TATA,AR500,3.0000,Hardox TATA,7800.035629,80,0,False,False,Hardox TATA,4000,1000,2000,1000,0,76.19999999999999,True,1000,True,3800,True,1,0,0,1.3999971999999998,0.2,6.35,12.7,0,0,,,0,,True,False,False,False,False,False,True,300,True,3800,True,50,25,1.3999971999999998,273,0,0,3.0479999999999996,350,True,3800,True,0,-0.38674063816122667,0,0,-0.2291818957541002,-1,-1,False,False,0,0,1,300,5,1,0.6,1000,False,3000,1000,0,0,0,30,1.016,False,50,0,0,0,5,30,1.3999971999999998,0,60.96,5,1000,1000,20,1.3999971999999998,1000,1000,False,10,3,50,5,1.3999971999999998,15.24,1000,1,1,1,1,1,AR500,4.078551850420236
0,Hardox TATA,AR500,3.5000,Hardox TATA,7800.035629,80,0,False,False,Hardox TATA,4000,1000,2000,1000,0,88.89999999999999,True,1000,True,3800,True,1,0,0,1.3999971999999998,0.2,6.35,12.7,0,0,,,0,,True,False,False,False,False,False,True,300,True,3800,True,50,25,1.3999971999999998,273,0,0,3.0479999999999996,350,True,3800,True,0,-0.38674063816122667,0,0,-0.2291818957541002,-1,-1,False,False,0,0,1,300,5,1,0.6,1000,False,3000,1000,0,0,0,30,1.016,False,50,0,0,0,5,30,1.3999971999999998,0,60.96,5,1000,1000,20,1.3999971999999998,1000,1000,False,10,3,50,5,1.3999971999999998,15.24,1000,1,1,1,1,1,AR500,4.078551850420236
0,Hardox TATA,AR500,4.0000,Hardox TATA,7800.035629,80,0,False,False,Hardox TATA,4000,1000,2000,1000,0,101.6,True,1000,True,3800,True,1,0,0,1.3999971999999998,0.2,6.35,12.7,0,0,,,0,,True,False,False,False,False,False,True,300,True,3800,True,50,25,1.3999971999999998,273,0,0,3.0479999999999996,350,True,3800,True,0,-0.38674063816122667,0,0,-0.2291818957541002,-1,-1,False,False,0,0,1,300,5,1,0.6,1000,False,3000,1000,0,0,0,30,1.016,False,50,0,0,0,5,30,1.3999971999999998,0,60.96,5,1000,1000,20,1.3999971999999998,1000,1000,False,10,3,50,5,1.3999971999999998,15.24,1000,1,1,1,1,1,AR500,4.078551850420236
0,Hardox TATA,AR500,6.0000,Hardox TATA,7800.035629,80,0,False,False,Hardox TATA,4000,1000,2000,1000,0,152.39999999999998,True,1000,True,3800,True,1,0,0,1.3999971999999998,0.2,6.35,12.7,0,0,,,0,,True,False,False,False,False,False,True,300,True,3800,True,50,25,1.3999971999999998,273,0,0,3.0479999999999996,350,True,3800,True,0,-0.38674063816122667,0,0,-0.2291818957541002,-1,-1,False,False,0,0,1,300,5,1,0.6,1000,False,3000,1000,0,0,0,30,1.016,False,50,0,0,0,5,30,1.3999971999999998,0,60.96,5,1000,1000,20,1.3999971999999998,1000,1000,False,10,3,50,5,1.3999971999999998,15.24,1000,1,1,1,1,1,AR500,4.078551850420236
0,HDPC,Standard,0.0630,HDPC,7800.035629,500,0,False,False,HDPC,4000,1000,2000,1000,0,1.6002,True,1000,True,3800,True,1,0,0,1.3999971999999998,0.2,6.35,12.7,0,0,,,0,,True,False,False,False,False,False,True,300,True,3800,True,2,1,1.3999971999999998,273,0,0,1000,350,True,3800,True,0,0,0,0,-1,-1,-1,False,False,0,0,1,300,5,1,0.0189,1000,False,3000,1000,0,0,0,30,1,False,50,0,0,0,5,30,1.3999971999999998,0,1.92024,5,1000,1000,5,1.3999971999999998,1000,1000,False,10,3,50,5,1.3999971999999998,0.48006,1000,1,1,1,1,1,Standard,0
0,HDPC,Standard,0.0740,HDPC,7800.035629,500,0,False,False,HDPC,4000,1000,2000,1000,0,1.8796,True,1000,True,3800,True,1,0,0,1.3999971999999998,0.2,6.35,12.7,0,0,,,0,,True,False,False,False,False,False,True,300,True,3800,True,2,1,1.3999971999999998,273,0,0,1000,350,True,3800,True,0,0,0,0,-1,-1,-1,False,False,0,0,1,300,5,1,0.0222,1000,False,3000,1000,0,0,0,30,1,False,50,0,0,0,5,30,1.3999971999999998,0,2.25552,5,1000,1000,5,1.3999971999999998,1000,1000,False,10,3,50,5,1.3999971999999998,0.56388,1000,1,1,1,1,1,Standard,0
0,HDPC,Standard,0.0980,HDPC,7800.035629,500,0,False,False,HDPC,4000,1000,2000,1000,0,2.4892,True,1000,True,3800,True,1,0,0,1.3999971999999998,0.2,6.35,12.7,0,0,,,0,,True,False,False,False,False,False,True,300,True,3800,True,1,1,1.3999971999999998,273,0,0,1000,350,True,3800,True,0,0,0,0,-1,-1,-1,False,False,0,0,1,300,5,1,0.0294,1000,False,3000,1000,0,0,0,30,1,False,50,0,0,0,5,30,1.3999971999999998,0,2.98704,5,1000,1000,5,1.3999971999999998,1000,1000,False,10,3,50,5,1.3999971999999998,0.74676,1000,1,1,1,1,1,Standard,0
0,HDPC,Standard,0.1000,HDPC,7800.035629,500,0,False,False,HDPC,4000,1000,2000,1000,0,2.54,True,1000,True,3800,True,1,0,0,1.3999971999999998,0.2,6.35,12.7,0,0,,,0,,True,False,False,False,False,False,True,300,True,3800,True,3,1,1.3999971999999998,273,0,0,1000,350,True,3800,True,0,0,0,0,-1,-1,-1,False,False,0,0,1,300,5,1,0.03,1000,False,3000,1000,0,0,0,30,1,False,50,0,0,0,5,30,1.3999971999999998,0,3.048,5,1000,1000,5,1.3999971999999998,1000,1000,False,10,3,50,5,1.3999971999999998,0.762,1000,1,1,1,1,1,Standard,0
0,HDPC,Standard,0.1250,HDPC,7800.035629,500,0,False,False,HDPC,4000,1000,2000,1000,0,3.175,True,1000,True,3800,True,1,0,0,1.3999971999999998,0.2,2.54,12.7,0,0,,,0,,True,False,False,False,False,False,True,300,True,3800,True,6,3,1.3999971999999998,273,0,0,1000,350,True,3800,True,0,0,0,0,-1,-1,-1,False,False,0,0,1,300,5,1,0.042,1000,False,3000,1000,0,0,0,30,1,False,50,0,0,0,5,30,1.3999971999999998,0,4.2672,5,1000,1000,5,1.3999971999999998,1000,1000,False,10,3,50,5,1.3999971999999998,1.0668,1000,1,1,1,1,1,Standard,0
0,HDPC,Standard,0.1400,HDPC,7800.035629,500,0,False,False,HDPC,4000,1000,2000,1000,0,3.556,True,1000,True,3800,True,1,0,0,1.3999971999999998,0.2,2.54,12.7,0,0,,,0,,True,False,False,False,False,False,True,300,True,3800,True,6,3,1.3999971999999998,273,0,0,1000,350,True,3800,True,0,0,0,0,-1,-1,-1,False,False,0,0,1,300,5,1,0.042,1000,False,3000,1000,0,0,0,30,1,False,50,0,0,0,5,30,1.3999971999999998,0,4.2672,5,1000,1000,5,1.3999971999999998,1000,1000,False,10,3,50,5,1.3999971999999998,1.0668,1000,1,1,1,1,1,Standard,0
0,HDPC,Standard,0.1870,HDPC,7800.035629,500,0,False,False,HDPC,4000,1000,2000,1000,0,4.7498,True,1000,True,3800,True,1,0,0,1.3999971999999998,0.38099999999999995,3.8099999999999996,12.7,0,0,,,0,,True,False,False,False,False,False,True,300,True,3800,True,4,2,1.3999971999999998,273,0,0,1000,350,True,3800,True,0,0,0,0,-1,-1,-1,False,False,0,0,1,300,5,1,0.0561,1000,False,3000,1000,0,0,0,30,1,False,50,0,0,0,5,30,1.3999971999999998,0,5.69976,5,1000,1000,5,1.3999971999999998,1000,1000,False,10,3,50,5,1.3999971999999998,1.42494,1000,1,1,1,1,1,Standard,0
0,HDPC,Standard,0.2500,HDPC,7800.035629,500,0,False,False,HDPC,4000,1000,2000,1000,0,6.35,True,1000,True,3800,True,1,0,0,1.3999971999999998,0,3.8099999999999996,12.7,0,0,,,0,,True,False,False,False,False,False,True,300,True,3800,True,4,2,1.3999971999999998,273,0,0,1000,350,True,3800,True,0,0,0,0,-1,-1,-1,False,False,0,0,1,300,5,1,0.075,1000,False,3000,1000,0,0,0,30,1,False,50,0,0,0,5,30,1.3999971999999998,0,7.62,5,1000,1000,5,1.3999971999999998,1000,1000,False,10,3,50,5,1.3999971999999998,1.905,1000,1,1,1,1,1,Standard,0
0,HDPC,Standard,0.3120,HDPC,7800.035629,500,0,False,False,HDPC,4000,1000,2000,1000,0,7.9248,True,1000,True,3800,True,1,0,0,1.3999971999999998,0.2,6.35,12.7,0,0,,,0,,True,False,False,False,False,False,True,300,True,3800,True,8,4,1.3999971999999998,273,0,0,1000,350,True,3800,True,0,0,0,0,-1,-1,-1,False,False,0,0,1,300,5,1,0.0936,1000,False,3000,1000,0,0,0,30,1,False,50,0,0,0,5,30,1.3999971999999998,0,9.50976,5,1000,1000,5,1.3999971999999998,1000,1000,False,10,3,50,5,1.3999971999999998,2.37744,1000,1,1,1,1,1,Standard,0
0,HDPC,Standard,0.3150,HDPC,7800.035629,500,0,False,False,HDPC,4000,1000,2000,1000,0,8.001,True,1000,True,3800,True,1,0,0,1.3999971999999998,0.2,6.35,12.7,0,0,,,0,,True,False,False,False,False,False,True,300,True,3800,True,8,4,1.3999971999999998,273,0,0,1000,350,True,3800,True,0,0,0,0,-1,-1,-1,False,False,0,0,1,300,5,1,0.0945,1000,False,3000,1000,0,0,0,30,1,False,50,0,0,0,5,30,1.3999971999999998,0,9.6012,5,1000,1000,5,1.3999971999999998,1000,1000,False,10,3,50,5,1.3999971999999998,2.4003,1000,1,1,1,1,1,Standard,0
0,HDPC,Standard,0.3750,HDPC,7800.035629,500,0,False,False,HDPC,4000,1000,2000,1000,0,9.525,True,1000,True,3800,True,1,0,0,1.3999971999999998,0.2,6.35,12.7,0,0,,,0,,True,False,False,False,False,False,True,300,True,3800,True,2,1,1.3999971999999998,273,0,0,914.4,350,True,3800,True,0,0,0,0,-1,-1,-1,False,False,0,0,1,300,5,1,0.1125,1000,False,3000,1000,0,0,0,30,1.016,False,50,0,0,0,5,30,1.3999971999999998,0,11.43,5,1000,1000,5,1.3999971999999998,1000,1000,False,10,3,50,5,1.3999971999999998,2.8575,1000,1,1,1,1,1,Standard,0
0,HDPC,Standard,0.5000,HDPC,7800.035629,500,0,False,False,HDPC,4000,1000,2000,1000,0,12.7,True,1000,True,3800,True,1,0,0,1.3999971999999998,0.38099999999999995,6.35,12.7,0,0,,,0,,True,False,False,False,False,False,True,300,True,3800,True,15,7,1.3999971999999998,273,0,0,660.4,350,True,3800,True,0,0,0,0,-1,-1,-1,False,False,0,0,1,300,5,1,0.15,1000,False,3000,1000,0,0,0,30,1.016,False,50,0,0,0,5,30,1.3999971999999998,0,15.24,5,1000,1000,5,1.3999971999999998,1000,1000,False,10,3,50,5,1.3999971999999998,3.81,1000,1,1,1,1,1,Standard,0
0,HDPC,Standard,0.6250,HDPC,7800.035629,500,0,False,False,HDPC,4000,1000,2000,1000,0,15.875,True,1000,True,3800,True,1,0,0,1.3999971999999998,0.2,6.35,12.7,0,0,,,0,,True,False,False,False,False,False,True,300,True,3800,True,15,7,1.3999971999999998,273,0,0,1000,350,True,3800,True,0,0,0,0,-1,-1,-1,False,False,0,0,1,300,5,1,0.1875,1000,False,3000,1000,0,0,0,30,1,False,50,0,0,0,5,30,1.3999971999999998,0,19.05,5,1000,1000,5,1.3999971999999998,1000,1000,False,10,3,50,5,1.3999971999999998,4.7625,1000,1,1,1,1,1,Standard,0
0,HDPC,Standard,0.6300,HDPC,7800.035629,500,0,False,False,HDPC,4000,1000,2000,1000,0,16.002,True,1000,True,3800,True,1,0,0,1.3999971999999998,0.2,6.35,12.7,0,0,,,0,,True,False,False,False,False,False,True,300,True,3800,True,20,10,1.3999971999999998,273,0,0,1000,350,True,3800,True,0,0,0,0,-1,-1,-1,False,False,0,0,1,300,5,1,0.189,1000,False,3000,1000,0,0,0,30,1,False,50,0,0,0,5,30,1.3999971999999998,0,19.2024,5,1000,1000,5,1.3999971999999998,1000,1000,False,10,3,50,5,1.3999971999999998,4.8006,1000,1,1,1,1,1,Standard,0
0,HDPC,Standard,0.6896,HDPC,7800.035629,500,0,False,False,HDPC,4000,1000,2000,1000,0,17.51584,True,1000,True,3800,True,1,0,0,1.3999971999999998,0.2,6.35,12.7,0,0,,,0,,True,False,False,False,False,False,True,300,True,3800,True,25,12,1.3999971999999998,273,0,0,1000,350,True,3800,True,0,0,0,0,-1,-1,-1,False,False,0,0,1,300,5,1,0.20688,1000,False,3000,1000,0,0,0,30,1,False,50,0,0,0,5,30,1.3999971999999998,0,21.019008,5,1000,1000,5,1.3999971999999998,1000,1000,False,10,3,50,5,1.3999971999999998,5.254752,1000,1,1,1,1,1,Standard,0
0,HDPC,Standard,0.7500,HDPC,7800.035629,500,0,False,False,HDPC,4000,1000,2000,1000,0,19.05,True,1000,True,3800,True,1,0,0,1.3999971999999998,0.508,6.35,12.7,0,0,,,0,,True,False,False,False,False,False,True,300,True,1378.951456,False,5,5,1.3999971999999998,273,0,0,406.4,350,True,3800,True,0,0,0,0,-1,-1,-1,False,False,0,0,1,300,5,1,0.225,1000,False,3000,1000,0,0,0,30,1.016,False,50,0,0,0,5,30,1.3999971999999998,0,22.86,5,1000,1000,5,1.3999971999999998,1000,1000,False,10,3,50,5,1.3999971999999998,5.715,1000,1,1,1,1,1,Standard,0
0,HDPC,Standard,0.8750,HDPC,7800.035629,500,0,False,False,HDPC,4000,1000,2000,1000,0,22.225,True,1000,True,3800,True,1,0,0,1.3999971999999998,0.2,6.35,12.7,0,0,,,0,,True,False,False,False,False,False,True,300,True,3800,True,10,5,1.3999971999999998,273,0,0,1000,350,True,3800,True,0,0,0,0,-1,-1,-1,False,False,0,0,1,300,5,1,0.2625,1000,False,3000,1000,0,0,0,30,1,False,50,0,0,0,5,30,1.3999971999999998,0,26.67,5,1000,1000,5,1.3999971999999998,1000,1000,False,10,3,50,5,1.3999971999999998,6.6675,1000,1,1,1,1,1,Standard,0
0,HDPC,Standard,1.0000,HDPC,7800.035629,500,0,False,False,HDPC,4000,1000,2000,1000,0,25.4,True,1000,True,3800,True,1,0,0,1.3999971999999998,0.2,6.35,12.7,0,0,,,0,,True,False,False,False,False,False,True,300,True,3800,True,30,15,1.3999971999999998,273,0,0,279.4,350,True,3800,True,0,0,0,0,-1,-1,-1,False,False,0,0,1,300,5,1,0.3,1000,False,3000,1000,0,0,0,30,1.016,False,50,0,0,0,5,30,1.3999971999999998,0,30.48,5,1000,1000,5,1.3999971999999998,1000,1000,False,10,3,50,5,1.3999971999999998,7.62,1000,1,1,1,1,1,Standard,0
0,HDPC,Standard,1.2500,HDPC,7800.035629,500,0,False,False,HDPC,4000,1000,2000,1000,0,31.75,True,1000,True,3800,True,1,0,0,1.3999971999999998,0.2,6.35,12.7,0,0,,,0,,True,False,False,False,False,False,True,300,True,3800,True,35,17,1.3999971999999998,273,0,0,228.6,350,True,3800,True,0,0,0,0,-1,-1,-1,False,False,0,0,1,300,5,1,0.375,1000,False,3000,1000,0,0,0,30,1.016,False,50,0,0,0,5,30,1.3999971999999998,0,38.1,5,1000,1000,5,1.3999971999999998,1000,1000,False,10,3,50,5,1.3999971999999998,9.525,1000,1,1,1,1,1,Standard,0
0,HDPC,Standard,1.5000,HDPC,7800.035629,500,0,False,False,HDPC,4000,1000,2000,1000,0,38.1,True,1000,True,3800,True,1,0,0,1.3999971999999998,0.2,6.35,12.7,0,0,,,0,,True,False,False,False,False,False,True,300,True,3800,True,40,20,1.3999971999999998,273,0,0,177.79999999999998,350,True,3800,True,0,0,0,0,-1,-1,-1,False,False,0,0,1,300,5,1,0.45,1000,False,3000,1000,0,0,0,30,1.016,False,50,0,0,0,5,30,1.3999971999999998,0,45.72,5,1000,1000,20,1.3999971999999998,1000,800,False,10,3,50,5,1.3999971999999998,11.43,1000,1,1,1,1,1,Standard,0
0,HDPC,Standard,1.7500,HDPC,7800.035629,500,0,False,False,HDPC,4000,1000,2000,1000,0,44.45,True,1000,True,3800,True,1,0,0,1.3999971999999998,0.2,6.35,12.7,0,0,,,0,,True,False,False,False,False,False,True,300,True,3800,True,45,22,1.3999971999999998,273,0,0,1000,350,True,3800,True,0,0,0,0,-1,-1,-1,False,False,0,0,1,300,5,1,0.525,1000,False,3000,1000,0,0,0,30,1,False,50,0,0,0,5,30,1.3999971999999998,0,53.34,5,1000,1000,5,1.3999971999999998,1000,1000,False,10,3,50,5,1.3999971999999998,13.335,1000,1,1,1,1,1,Standard,0
0,HDPC,Standard,2.0000,HDPC,7800.035629,500,0,False,False,HDPC,4000,1000,2000,1000,0,50.8,True,1000,True,3800,True,1,0,0,1.3999971999999998,0.2,6.35,12.7,0,0,,,0,,True,False,False,False,False,False,True,300,True,3800,True,50,25,1.3999971999999998,273,0,0,127,350,True,3800,True,0,0,0,0,-1,-1,-1,False,False,0,0,1,300,5,1,0.6,1000,False,3000,1000,0,0,0,30,1.016,False,50,0,0,0,5,30,1.3999971999999998,0,60.96,5,1000,1000,20,1.3999971999999998,1000,1000,False,10,3,50,5,1.3999971999999998,15.24,1000,1,1,1,1,1,Standard,0
0,HDPC,Standard,2.5000,HDPC,7800.035629,500,0,False,False,HDPC,4000,1000,2000,1000,0,63.5,True,1000,True,3800,True,1,0,0,1.3999971999999998,0.2,6.35,12.7,0,0,,,0,,True,False,False,False,False,False,True,300,True,3800,True,55,27,1.3999971999999998,273,0,0,101.6,350,True,3800,True,0,0,0,0,-1,-1,-1,False,False,0,0,1,300,5,1,0.75,1000,False,3000,1000,0,0,0,30,1.016,False,50,0,0,0,5,30,1.3999971999999998,0,76.2,5,1000,1000,5,1.3999971999999998,1000,1000,False,10,3,50,5,1.3999971999999998,19.05,1000,1,1,1,1,1,Standard,0
0,HDPC,Standard,2.7500,HDPC,7800.035629,500,0,False,False,HDPC,4000,1000,2000,1000,0,69.85,True,1000,True,3800,True,1,0,0,1.3999971999999998,0.2,6.35,12.7,0,0,,,0,,True,False,False,False,False,False,True,300,True,3800,True,2,1,1.3999971999999998,273,0,0,1000,350,True,3800,True,0,0,0,0,-1,-1,-1,False,False,0,0,1,300,5,1,0.825,1000,False,3000,1000,0,0,0,30,1,False,50,0,0,0,5,30,1.3999971999999998,0,83.82,5,1000,1000,5,1.3999971999999998,1000,1000,False,10,3,50,5,1.3999971999999998,20.955,1000,1,1,1,1,1,Standard,0
0,HDPC,Standard,3.0000,HDPC,7800.035629,500,0,False,False,HDPC,4000,1000,2000,1000,0,76.2,True,1000,True,3800,True,1,0,0,1.3999971999999998,0.2,6.35,12.7,0,0,,,0,,True,False,False,False,False,False,True,300,True,3800,True,60,30,1.3999971999999998,273,0,0,76.19999999999999,350,True,3800,True,0,0,0,0,-1,-1,-1,False,False,0,0,1,300,5,1,0.9,1000,False,3000,1000,0,0,0,30,1.016,False,50,0,0,0,5,30,1.3999971999999998,0,91.44,5,1000,1000,5,1.3999971999999998,1000,1000,False,10,3,50,5,1.3999971999999998,22.86,1000,1,1,1,1,1,Standard,0
0,HDPC,Standard,3.5000,HDPC,7800.035629,500,0,False,False,HDPC,4000,1000,2000,1000,0,88.9,True,1000,True,3800,True,1,0,0,1.3999971999999998,0.2,6.35,12.7,0,0,,,0,,True,False,False,False,False,False,True,300,True,3800,True,60,30,1.3999971999999998,273,0,0,1000,350,True,3800,True,0,0,0,0,-1,-1,-1,False,False,0,0,1,300,5,1,1.05,1000,False,3000,1000,0,0,0,30,1,False,50,0,0,0,5,30,1.3999971999999998,0,106.68,5,1000,1000,5,1.3999971999999998,1000,1000,False,10,3,50,5,1.3999971999999998,26.67,1000,1,1,1,1,1,Standard,0
0,HDPC,Standard,4.0000,HDPC,7800.035629,500,0,False,False,HDPC,4000,1000,2000,1000,0,101.6,True,1000,True,3800,True,1,0,0,1.3999971999999998,0.2,6.35,12.7,0,0,,,0,,True,False,False,False,False,False,True,300,True,3800,True,60,30,1.3999971999999998,273,0,0,1000,350,True,3800,True,0,0,0,0,-1,-1,-1,False,False,0,0,1,300,5,1,1.2,1000,False,3000,1000,0,0,0,30,1,False,50,0,0,0,5,30,1.3999971999999998,0,121.92,5,1000,1000,5,1.3999971999999998,1000,1000,False,10,3,50,5,1.3999971999999998,30.48,1000,1,1,1,1,1,Standard,0
0,HDPE,Standard,0.0630,HDPE,969.9980455102145,500,0,False,False,HDPE,4000,1000,2000,1000,0,1.6002,True,1000,True,3800,True,1,0,0,1.3999971999999998,0.2,6.35,12.7,0,0,,,0,,True,False,False,False,False,False,True,300,True,3800,True,2,1,1.3999971999999998,273,0,0,1000,350,True,3800,True,0,0,0,0,-1,-1,-1,False,False,0,0,1,300,5,1,0.0189,1000,False,3000,1000,0,0,0,30,1,False,50,0,0,0,5,30,1.3999971999999998,0,1.92024,5,1000,1000,5,1.3999971999999998,1000,1000,False,10,3,50,5,1.3999971999999998,0.48006,1000,1,1,1,1,1,Standard,1
0,HDPE,Standard,0.1250,HDPE,969.9980455102145,500,0,False,False,HDPE,4000,1000,2000,1000,0,3.175,True,1000,True,3800,True,1,0,0,1.3999971999999998,0.889,6.35,12.7,0,0,,,0,,True,False,False,False,False,False,True,300,True,3800,True,6,3,1.3999971999999998,273,0,0,1000,350,True,3800,True,0,0,0,0,-1,-1,-1,False,False,0,0,1,300,5,1,0.042,1000,False,3000,1000,0,0,0,30,1,False,50,0,0,0,5,30,1.3999971999999998,0,4.2672,5,1000,1000,5,1.3999971999999998,1000,1000,False,10,3,50,5,1.3999971999999998,1.0668,1000,1,1,1,1,1,Standard,1
0,HDPE,Standard,0.1870,HDPE,969.9980455102145,500,0,False,False,HDPE,4000,1000,2000,1000,0,4.7498,True,1000,True,3800,True,1,0,0,1.3999971999999998,0.889,3.8099999999999996,12.7,0,0,,,0,,True,False,False,False,False,False,True,300,True,3800,True,4,2,1.3999971999999998,273,0,0,889,350,True,3800,True,0,0,0,0,-1,-1,-1,False,False,0,0,1,300,5,1,0.0561,1000,False,3000,1000,0,0,0,30,1.016,False,50,0,0,0,5,30,1.3999971999999998,0,5.69976,5,1000,1000,5,1.3999971999999998,1000,1000,False,10,3,50,5,1.3999971999999998,1.42494,1000,1,1,1,1,1,Standard,1
0,HDPE,Standard,0.2500,HDPE,969.9980455102145,500,0,False,False,HDPE,4000,1000,2000,1000,0,6.35,True,1000,True,3800,True,1,0,0,1.3999971999999998,0.889,6.35,12.7,0,0,,,0,,True,False,False,False,False,False,True,300,True,3800,True,4,2,1.3999971999999998,273,0,0,635,350,True,3800,True,0,0,0,0,-1,-1,-1,False,False,0,0,1,300,5,1,0.075,1000,False,3000,1000,0,0,0,30,1.016,False,50,0,0,0,5,30,1.3999971999999998,0,7.62,5,1000,1000,5,1.3999971999999998,1000,1000,False,10,3,50,5,1.3999971999999998,1.905,1000,1,1,1,1,1,Standard,1
0,HDPE,Standard,0.3750,HDPE,969.9980455102145,500,0,False,False,HDPE,4000,1000,2000,1000,0,9.525,True,1000,True,3800,True,1,0,0,1.3999971999999998,0.889,6.35,12.7,0,0,,,0,,True,False,False,False,False,False,True,300,True,3800,True,2,1,1.3999971999999998,273,0,0,403.86,350,True,3800,True,0,0,0,0,-1,-1,-1,False,False,0,0,1,300,5,1,0.1125,1000,False,3000,1000,0,0,0,30,1.016,False,50,0,0,0,5,30,1.3999971999999998,0,11.43,5,1000,1000,5,1.3999971999999998,1000,1000,False,10,3,50,5,1.3999971999999998,2.8575,1000,1,1,1,1,1,Standard,1
0,HDPE,Standard,0.5000,HDPE,969.9980455102145,500,0,False,False,HDPE,4000,1000,2000,1000,0,12.7,True,1000,True,3800,True,1,0,0,1.3999971999999998,0.2,6.35,12.7,0,0,,,0,,True,False,False,False,False,False,True,300,True,3800,True,15,7,1.3999971999999998,273,0,0,279.4,350,True,3800,True,0,0,0,0,-1,-1,-1,False,False,0,0,1,300,5,1,0.15,1000,False,3000,1000,0,0,0,30,1.016,False,50,0,0,0,5,30,1.3999971999999998,0,15.24,5,1000,1000,5,1.3999971999999998,1000,1000,False,10,3,50,5,1.3999971999999998,3.81,1000,1,1,1,1,1,Standard,1
0,HDPE,Standard,0.6250,HDPE,969.9980455102145,500,0,False,False,HDPE,4000,1000,2000,1000,0,15.875,True,1000,True,3800,True,1,0,0,1.3999971999999998,0.2,6.35,12.7,0,0,,,0,,True,False,False,False,False,False,True,300,True,3800,True,15,7,1.3999971999999998,273,0,0,203.2,350,True,3800,True,0,0,0,0,-1,-1,-1,False,False,0,0,1,300,5,1,0.1875,1000,False,3000,1000,0,0,0,30,1.016,False,50,0,0,0,5,30,1.3999971999999998,0,19.05,5,1000,1000,5,1.3999971999999998,1000,1000,False,10,3,50,5,1.3999971999999998,4.7625,1000,1,1,1,1,1,Standard,1
0,HDPE,Standard,0.7500,HDPE,969.9980455102145,500,0,False,False,HDPE,4000,1000,2000,1000,0,19.049999999999997,True,1000,True,3800,True,1,0,0,1.3999971999999998,0.2,6.35,12.7,0,0,,,0,,True,False,False,False,False,False,True,300,True,3800,True,30,15,1.3999971999999998,273,0,0,127,350,True,3800,True,0,0,0,0,-1,-1,-1,False,False,0,0,1,300,5,1,0.3,1000,False,3000,1000,0,0,0,30,1.016,False,50,0,0,0,5,30,1.3999971999999998,0,30.48,5,1000,1000,5,1.3999971999999998,1000,1000,False,10,3,50,5,1.3999971999999998,7.62,1000,1,1,1,1,1,Standard,1
0,HDPE,Standard,0.8750,HDPE,969.9980455102145,500,0,False,False,HDPE,4000,1000,2000,1000,0,22.225,True,1000,True,3800,True,1,0,0,1.3999971999999998,0.2,6.35,12.7,0,0,,,0,,True,False,False,False,False,False,True,300,True,3800,True,10,5,1.3999971999999998,273,0,0,152.39999999999998,350,True,3800,True,0,0,0,0,-1,-1,-1,False,False,0,0,1,300,5,1,0.2625,1000,False,3000,1000,0,0,0,30,1.016,False,50,0,0,0,5,30,1.3999971999999998,0,26.67,5,1000,1000,5,1.3999971999999998,1000,1000,False,10,3,50,5,1.3999971999999998,6.6675,1000,1,1,1,1,1,Standard,1
0,HDPE,Standard,1.0000,HDPE,969.9980455102145,500,0,False,False,HDPE,4000,1000,2000,1000,0,25.4,True,1000,True,3800,True,1,0,0,1.3999971999999998,0.889,6.35,12.7,0,0,,,0,,True,False,False,False,False,False,True,300,True,3800,True,30,15,1.3999971999999998,273,0,0,127,350,True,3800,True,0,0,0,0,-1,-1,-1,False,False,0,0,1,300,5,1,0.3,1000,False,3000,1000,0,0,0,30,1.016,False,50,0,0,0,5,30,1.3999971999999998,0,30.48,5,1000,1000,5,1.3999971999999998,1000,1000,False,10,3,50,5,1.3999971999999998,7.62,1000,1,1,1,1,1,Standard,1
0,HDPE,Standard,1.2500,HDPE,969.9980455102145,500,0,False,False,HDPE,4000,1000,2000,1000,0,31.75,True,1000,True,3800,True,1,0,0,1.3999971999999998,0.38099999999999995,6.35,12.7,0,0,,,0,,True,False,False,False,False,False,True,300,True,3800,True,35,17,1.3999971999999998,273,0,0,101.6,350,True,3800,True,0,0,0,0,-1,-1,-1,False,False,0,0,1,300,5,1,0.375,1000,False,3000,1000,0,0,0,30,1.016,False,50,0,0,0,5,30,1.3999971999999998,0,38.1,5,1000,1000,5,1.3999971999999998,1000,1000,False,10,3,50,5,1.3999971999999998,9.525,1000,1,1,1,1,1,Standard,1
0,HDPE,Standard,1.5000,HDPE,969.9980455102145,500,0,False,False,HDPE,4000,1000,2000,1000,0,38.1,True,1000,True,3800,True,1,0,0,1.3999971999999998,0.2,6.35,12.7,0,0,,,0,,True,False,False,False,False,False,True,300,True,3800,True,40,20,1.3999971999999998,273,0,0,76.19999999999999,350,True,3800,True,0,0,0,0,-1,-1,-1,False,False,0,0,1,300,5,1,0.45,1000,False,3000,1000,0,0,0,30,1.016,False,50,0,0,0,5,30,1.3999971999999998,0,45.72,5,1000,1000,20,1.3999971999999998,1000,800,False,10,3,50,5,1.3999971999999998,11.43,1000,1,1,1,1,1,Standard,1
0,HDPE,Standard,1.7500,HDPE,969.9980455102145,500,0,False,False,HDPE,4000,1000,2000,1000,0,44.45,True,1000,True,3800,True,1,0,0,1.3999971999999998,0.2,6.35,12.7,0,0,,,0,,True,False,False,False,False,False,True,300,True,3800,True,45,22,1.3999971999999998,273,0,0,68.58,350,True,3800,True,0,0,0,0,-1,-1,-1,False,False,0,0,1,300,5,1,0.525,1000,False,3000,1000,0,0,0,30,1.016,False,50,0,0,0,5,30,1.3999971999999998,0,53.34,5,1000,1000,5,1.3999971999999998,1000,1000,False,10,3,50,5,1.3999971999999998,13.335,1000,1,1,1,1,1,Standard,1
0,HDPE,Standard,2.0000,HDPE,969.9980455102145,500,0,False,False,HDPE,4000,1000,2000,1000,0,50.8,True,1000,True,3800,True,1,0,0,1.3999971999999998,0.2,6.35,12.7,0,0,,,0,,True,False,False,False,False,False,True,300,True,3800,True,50,25,1.3999971999999998,273,0,0,58.419999999999995,350,True,3800,True,0,0,0,0,-1,-1,-1,False,False,0,0,1,300,5,1,0.6,1000,False,3000,1000,0,0,0,30,1.016,False,50,0,0,0,5,30,1.3999971999999998,0,60.96,5,1000,1000,20,1.3999971999999998,1000,1000,False,10,3,50,5,1.3999971999999998,15.24,1000,1,1,1,1,1,Standard,1
0,HDPE,Standard,2.5000,HDPE,969.9980455102145,500,0,False,False,HDPE,4000,1000,2000,1000,0,63.5,True,1000,True,3800,True,1,0,0,1.3999971999999998,0.2,6.35,12.7,0,0,,,0,,True,False,False,False,False,False,True,300,True,3800,True,55,27,1.3999971999999998,273,0,0,45.72,350,True,3800,True,0,0,0,0,-1,-1,-1,False,False,0,0,1,300,5,1,0.75,1000,False,3000,1000,0,0,0,30,1.016,False,50,0,0,0,5,30,1.3999971999999998,0,76.2,5,1000,1000,5,1.3999971999999998,1000,1000,False,10,3,50,5,1.3999971999999998,19.05,1000,1,1,1,1,1,Standard,1
0,Inconel,Standard,0.0630,Inconel,900.004469,80,0,False,False,Inconel,5000,1000,2000,1000,0,1.6002,True,1000,True,3800,True,1,0,0,1.3999971999999998,0.2,6.35,12.7,0,0,,,0,,True,False,False,False,False,False,True,300,True,3800,True,1.5,1,1.3999971999999998,273,0,0,143.51,350,True,3800,True,0,-5.44033203100551,0,0,-4.085616779974878,-1,-1,False,False,0,0,1,300,5,1,0.0189,1000,False,3000,1000,0,0,0,30,1.016,False,50,0,0,0,5,30,1.3999971999999998,0,1.92024,5,1000,1000,5,1.3999971999999998,1000,1000,False,10,3,50,5,1.3999971999999998,0.48006,1000,1,1,1,1,1,Standard,1
0,Inconel,Standard,0.1250,Inconel,900.004469,80,0,False,False,Inconel,5000,1000,2000,1000,0,3.175,True,1000,True,3800,True,1,0,0,1.3999971999999998,0.2,6.35,12.7,0,0,,,0,,True,False,False,False,False,False,True,300,True,3800,True,1.5,1,1.3999971999999998,273,0,0,65.27799999999999,350,True,3800,True,0,-5.710593137499642,0,0,-3.6619355755198,-1,-1,False,False,0,0,1,300,5,1,0.0375,1000,False,3000,1000,0,0,0,30,1.016,False,50,0,0,0,5,30,1.3999971999999998,0,3.81,5,1000,1000,5,1.3999971999999998,1000,1000,False,10,3,50,5,1.3999971999999998,0.9525,1000,1,1,1,1,1,Standard,1
0,Inconel,Standard,0.1870,Inconel,900.004469,80,0,False,False,Inconel,5000,1000,2000,1000,0,4.7498,True,1000,True,3800,True,1,0,0,1.3999971999999998,0.2,6.35,12.7,0,0,,,0,,True,False,False,False,False,False,True,300,True,3800,True,1.5,1,1.3999971999999998,273,0,0,40.894,350,True,3800,True,0,-4.129162870403211,0,0,-2.449662620127041,-1,-1,False,False,0,0,1,300,5,1,0.0561,1000,False,3000,1000,0,0,0,30,1.016,False,50,0,0,0,5,30,1.3999971999999998,0,5.69976,5,1000,1000,5,1.3999971999999998,1000,1000,False,10,3,50,5,1.3999971999999998,1.42494,1000,1,1,1,1,1,Standard,1
0,Inconel,Standard,0.2500,Inconel,900.004469,80,0,False,False,Inconel,5000,1000,2000,1000,0,6.35,True,1000,True,3800,True,1,0,0,1.3999971999999998,0.2,6.35,12.7,0,0,,,0,,True,False,False,False,False,False,True,300,True,3800,True,1.5,1,1.3999971999999998,273,0,0,29.463999999999995,350,True,3800,True,0,-3.0909700035405043,0,0,-1.8328395059420577,-1,-1,False,False,0,0,1,300,5,1,0.075,1000,False,3000,1000,0,0,0,30,1.016,False,50,0,0,0,5,30,1.3999971999999998,0,7.62,5,1000,1000,5,1.3999971999999998,1000,1000,False,10,3,50,5,1.3999971999999998,1.905,1000,1,1,1,1,1,Standard,1
0,Inconel,Standard,0.3750,Inconel,900.004469,80,0,False,False,Inconel,5000,1000,2000,1000,0,9.525,True,1000,True,3800,True,1,0,0,1.3999971999999998,0.2,6.35,12.7,0,0,,,0,,True,False,False,False,False,False,True,300,True,3800,True,1.5,1,1.3999971999999998,273,0,0,18.541999999999998,350,True,3800,True,0,-2.0617576907585415,0,0,-1.2221245846153128,-1,-1,False,False,0,0,1,300,5,1,0.1125,1000,False,3000,1000,0,0,0,30,1.016,False,50,0,0,0,5,30,1.3999971999999998,0,11.43,5,1000,1000,5,1.3999971999999998,1000,1000,False,10,3,50,5,1.3999971999999998,2.8575,1000,1,1,1,1,1,Standard,1
0,Inconel,Standard,0.5000,Inconel,900.004469,80,0,False,False,Inconel,5000,1000,2000,1000,0,12.7,True,1000,True,3800,True,1,0,0,1.3999971999999998,0.2,6.35,12.7,0,0,,,0,,True,False,False,False,False,False,True,300,True,3800,True,1.5,1,1.3999971999999998,273,0,0,13.208,350,True,3800,True,0,-1.54661029358463,0,0,-0.916654256385287,-1,-1,False,False,0,0,1,300,5,1,0.15,1000,False,3000,1000,0,0,0,30,1.016,False,50,0,0,0,5,30,1.3999971999999998,0,15.24,5,1000,1000,5,1.3999971999999998,1000,1000,False,10,3,50,5,1.3999971999999998,3.81,1000,1,1,1,1,1,Standard,1
0,Inconel,Standard,0.6250,Inconel,900.004469,80,0,False,False,Inconel,5000,1000,2000,1000,0,15.875,True,1000,True,3800,True,1,0,0,1.3999971999999998,0.2,6.35,12.7,0,0,,,0,,True,False,False,False,False,False,True,300,True,3800,True,1.5,1,1.3999971999999998,273,0,0,10.16,350,True,3800,True,0,-1.2373964215278548,0,0,-0.7333459290514626,-1,-1,False,False,0,0,1,300,5,1,0.1875,1000,False,3000,1000,0,0,0,30,1.016,False,50,0,0,0,5,30,1.3999971999999998,0,19.05,5,1000,1000,5,1.3999971999999998,1000,1000,False,10,3,50,5,1.3999971999999998,4.7625,1000,1,1,1,1,1,Standard,1
0,Inconel,Standard,0.7500,Inconel,900.004469,80,0,False,False,Inconel,5000,1000,2000,1000,0,19.05,True,1000,True,3800,True,1,0,0,1.3999971999999998,0.2,6.35,12.7,0,0,,,0,,True,False,False,False,False,False,True,300,True,3800,True,1.5,1,1.3999971999999998,273,0,0,8.128,350,True,3800,True,0,-1.0312126698879533,0,0,-0.6111318044365194,-1,-1,False,False,0,0,1,300,5,1,0.225,1000,False,3000,1000,0,0,0,30,1.016,False,50,0,0,0,5,30,1.3999971999999998,0,22.86,5,1000,1000,5,1.3999971999999998,1000,1000,False,10,3,50,5,1.3999971999999998,5.715,1000,1,1,1,1,1,Standard,1
0,Inconel,Standard,1.0000,Inconel,900.004469,80,0,False,False,Inconel,5000,1000,2000,1000,0,25.4,True,1000,True,3800,True,1,0,0,1.3999971999999998,0.2,6.35,12.7,0,0,,,0,,True,False,False,False,False,False,True,300,True,3800,True,1.5,1,1.3999971999999998,273,0,0,5.842,350,True,3800,True,0,-0.7734460388630937,0,0,-0.4583564580004311,-1,-1,False,False,0,0,1,300,5,1,0.3,1000,False,3000,1000,0,0,0,30,1.016,False,50,0,0,0,5,30,1.3999971999999998,0,30.48,5,1000,1000,5,1.3999971999999998,1000,1000,False,10,3,50,5,1.3999971999999998,7.62,1000,1,1,1,1,1,Standard,1
0,Inconel,Standard,5.0000,Inconel,900.004469,80,0,False,False,Inconel,5000,1000,2000,1000,0,127,True,1000,True,3800,True,1,0,0,1.3999971999999998,0.2,6.35,12.7,0,0,,,0,,True,False,False,False,False,False,True,300,True,3800,True,1.5,1,1.3999971999999998,273,0,0,5.842,350,True,3800,True,0,-0.7734460388630937,0,0,-0.4583564580004311,-1,-1,False,False,0,0,1,300,5,1,0.3,1000,False,3000,1000,0,0,0,30,1.016,False,50,0,0,0,5,30,1.3999971999999998,0,30.48,5,1000,1000,5,1.3999971999999998,1000,1000,False,10,3,50,5,1.3999971999999998,7.62,1000,1,1,1,1,1,Standard,1
0,Kydex,Standard,0.0630,Kydex,927.46902543211,500,0,False,False,Kydex,4000,1000,2000,1000,0,1.6002,True,1000,True,3800,True,1,0,0,1.3999971999999998,0.2,6.35,12.7,0,0,,,0,,True,True,False,False,False,False,True,300,True,3800,True,2,1,1.3999971999999998,273,0,0,1000,350,True,3800,True,0,0,0,0,-1,-1,-1,False,False,0,0,1,300,5,1,0.0189,1000,False,3000,1000,0,0,0,30,1,False,50,0,0,0,5,30,1.3999971999999998,0,1.92024,5,1000,1000,5,1.3999971999999998,1000,1000,False,10,3,50,5,1.3999971999999998,0.48006,1000,1,1,1,1,1,Standard,0
0,Kydex,Standard,0.0740,Kydex,927.46902543211,500,0,False,False,Kydex,4000,1000,2000,1000,0,1.8796,True,1000,True,3800,True,1,0,0,1.3999971999999998,0.2,6.35,12.7,0,0,,,0,,True,True,False,False,False,False,True,300,True,3800,True,2,1,1.3999971999999998,273,0,0,1000,350,True,3800,True,0,0,0,0,-1,-1,-1,False,False,0,0,1,300,5,1,0.0222,1000,False,3000,1000,0,0,0,30,1,False,50,0,0,0,5,30,1.3999971999999998,0,2.25552,5,1000,1000,5,1.3999971999999998,1000,1000,False,10,3,50,5,1.3999971999999998,0.56388,1000,1,1,1,1,1,Standard,0
0,Kydex,Standard,0.0980,Kydex,927.46902543211,500,0,False,False,Kydex,4000,1000,2000,1000,0,2.4892,True,1000,True,3800,True,1,0,0,1.3999971999999998,0.508,6.35,12.7,0,0,,,0,,True,True,False,False,False,False,True,300,True,3800,True,1,1,1.3999971999999998,273,0,0,1000,350,True,3800,True,0,0,0,0,-1,-1,-1,False,False,0,0,1,300,5,1,0.0294,1000,False,3000,1000,0,0,0,30,1,False,50,0,0,0,5,30,1.3999971999999998,0,2.98704,5,1000,1000,5,1.3999971999999998,1000,1000,False,10,3,50,5,1.3999971999999998,0.74676,1000,1,1,1,1,1,Standard,0
0,Kydex,Standard,0.1000,Kydex,927.46902543211,500,0,False,False,Kydex,4000,1000,2000,1000,0,2.54,True,1000,True,3800,True,1,0,0,1.3999971999999998,0.2,6.35,12.7,0,0,,,0,,True,True,False,False,False,False,True,300,True,3800,True,3,1,1.3999971999999998,273,0,0,1000,350,True,3800,True,0,0,0,0,-1,-1,-1,False,False,0,0,1,300,5,1,0.03,1000,False,3000,1000,0,0,0,30,1,False,50,0,0,0,5,30,1.3999971999999998,0,3.048,5,1000,1000,5,1.3999971999999998,1000,1000,False,10,3,50,5,1.3999971999999998,0.762,1000,1,1,1,1,1,Standard,0
0,Kydex,Standard,0.1250,Kydex,927.46902543211,500,0,False,False,Kydex,4000,1000,2000,1000,0,3.175,True,1000,True,3800,True,1,0,0,1.3999971999999998,0.7619999999999999,3.8099999999999996,12.7,0,0,,,0,,True,True,False,False,False,False,True,300,True,3800,True,6,3,1.3999971999999998,273,0,0,1000,350,True,3800,True,0,0,0,0,-1,-1,-1,False,False,0,0,1,300,5,1,0.042,1000,False,3000,1000,0,0,0,30,1.016,False,50,0,0,0,5,30,1.3999971999999998,0,4.2672,5,1000,1000,5,1.3999971999999998,1000,1000,False,10,3,50,5,1.3999971999999998,1.0668,1000,1,1,1,1,1,Standard,0
0,Kydex,Standard,0.1400,Kydex,927.46902543211,500,0,False,False,Kydex,4000,1000,2000,1000,0,3.556,True,1000,True,3800,True,1,0,0,1.3999971999999998,0.2,2.54,12.7,0,0,,,0,,True,True,False,False,False,False,True,300,True,3800,True,6,3,1.3999971999999998,273,0,0,1000,350,True,3800,True,0,0,0,0,-1,-1,-1,False,False,0,0,1,300,5,1,0.042,1000,False,3000,1000,0,0,0,30,1,False,50,0,0,0,5,30,1.3999971999999998,0,4.2672,5,1000,1000,5,1.3999971999999998,1000,1000,False,10,3,50,5,1.3999971999999998,1.0668,1000,1,1,1,1,1,Standard,0
0,Kydex,Standard,0.1870,Kydex,927.46902543211,500,0,False,False,Kydex,4000,1000,2000,1000,0,4.7498,True,1000,True,3800,True,1,0,0,1.3999971999999998,1.016,3.8099999999999996,12.7,0,0,,,0,,True,True,False,False,False,False,True,300,True,3800,True,4,2,1.3999971999999998,273,0,0,1000,350,True,3800,True,0,0,0,0,-1,-1,-1,False,False,0,0,1,300,5,1,0.0561,1000,False,3000,1000,0,0,0,30,1,False,50,0,0,0,5,30,1.3999971999999998,0,5.69976,5,1000,1000,5,1.3999971999999998,1000,1000,False,10,3,50,5,1.3999971999999998,1.42494,1000,1,1,1,1,1,Standard,0
0,Kydex,Standard,0.2500,Kydex,927.46902543211,500,0,False,False,Kydex,4000,1000,2000,1000,0,6.35,True,1000,True,3800,True,1,0,0,1.3999971999999998,1.0413999999999999,3.8099999999999996,12.7,0,0,,,0,,True,True,False,False,False,False,True,300,True,3800,True,4,2,1.3999971999999998,273,0,0,1000,350,True,3800,True,0,0,0,0,-1,-1,-1,False,False,0,0,1,300,5,1,0.075,762,True,762,508,0,0,0,30,1.016,False,50,0,0,0,5,30,1.3999971999999998,0,7.62,5,1000,1000,5,1.3999971999999998,1000,1000,False,10,3,50,5,1.3999971999999998,1.905,1000,1,1,1,1,1,Standard,0
0,Kydex,Standard,0.3120,Kydex,927.46902543211,500,0,False,False,Kydex,4000,1000,2000,1000,0,7.9248,True,1000,True,3800,True,1,0,0,1.3999971999999998,0.2,6.35,12.7,0,0,,,0,,True,True,False,False,False,False,True,300,True,3800,True,8,4,1.3999971999999998,273,0,0,1000,350,True,3800,True,0,0,0,0,-1,-1,-1,False,False,0,0,1,300,5,1,0.0936,1000,False,3000,1000,0,0,0,30,1,False,50,0,0,0,5,30,1.3999971999999998,0,9.50976,5,1000,1000,5,1.3999971999999998,1000,1000,False,10,3,50,5,1.3999971999999998,2.37744,1000,1,1,1,1,1,Standard,0
0,Kydex,Standard,0.3150,Kydex,927.46902543211,500,0,False,False,Kydex,4000,1000,2000,1000,0,8.001,True,1000,True,3800,True,1,0,0,1.3999971999999998,0.2,6.35,12.7,0,0,,,0,,True,True,False,False,False,False,True,300,True,3800,True,8,4,1.3999971999999998,273,0,0,1000,350,True,3800,True,0,0,0,0,-1,-1,-1,False,False,0,0,1,300,5,1,0.0945,1000,False,3000,1000,0,0,0,30,1,False,50,0,0,0,5,30,1.3999971999999998,0,9.6012,5,1000,1000,5,1.3999971999999998,1000,1000,False,10,3,50,5,1.3999971999999998,2.4003,1000,1,1,1,1,1,Standard,0
0,Kydex,Standard,0.3750,Kydex,927.46902543211,500,0,False,False,Kydex,4000,1000,2000,1000,0,9.525,True,1000,True,3800,True,1,0,0,1.3999971999999998,0.7619999999999999,6.35,12.7,0,0,,,0,,True,True,False,False,False,False,True,300,True,3800,True,2,1,1.3999971999999998,273,0,0,914.4,350,True,3800,True,0,0,0,0,-1,-1,-1,False,False,0,0,1,300,5,1,0.1125,1000,False,3000,1000,0,0,0,30,1.016,False,50,0,0,0,5,30,1.3999971999999998,0,11.43,5,1000,1000,5,1.3999971999999998,1000,1000,False,10,3,50,5,1.3999971999999998,2.8575,1000,1,1,1,1,1,Standard,0
0,Kydex,Standard,0.5000,Kydex,927.46902543211,500,0,False,False,Kydex,4000,1000,2000,1000,0,12.7,True,1000,True,3800,True,1,0,0,1.3999971999999998,0.7619999999999999,6.35,12.7,0,0,,,0,,True,True,False,False,False,False,True,300,True,3800,True,15,7,1.3999971999999998,273,0,0,660.4,350,True,3800,True,0,0,0,0,-1,-1,-1,False,False,0,0,1,300,5,1,0.15,1000,False,3000,1000,0,0,0,30,1.016,False,50,0,0,0,5,30,1.3999971999999998,0,15.24,5,1000,1000,5,1.3999971999999998,1000,1000,False,10,3,50,5,1.3999971999999998,3.81,1000,1,1,1,1,1,Standard,0
0,Kydex,Standard,0.6250,Kydex,927.46902543211,500,0,False,False,Kydex,4000,1000,2000,1000,0,15.875,True,1000,True,3800,True,1,0,0,1.3999971999999998,0.2,6.35,12.7,0,0,,,0,,True,True,False,False,False,False,True,300,True,3800,True,15,7,1.3999971999999998,273,0,0,1000,350,True,3800,True,0,0,0,0,-1,-1,-1,False,False,0,0,1,300,5,1,0.1875,1000,False,3000,1000,0,0,0,30,1,False,50,0,0,0,5,30,1.3999971999999998,0,19.05,5,1000,1000,5,1.3999971999999998,1000,1000,False,10,3,50,5,1.3999971999999998,4.7625,1000,1,1,1,1,1,Standard,0
0,Kydex,Standard,0.6300,Kydex,927.46902543211,500,0,False,False,Kydex,4000,1000,2000,1000,0,16.002,True,1000,True,3800,True,1,0,0,1.3999971999999998,0.2,6.35,12.7,0,0,,,0,,True,True,False,False,False,False,True,300,True,3800,True,20,10,1.3999971999999998,273,0,0,1000,350,True,3800,True,0,0,0,0,-1,-1,-1,False,False,0,0,1,300,5,1,0.189,1000,False,3000,1000,0,0,0,30,1,False,50,0,0,0,5,30,1.3999971999999998,0,19.2024,5,1000,1000,5,1.3999971999999998,1000,1000,False,10,3,50,5,1.3999971999999998,4.8006,1000,1,1,1,1,1,Standard,0
0,Kydex,Standard,0.6896,Kydex,927.46902543211,500,0,False,False,Kydex,4000,1000,2000,1000,0,17.51584,True,1000,True,3800,True,1,0,0,1.3999971999999998,0.2,6.35,12.7,0,0,,,0,,True,True,False,False,False,False,True,300,True,3800,True,25,12,1.3999971999999998,273,0,0,1000,350,True,3800,True,0,0,0,0,-1,-1,-1,False,False,0,0,1,300,5,1,0.20688,1000,False,3000,1000,0,0,0,30,1,False,50,0,0,0,5,30,1.3999971999999998,0,21.019008,5,1000,1000,5,1.3999971999999998,1000,1000,False,10,3,50,5,1.3999971999999998,5.254752,1000,1,1,1,1,1,Standard,0
0,Kydex,Standard,0.7500,Kydex,927.46902543211,500,0,False,False,Kydex,4000,1000,2000,1000,0,19.05,True,1000,True,3800,True,1,0,0,1.3999971999999998,0.889,6.35,12.7,0,0,,,0,,True,True,False,False,False,False,True,300,True,3800,True,10,5,1.3999971999999998,273,0,0,406.4,350,True,3800,True,0,0,0,0,-1,-1,-1,False,False,0,0,1,300,5,1,0.225,1000,False,3000,1000,0,0,0,30,1.016,False,50,0,0,0,5,30,1.3999971999999998,0,22.86,5,1000,1000,5,1.3999971999999998,1000,1000,False,10,3,50,5,1.3999971999999998,5.715,1000,1,1,1,1,1,Standard,0
0,Kydex,Standard,0.8750,Kydex,927.46902543211,500,0,False,False,Kydex,4000,1000,2000,1000,0,22.225,True,1000,True,3800,True,1,0,0,1.3999971999999998,0.2,6.35,12.7,0,0,,,0,,True,True,False,False,False,False,True,300,True,3800,True,10,5,1.3999971999999998,273,0,0,1000,350,True,3800,True,0,0,0,0,-1,-1,-1,False,False,0,0,1,300,5,1,0.2625,1000,False,3000,1000,0,0,0,30,1,False,50,0,0,0,5,30,1.3999971999999998,0,26.67,5,1000,1000,5,1.3999971999999998,1000,1000,False,10,3,50,5,1.3999971999999998,6.6675,1000,1,1,1,1,1,Standard,0
0,Kydex,Standard,1.0000,Kydex,927.46902543211,500,0,False,False,Kydex,4000,1000,2000,1000,0,25.4,True,1000,True,3800,True,1,0,0,1.3999971999999998,0.889,6.35,12.7,0,0,,,0,,True,True,False,False,False,False,True,300,True,3800,True,30,15,1.3999971999999998,273,0,0,279.4,350,True,3800,True,0,-1.2603038465035852,0,0,-0.6875163546391002,-1,-1,False,False,0,0,1,300,5,1,0.3,1000,False,3000,1000,0,0,0,30,1.016,False,50,0,0,0,5,30,1.3999971999999998,0,30.48,5,1000,1000,5,1.3999971999999998,1000,1000,False,10,3,50,5,1.3999971999999998,7.62,1000,1,1,1,1,1,Standard,0
0,Kydex,Standard,1.0600,Kydex,927.46902543211,500,0,False,False,Kydex,4000,1000,2000,1000,0,26.924,True,1000,True,3800,True,1,0,0,1.3999971999999998,0.635,6.35,12.7,0,0,,,0,,True,True,False,False,False,False,True,300,True,3800,True,30,15,1.3999971999999998,273,0,0,279.4,350,True,3800,True,0,-1.2603038465035852,0,0,-0.6875163546391002,-1,-1,False,False,0,0,1,300,5,1,0.3,1000,False,3000,1000,0,0,0,30,1.016,False,50,0,0,0,5,30,1.3999971999999998,0,30.48,5,1000,1000,5,1.3999971999999998,1000,1000,False,10,3,50,5,1.3999971999999998,7.62,1000,1,1,1,1,1,Standard,0
0,Kydex,Standard,1.2500,Kydex,927.46902543211,500,0,False,False,Kydex,4000,1000,2000,1000,0,31.75,True,1000,True,3800,True,1,0,0,1.3999971999999998,0.3048,6.35,12.7,0,0,,,0,,True,True,False,False,False,False,True,300,True,3800,True,35,17,1.3999971999999998,273,0,0,228.6,350,True,3800,True,0,0,0,0,-1,-1,-1,False,False,0,0,1,300,5,1,0.375,1000,False,3000,1000,0,0,0,30,1.016,False,50,0,0,0,5,30,1.3999971999999998,0,38.1,5,1000,1000,5,1.3999971999999998,1000,1000,False,10,3,50,5,1.3999971999999998,9.525,1000,1,1,1,1,1,Standard,0
0,Kydex,Standard,1.5000,Kydex,927.46902543211,500,0,False,False,Kydex,4000,1000,2000,1000,0,38.1,True,1000,True,3800,True,1,0,0,1.3999971999999998,0.2,6.35,12.7,0,0,,,0,,True,True,False,False,False,False,True,300,True,3800,True,40,20,1.3999971999999998,273,0,0,177.79999999999998,350,True,3800,True,0,0,0,0,-1,-1,-1,False,False,0,0,1,300,5,1,0.45,1000,False,3000,1000,0,0,0,30,1.016,False,50,0,0,0,5,30,1.3999971999999998,0,45.72,5,1000,1000,20,1.3999971999999998,1000,800,False,10,3,50,5,1.3999971999999998,11.43,1000,1,1,1,1,1,Standard,0
0,Kydex,Standard,1.7500,Kydex,927.46902543211,500,0,False,False,Kydex,4000,1000,2000,1000,0,44.45,True,1000,True,3800,True,1,8.254999999999999,0,1.3999971999999998,0.508,6.35,12.7,0,0,,,0,,True,True,False,False,False,False,True,300,True,3800,True,20,20,1.3999971999999998,273,8.254999999999999,0,1000,350,True,3800,True,0,-0.5729386976834854,0,0,-0.507463634534885,-1,-1,False,False,0,0,1,300,5,1,0.525,1000,False,3000,1000,0,0,0,30,1.016,False,50,0,0,0,5,30,1.3999971999999998,0,53.34,5,1000,1000,5,1.3999971999999998,1000,1000,False,10,3,50,5,1.3999971999999998,13.335,1000,1,1,1,1,1,Standard,0
0,Kydex,Standard,2.0000,Kydex,927.46902543211,500,0,False,False,Kydex,4000,1000,2000,1000,0,50.8,True,1000,True,3800,True,1,0,0,1.3999971999999998,0.2,6.35,12.7,0,0,,,0,,True,True,False,False,False,False,True,300,True,3800,True,50,25,1.3999971999999998,273,0,0,127,350,True,3800,True,0,0,0,0,-1,-1,-1,False,False,0,0,1,300,5,1,0.6,1000,False,3000,1000,0,0,0,30,1.016,False,50,0,0,0,5,30,1.3999971999999998,0,60.96,5,1000,1000,20,1.3999971999999998,1000,1000,False,10,3,50,5,1.3999971999999998,15.24,1000,1,1,1,1,1,Standard,0
0,Kydex,Standard,2.5000,Kydex,927.46902543211,500,0,False,False,Kydex,4000,1000,2000,1000,0,63.5,True,1000,True,3800,True,1,0,0,1.3999971999999998,0.2,6.35,12.7,0,0,,,0,,True,True,False,False,False,False,True,300,True,3800,True,55,27,1.3999971999999998,273,0,0,101.6,350,True,3800,True,0,0,0,0,-1,-1,-1,False,False,0,0,1,300,5,1,0.75,1000,False,3000,1000,0,0,0,30,1.016,False,50,0,0,0,5,30,1.3999971999999998,0,76.2,5,1000,1000,5,1.3999971999999998,1000,1000,False,10,3,50,5,1.3999971999999998,19.05,1000,1,1,1,1,1,Standard,0
0,Kydex,Standard,2.7500,Kydex,927.46902543211,500,0,False,False,Kydex,4000,1000,2000,1000,0,69.85,True,1000,True,3800,True,1,0,0,1.3999971999999998,0.2,6.35,12.7,0,0,,,0,,True,True,False,False,False,False,True,300,True,3800,True,2,1,1.3999971999999998,273,0,0,1000,350,True,3800,True,0,0,0,0,-1,-1,-1,False,False,0,0,1,300,5,1,0.825,1000,False,3000,1000,0,0,0,30,1,False,50,0,0,0,5,30,1.3999971999999998,0,83.82,5,1000,1000,5,1.3999971999999998,1000,1000,False,10,3,50,5,1.3999971999999998,20.955,1000,1,1,1,1,1,Standard,0
0,Kydex,Standard,3.0000,Kydex,927.46902543211,500,0,False,False,Kydex,4000,1000,2000,1000,0,76.2,True,1000,True,3800,True,1,0,0,1.3999971999999998,0.2,6.35,12.7,0,0,,,0,,True,True,False,False,False,False,True,300,True,3800,True,60,30,1.3999971999999998,273,0,0,76.19999999999999,350,True,3800,True,0,0,0,0,-1,-1,-1,False,False,0,0,1,300,5,1,0.9,1000,False,3000,1000,0,0,0,30,1.016,False,50,0,0,0,5,30,1.3999971999999998,0,91.44,5,1000,1000,5,1.3999971999999998,1000,1000,False,10,3,50,5,1.3999971999999998,22.86,1000,1,1,1,1,1,Standard,0
0,Kydex,Standard,3.5000,Kydex,927.46902543211,500,0,False,False,Kydex,4000,1000,2000,1000,0,88.9,True,1000,True,3800,True,1,0,0,1.3999971999999998,0.2,6.35,12.7,0,0,,,0,,True,True,False,False,False,False,True,300,True,3800,True,60,30,1.3999971999999998,273,0,0,1000,350,True,3800,True,0,0,0,0,-1,-1,-1,False,False,0,0,1,300,5,1,1.05,1000,False,3000,1000,0,0,0,30,1,False,50,0,0,0,5,30,1.3999971999999998,0,106.68,5,1000,1000,5,1.3999971999999998,1000,1000,False,10,3,50,5,1.3999971999999998,26.67,1000,1,1,1,1,1,Standard,0
0,Kydex,Standard,4.0000,Kydex,927.46902543211,500,0,False,False,Kydex,4000,1000,2000,1000,0,101.6,True,1000,True,3800,True,1,0,0,1.3999971999999998,0.2,6.35,12.7,0,0,,,0,,True,True,False,False,False,False,True,300,True,3800,True,60,30,1.3999971999999998,273,0,0,1000,350,True,3800,True,0,0,0,0,-1,-1,-1,False,False,0,0,1,300,5,1,1.2,1000,False,3000,1000,0,0,0,30,1,False,50,0,0,0,5,30,1.3999971999999998,0,121.92,5,1000,1000,5,1.3999971999999998,1000,1000,False,10,3,50,5,1.3999971999999998,30.48,1000,1,1,1,1,1,Standard,0
0,LDPE,Standard,0.0630,LDPE,7800.035629,280,0,False,False,LDPE,4000,1000,2000,1000,0,1.6002,True,1000,True,3800,True,1,0,0,1.3999971999999998,0.2,6.35,12.7,0,0,,,0,,True,False,False,False,False,False,True,300,True,3800,True,2,1,1.3999971999999998,273,0,0,1000,350,True,3800,True,0,0,0,0,-1,-1,-1,False,False,0,0,1,300,5,1,0.0189,1000,False,3000,1000,0,0,0,30,1,False,50,0,0,0,5,30,1.3999971999999998,0,1.92024,5,1000,1000,5,1.3999971999999998,1000,1000,False,10,3,50,5,1.3999971999999998,0.48006,1000,1,1,1,1,1,Standard,0
0,LDPE,Standard,0.0740,LDPE,7800.035629,280,0,False,False,LDPE,4000,1000,2000,1000,0,1.8796,True,1000,True,3800,True,1,0,0,1.3999971999999998,0.2,6.35,12.7,0,0,,,0,,True,False,False,False,False,False,True,300,True,3800,True,2,1,1.3999971999999998,273,0,0,1000,350,True,3800,True,0,0,0,0,-1,-1,-1,False,False,0,0,1,300,5,1,0.0222,1000,False,3000,1000,0,0,0,30,1,False,50,0,0,0,5,30,1.3999971999999998,0,2.25552,5,1000,1000,5,1.3999971999999998,1000,1000,False,10,3,50,5,1.3999971999999998,0.56388,1000,1,1,1,1,1,Standard,0
0,LDPE,Standard,0.0980,LDPE,7800.035629,280,0,False,False,LDPE,4000,1000,2000,1000,0,2.4892,True,1000,True,3800,True,1,0,0,1.3999971999999998,0.2,6.35,12.7,0,0,,,0,,True,False,False,False,False,False,True,300,True,3800,True,1,1,1.3999971999999998,273,0,0,1000,350,True,3800,True,0,0,0,0,-1,-1,-1,False,False,0,0,1,300,5,1,0.0294,1000,False,3000,1000,0,0,0,30,1,False,50,0,0,0,5,30,1.3999971999999998,0,2.98704,5,1000,1000,5,1.3999971999999998,1000,1000,False,10,3,50,5,1.3999971999999998,0.74676,1000,1,1,1,1,1,Standard,0
0,LDPE,Standard,0.1000,LDPE,7800.035629,280,0,False,False,LDPE,4000,1000,2000,1000,0,2.54,True,1000,True,3800,True,1,0,0,1.3999971999999998,0.2,6.35,12.7,0,0,,,0,,True,False,False,False,False,False,True,300,True,3800,True,3,1,1.3999971999999998,273,0,0,1000,350,True,3800,True,0,0,0,0,-1,-1,-1,False,False,0,0,1,300,5,1,0.03,1000,False,3000,1000,0,0,0,30,1,False,50,0,0,0,5,30,1.3999971999999998,0,3.048,5,1000,1000,5,1.3999971999999998,1000,1000,False,10,3,50,5,1.3999971999999998,0.762,1000,1,1,1,1,1,Standard,0
0,LDPE,Standard,0.1250,LDPE,7800.035629,280,0,False,False,LDPE,4000,1000,2000,1000,0,3.175,True,1000,True,3800,True,1,0,0,1.3999971999999998,0.2,2.54,12.7,0,0,,,0,,True,False,False,False,False,False,True,300,True,3800,True,6,3,1.3999971999999998,273,0,0,1000,350,True,3800,True,0,0,0,0,-1,-1,-1,False,False,0,0,1,300,5,1,0.042,1000,False,3000,1000,0,0,0,30,1,False,50,0,0,0,5,30,1.3999971999999998,0,4.2672,5,1000,1000,5,1.3999971999999998,1000,1000,False,10,3,50,5,1.3999971999999998,1.0668,1000,1,1,1,1,1,Standard,0
0,LDPE,Standard,0.1400,LDPE,7800.035629,280,0,False,False,LDPE,4000,1000,2000,1000,0,3.556,True,1000,True,3800,True,1,0,0,1.3999971999999998,0.2,2.54,12.7,0,0,,,0,,True,False,False,False,False,False,True,300,True,3800,True,6,3,1.3999971999999998,273,0,0,1000,350,True,3800,True,0,0,0,0,-1,-1,-1,False,False,0,0,1,300,5,1,0.042,1000,False,3000,1000,0,0,0,30,1,False,50,0,0,0,5,30,1.3999971999999998,0,4.2672,5,1000,1000,5,1.3999971999999998,1000,1000,False,10,3,50,5,1.3999971999999998,1.0668,1000,1,1,1,1,1,Standard,0
0,LDPE,Standard,0.1870,LDPE,7800.035629,280,0,False,False,LDPE,4000,1000,2000,1000,0,4.7498,True,1000,True,3800,True,1,0,0,1.3999971999999998,0.508,3.8099999999999996,12.7,0,0,,,0,,True,False,False,False,False,False,True,300,True,3800,True,4,2,1.3999971999999998,273,0,0,1000,350,True,3800,True,0,0,0,0,-1,-1,-1,False,False,0,0,1,300,5,1,0.0561,1000,False,3000,1000,0,0,0,30,1,False,50,0,0,0,5,30,1.3999971999999998,0,5.69976,5,1000,1000,5,1.3999971999999998,1000,1000,False,10,3,50,5,1.3999971999999998,1.42494,1000,1,1,1,1,1,Standard,0
0,LDPE,Standard,0.2500,LDPE,7800.035629,280,0,False,False,LDPE,4000,1000,2000,1000,0,6.35,True,1000,True,3800,True,1,0,0,1.3999971999999998,0.508,3.8099999999999996,12.7,0,0,,,0,,True,False,False,False,False,False,True,300,True,3800,True,4,2,1.3999971999999998,273,0,0,1000,350,True,2413.165048,True,0,0,0,0,-1,-1,-1,False,False,0,0,1,300,5,1,0.075,1000,False,3000,1000,0,0,0,30,1,False,50,0,0,0,5,30,1.3999971999999998,0,7.62,5,1000,1000,5,1.3999971999999998,1000,1000,False,10,3,50,5,1.3999971999999998,1.905,1000,1,1,1,1,1,Standard,0
0,LDPE,Standard,0.3120,LDPE,7800.035629,280,0,False,False,LDPE,4000,1000,2000,1000,0,7.9248,True,1000,True,3800,True,1,0,0,1.3999971999999998,0.2,6.35,12.7,0,0,,,0,,True,False,False,False,False,False,True,300,True,3800,True,8,4,1.3999971999999998,273,0,0,1000,350,True,3800,True,0,0,0,0,-1,-1,-1,False,False,0,0,1,300,5,1,0.0936,1000,False,3000,1000,0,0,0,30,1,False,50,0,0,0,5,30,1.3999971999999998,0,9.50976,5,1000,1000,5,1.3999971999999998,1000,1000,False,10,3,50,5,1.3999971999999998,2.37744,1000,1,1,1,1,1,Standard,0
0,LDPE,Standard,0.3150,LDPE,7800.035629,280,0,False,False,LDPE,4000,1000,2000,1000,0,8.001,True,1000,True,3800,True,1,0,0,1.3999971999999998,0.2,6.35,12.7,0,0,,,0,,True,False,False,False,False,False,True,300,True,3800,True,8,4,1.3999971999999998,273,0,0,1000,350,True,3800,True,0,0,0,0,-1,-1,-1,False,False,0,0,1,300,5,1,0.0945,1000,False,3000,1000,0,0,0,30,1,False,50,0,0,0,5,30,1.3999971999999998,0,9.6012,5,1000,1000,5,1.3999971999999998,1000,1000,False,10,3,50,5,1.3999971999999998,2.4003,1000,1,1,1,1,1,Standard,0
0,LDPE,Standard,0.3750,LDPE,7800.035629,280,0,False,False,LDPE,4000,1000,2000,1000,0,9.525,True,1000,True,3800,True,1,0,0,1.3999971999999998,0.38099999999999995,6.35,12.7,0,0,,,0,,True,False,False,False,False,False,True,300,True,3800,True,2,1,1.3999971999999998,273,0,0,914.4,350,True,3800,True,0,0,0,0,-1,-1,-1,False,False,0,0,1,300,5,1,0.1125,1000,False,3000,1000,0,0,0,30,1.016,False,50,0,0,0,5,30,1.3999971999999998,0,11.43,5,1000,1000,5,1.3999971999999998,1000,1000,False,10,3,50,5,1.3999971999999998,2.8575,1000,1,1,1,1,1,Standard,0
0,LDPE,Standard,0.5000,LDPE,7800.035629,280,0,False,False,LDPE,4000,1000,2000,1000,0,12.7,True,1000,True,3800,True,1,0,0,1.3999971999999998,0.38099999999999995,6.35,12.7,0,0,,,0,,True,False,False,False,False,False,True,300,True,3800,True,15,7,1.3999971999999998,273,0,0,660.4,350,True,3800,True,0,0,0,0,-1,-1,-1,False,False,0,0,1,300,5,1,0.15,1000,False,3000,1000,0,0,0,30,1.016,False,50,0,0,0,5,30,1.3999971999999998,0,15.24,5,1000,1000,5,1.3999971999999998,1000,1000,False,10,3,50,5,1.3999971999999998,3.81,1000,1,1,1,1,1,Standard,0
0,LDPE,Standard,0.6250,LDPE,7800.035629,280,0,False,False,LDPE,4000,1000,2000,1000,0,15.875,True,1000,True,3800,True,1,0,0,1.3999971999999998,0.2,6.35,12.7,0,0,,,0,,True,False,False,False,False,False,True,300,True,3800,True,15,7,1.3999971999999998,273,0,0,1000,350,True,3800,True,0,0,0,0,-1,-1,-1,False,False,0,0,1,300,5,1,0.1875,1000,False,3000,1000,0,0,0,30,1,False,50,0,0,0,5,30,1.3999971999999998,0,19.05,5,1000,1000,5,1.3999971999999998,1000,1000,False,10,3,50,5,1.3999971999999998,4.7625,1000,1,1,1,1,1,Standard,0
0,LDPE,Standard,0.6300,LDPE,7800.035629,280,0,False,False,LDPE,4000,1000,2000,1000,0,16.002,True,1000,True,3800,True,1,0,0,1.3999971999999998,0.2,6.35,12.7,0,0,,,0,,True,False,False,False,False,False,True,300,True,3800,True,20,10,1.3999971999999998,273,0,0,1000,350,True,3800,True,0,0,0,0,-1,-1,-1,False,False,0,0,1,300,5,1,0.189,1000,False,3000,1000,0,0,0,30,1,False,50,0,0,0,5,30,1.3999971999999998,0,19.2024,5,1000,1000,5,1.3999971999999998,1000,1000,False,10,3,50,5,1.3999971999999998,4.8006,1000,1,1,1,1,1,Standard,0
0,LDPE,Standard,0.6896,LDPE,7800.035629,280,0,False,False,LDPE,4000,1000,2000,1000,0,17.51584,True,1000,True,3800,True,1,0,0,1.3999971999999998,0.2,6.35,12.7,0,0,,,0,,True,False,False,False,False,False,True,300,True,3800,True,25,12,1.3999971999999998,273,0,0,1000,350,True,3800,True,0,0,0,0,-1,-1,-1,False,False,0,0,1,300,5,1,0.20688,1000,False,3000,1000,0,0,0,30,1,False,50,0,0,0,5,30,1.3999971999999998,0,21.019008,5,1000,1000,5,1.3999971999999998,1000,1000,False,10,3,50,5,1.3999971999999998,5.254752,1000,1,1,1,1,1,Standard,0
0,LDPE,Standard,0.7500,LDPE,7800.035629,280,0,False,False,LDPE,4000,1000,2000,1000,0,19.05,True,1000,True,3800,True,1,0,0,1.3999971999999998,0.2,6.35,12.7,0,0,,,0,,True,False,False,False,False,False,True,300,True,3800,True,10,5,1.3999971999999998,273,0,0,406.4,350,True,3800,True,0,0,0,0,-1,-1,-1,False,False,0,0,1,300,5,1,0.225,1000,False,3000,1000,0,0,0,30,1.016,False,50,0,0,0,5,30,1.3999971999999998,0,22.86,5,1000,1000,5,1.3999971999999998,1000,1000,False,10,3,50,5,1.3999971999999998,5.715,1000,1,1,1,1,1,Standard,0
0,LDPE,Standard,0.8750,LDPE,7800.035629,280,0,False,False,LDPE,4000,1000,2000,1000,0,22.225,True,1000,True,3800,True,1,0,0,1.3999971999999998,0.2,6.35,12.7,0,0,,,0,,True,False,False,False,False,False,True,300,True,3800,True,10,5,1.3999971999999998,273,0,0,1000,350,True,3800,True,0,0,0,0,-1,-1,-1,False,False,0,0,1,300,5,1,0.2625,1000,False,3000,1000,0,0,0,30,1,False,50,0,0,0,5,30,1.3999971999999998,0,26.67,5,1000,1000,5,1.3999971999999998,1000,1000,False,10,3,50,5,1.3999971999999998,6.6675,1000,1,1,1,1,1,Standard,0
0,LDPE,Standard,1.0000,LDPE,7800.035629,280,0,False,False,LDPE,4000,1000,2000,1000,0,25.4,True,1000,True,3800,True,1,0,0,1.3999971999999998,0.2,6.35,12.7,0,0,,,0,,True,False,False,False,False,False,True,300,True,3800,True,30,15,1.3999971999999998,273,0,0,279.4,350,True,3800,True,0,0,0,0,-1,-1,-1,False,False,0,0,1,300,5,1,0.3,1000,False,3000,1000,0,0,0,30,1.016,False,50,0,0,0,5,30,1.3999971999999998,0,30.48,5,1000,1000,5,1.3999971999999998,1000,1000,False,10,3,50,5,1.3999971999999998,7.62,1000,1,1,1,1,1,Standard,0
0,LDPE,Standard,1.2500,LDPE,7800.035629,280,0,False,False,LDPE,4000,1000,2000,1000,0,31.75,True,1000,True,3800,True,1,0,0,1.3999971999999998,0.2,6.35,12.7,0,0,,,0,,True,False,False,False,False,False,True,300,True,3800,True,35,17,1.3999971999999998,273,0,0,228.6,350,True,3800,True,0,0,0,0,-1,-1,-1,False,False,0,0,1,300,5,1,0.375,1000,False,3000,1000,0,0,0,30,1.016,False,50,0,0,0,5,30,1.3999971999999998,0,38.1,5,1000,1000,5,1.3999971999999998,1000,1000,False,10,3,50,5,1.3999971999999998,9.525,1000,1,1,1,1,1,Standard,0
0,LDPE,Standard,1.5000,LDPE,7800.035629,280,0,False,False,LDPE,4000,1000,2000,1000,0,38.1,True,1000,True,3800,True,1,0,0,1.3999971999999998,0.2,6.35,12.7,0,0,,,0,,True,False,False,False,False,False,True,300,True,3800,True,40,20,1.3999971999999998,273,0,0,177.79999999999998,350,True,3800,True,0,0,0,0,-1,-1,-1,False,False,0,0,1,300,5,1,0.45,1000,False,3000,1000,0,0,0,30,1.016,False,50,0,0,0,5,30,1.3999971999999998,0,45.72,5,1000,1000,20,1.3999971999999998,1000,800,False,10,3,50,5,1.3999971999999998,11.43,1000,1,1,1,1,1,Standard,0
0,LDPE,Standard,1.7500,LDPE,7800.035629,280,0,False,False,LDPE,4000,1000,2000,1000,0,44.45,True,1000,True,3800,True,1,0,0,1.3999971999999998,0.2,6.35,12.7,0,0,,,0,,True,False,False,False,False,False,True,300,True,3800,True,45,22,1.3999971999999998,273,0,0,1000,350,True,3800,True,0,0,0,0,-1,-1,-1,False,False,0,0,1,300,5,1,0.525,1000,False,3000,1000,0,0,0,30,1,False,50,0,0,0,5,30,1.3999971999999998,0,53.34,5,1000,1000,5,1.3999971999999998,1000,1000,False,10,3,50,5,1.3999971999999998,13.335,1000,1,1,1,1,1,Standard,0
0,LDPE,Standard,2.0000,LDPE,7800.035629,280,0,False,False,LDPE,4000,1000,2000,1000,0,50.8,True,1000,True,3800,True,1,0,0,1.3999971999999998,0.2,6.35,12.7,0,0,,,0,,True,False,False,False,False,False,True,300,True,3800,True,50,25,1.3999971999999998,273,0,0,127,350,True,3800,True,0,0,0,0,-1,-1,-1,False,False,0,0,1,300,5,1,0.6,1000,False,3000,1000,0,0,0,30,1.016,False,50,0,0,0,5,30,1.3999971999999998,0,60.96,5,1000,1000,20,1.3999971999999998,1000,1000,False,10,3,50,5,1.3999971999999998,15.24,1000,1,1,1,1,1,Standard,0
0,LDPE,Standard,2.5000,LDPE,7800.035629,280,0,False,False,LDPE,4000,1000,2000,1000,0,63.5,True,1000,True,3800,True,1,0,0,1.3999971999999998,0.2,6.35,12.7,0,0,,,0,,True,False,False,False,False,False,True,300,True,3800,True,55,27,1.3999971999999998,273,0,0,101.6,350,True,3800,True,0,0,0,0,-1,-1,-1,False,False,0,0,1,300,5,1,0.75,1000,False,3000,1000,0,0,0,30,1.016,False,50,0,0,0,5,30,1.3999971999999998,0,76.2,5,1000,1000,5,1.3999971999999998,1000,1000,False,10,3,50,5,1.3999971999999998,19.05,1000,1,1,1,1,1,Standard,0
0,LDPE,Standard,2.7500,LDPE,7800.035629,280,0,False,False,LDPE,4000,1000,2000,1000,0,69.85,True,1000,True,3800,True,1,0,0,1.3999971999999998,0.2,6.35,12.7,0,0,,,0,,True,False,False,False,False,False,True,300,True,3800,True,2,1,1.3999971999999998,273,0,0,1000,350,True,3800,True,0,0,0,0,-1,-1,-1,False,False,0,0,1,300,5,1,0.825,1000,False,3000,1000,0,0,0,30,1,False,50,0,0,0,5,30,1.3999971999999998,0,83.82,5,1000,1000,5,1.3999971999999998,1000,1000,False,10,3,50,5,1.3999971999999998,20.955,1000,1,1,1,1,1,Standard,0
0,LDPE,Standard,3.0000,LDPE,7800.035629,280,0,False,False,LDPE,4000,1000,2000,1000,0,76.2,True,1000,True,3800,True,1,0,0,1.3999971999999998,0.2,6.35,12.7,0,0,,,0,,True,False,False,False,False,False,True,300,True,3800,True,60,30,1.3999971999999998,273,0,0,76.19999999999999,350,True,3800,True,0,0,0,0,-1,-1,-1,False,False,0,0,1,300,5,1,0.9,1000,False,3000,1000,0,0,0,30,1.016,False,50,0,0,0,5,30,1.3999971999999998,0,91.44,5,1000,1000,5,1.3999971999999998,1000,1000,False,10,3,50,5,1.3999971999999998,22.86,1000,1,1,1,1,1,Standard,0
0,LDPE,Standard,3.5000,LDPE,7800.035629,280,0,False,False,LDPE,4000,1000,2000,1000,0,88.9,True,1000,True,3800,True,1,0,0,1.3999971999999998,0.2,6.35,12.7,0,0,,,0,,True,False,False,False,False,False,True,300,True,3800,True,60,30,1.3999971999999998,273,0,0,1000,350,True,3800,True,0,0,0,0,-1,-1,-1,False,False,0,0,1,300,5,1,1.05,1000,False,3000,1000,0,0,0,30,1,False,50,0,0,0,5,30,1.3999971999999998,0,106.68,5,1000,1000,5,1.3999971999999998,1000,1000,False,10,3,50,5,1.3999971999999998,26.67,1000,1,1,1,1,1,Standard,0
0,LDPE,Standard,4.0000,LDPE,7800.035629,280,0,False,False,LDPE,4000,1000,2000,1000,0,101.6,True,1000,True,3800,True,1,0,0,1.3999971999999998,0.2,6.35,12.7,0,0,,,0,,True,False,False,False,False,False,True,300,True,3800,True,60,30,1.3999971999999998,273,0,0,1000,350,True,3800,True,0,0,0,0,-1,-1,-1,False,False,0,0,1,300,5,1,1.2,1000,False,3000,1000,0,0,0,30,1,False,50,0,0,0,5,30,1.3999971999999998,0,121.92,5,1000,1000,5,1.3999971999999998,1000,1000,False,10,3,50,5,1.3999971999999998,30.48,1000,1,1,1,1,1,Standard,0
0,Marble,Standard,0.2500,Marble,2650.011333,535,0,True,False,Marble,5000,1000,2000,1000,0,6.35,True,1000,True,1378.951456,True,1,0,0,1.3999971999999998,0.7111999999999999,6.35,12.7,0,0,,,0,,True,False,False,False,False,False,True,300,False,1034.213592,False,1.3,1,1.3999971999999998,273,0,0,431.79999999999995,350,True,3800,True,0,0,0,0,-1,-1,-1,False,False,0,0,1,300,5,1,0.075,1000,False,3000,1000,0,0,0,30,1.016,False,50,0,0,0,5,30,1.3999971999999998,0,7.62,5,1000,1000,5,1.3999971999999998,1000,1000,False,10,3,50,5,1.3999971999999998,1.905,1000,1,1,1,1,1,Standard,1
0,Marble,Standard,0.3750,Marble,2650.011333,535,0,True,False,Marble,5000,1000,2000,1000,0,9.525,True,1000,True,1378.951456,True,1,0,0,1.3999971999999998,0.2,6.35,12.7,0,0,,,0,,True,False,False,False,False,False,True,300,False,1034.213592,False,2.5,2,1.3999971999999998,273,0,0,254,350,True,3800,True,0,0,0,0,-1,-1,-1,False,False,0,0,1,300,5,1,0.1125,1000,False,3000,1000,0,0,0,30,1.016,False,50,0,0,0,5,30,1.3999971999999998,0,11.43,5,1000,1000,5,1.3999971999999998,1000,1000,False,10,3,50,5,1.3999971999999998,2.8575,1000,1,1,1,1,1,Standard,1
0,Marble,Standard,0.5000,Marble,2650.011333,535,0,True,False,Marble,5000,1000,2000,1000,0,12.7,True,1000,True,1378.951456,True,1,0,0,1.3999971999999998,0.2,6.35,12.7,0,0,,,0,,True,False,False,False,False,False,True,300,False,1034.213592,False,5,4,1.3999971999999998,273,0,0,177.79999999999998,350,True,3800,True,0,0,0,0,-1,-1,-1,False,False,0,0,1,300,5,1,0.15,1000,False,3000,1000,0,0,0,30,1.016,False,50,0,0,0,5,30,1.3999971999999998,0,15.24,5,1000,1000,5,1.3999971999999998,1000,1000,False,10,3,50,5,1.3999971999999998,3.81,1000,1,1,1,1,1,Standard,1
0,Marble,Standard,0.7500,Marble,2650.011333,535,0,True,False,Marble,5000,1000,2000,1000,0,19.05,True,1000,True,1378.951456,True,1,0,0,1.3999971999999998,0.2,6.35,12.7,0,0,,,0,,True,False,False,False,False,False,True,300,False,1034.213592,False,7.5,6,1.3999971999999998,273,0,0,101.6,350,True,3800,True,0,0,0,0,-1,-1,-1,False,False,0,0,1,300,5,1,0.225,1000,False,3000,1000,0,0,0,30,1.016,False,50,0,0,0,5,30,1.3999971999999998,0,22.86,5,1000,1000,5,1.3999971999999998,1000,1000,False,10,3,50,5,1.3999971999999998,5.715,1000,1,1,1,1,1,Standard,1
0,Marble,Standard,1.0000,Marble,2650.011333,535,0,True,False,Marble,5000,1000,2000,1000,0,25.4,True,1000,True,1378.951456,True,1,0,0,1.3999971999999998,0.889,6.35,12.7,0,0,,,0,,True,False,False,False,False,False,True,300,False,1034.213592,False,10,8,1.3999971999999998,273,0,0,76.19999999999999,350,True,3800,True,0,0,0,0,-1,-1,-1,False,False,0,0,1,300,5,1,0.3,1000,False,3000,1000,0,0,0,30,1.016,False,50,0,0,0,5,30,1.3999971999999998,0,30.48,5,1000,1000,5,1.3999971999999998,1000,1000,False,10,3,50,5,1.3999971999999998,7.62,1000,1,1,1,1,1,Standard,1
0,Matériel Rouge Metal Sigma,Standard,0.1250,Matériel Rouge Metal Sigma,7800.035869,200,0,True,False,Matériel Rouge Metal Sigma,4000,1000,2000,1000,0,3.175,True,1000,True,3800,True,1,0,0,1.3999971999999998,0.2,3.8099999999999996,12.7,0,0,,,0,,True,False,False,False,False,False,True,300,False,1034.213592,False,4,2,1.3999971999999998,273,0,0,381,350,True,3800,True,0,0,0,0,-1,-1,-1,False,False,0,0,1,300,5,1,0.0375,2540,False,3000,1000,0,0,0,30,1.016,False,50,0,0,0,5,30,1.3999971999999998,0,3.81,5,1000,1000,5,1.3999971999999998,1000,1000,False,10,3,50,5,1.3999971999999998,0.9525,1000,1,1,1,1,1,Standard,1
0,Matériel Rouge Metal Sigma,Standard,0.2500,Matériel Rouge Metal Sigma,7800.035869,200,0,True,False,Matériel Rouge Metal Sigma,4000,1000,2000,1000,0,6.35,True,1000,True,3800,True,1,0,0,1.3999971999999998,0.38099999999999995,3.8099999999999996,12.7,0,0,,,0,,True,False,False,False,False,False,True,300,False,1034.213592,False,4,2,1.3999971999999998,273,0,0,381,350,True,3800,True,0,0,0,0,-1,-1,-1,False,False,0,0,1,300,5,1,0.0375,2540,False,3000,1000,0,0,0,30,1.016,False,50,0,0,0,5,30,1.3999971999999998,0,3.81,5,1000,1000,5,1.3999971999999998,1000,1000,False,10,3,50,5,1.3999971999999998,0.9525,1000,1,1,1,1,1,Standard,1
0,Mild Steel AEREM,44W,0.0150,Mild Steel AEREM,7800.035629,80,0,False,False,Mild Steel AEREM,4000,1000,2000,1000,0,0.38099999999999995,True,1000,True,3800,True,1,0,0,1.3999971999999998,0.254,3.8099999999999996,12.7,0,0,,,0,,True,False,False,False,False,False,True,300,True,3800,True,4,2,1.3999971999999998,273,0,0,45.466,350,True,3800,True,0,-4.129162870403211,0,0,-2.449662620127041,-1,-1,False,False,0,0,1,300,5,1,0.0561,1000,False,3000,1000,0,0,0,30,1.016,False,50,0,0,0,5,30,1.3999971999999998,0,5.69976,5,1000,1000,5,1.3999971999999998,1000,1000,False,10,3,50,5,1.3999971999999998,1.42494,1000,1,1,1,1,1,44W,2.9762405
0,Mild Steel AEREM,44W,0.0360,Mild Steel AEREM,7800.035629,80,0,False,False,Mild Steel AEREM,4000,1000,2000,1000,0,0.9143999999999999,True,1000,True,3800,True,1,0,0,1.3999971999999998,0.254,3.8099999999999996,12.7,0,0,,,0,,True,False,False,False,False,False,True,300,True,3800,True,4,2,1.3999971999999998,273,0,0,45.466,350,True,3800,True,0,-4.129162870403211,0,0,-2.449662620127041,-1,-1,False,False,0,0,1,300,5,1,0.0561,1000,False,3000,1000,0,0,0,30,1.016,False,50,0,0,0,5,30,1.3999971999999998,0,5.69976,5,1000,1000,5,1.3999971999999998,1000,1000,False,10,3,50,5,1.3999971999999998,1.42494,1000,1,1,1,1,1,44W,2.9762405
0,Mild Steel AEREM,44W,0.0480,Mild Steel AEREM,7800.035629,80,0,False,False,Mild Steel AEREM,4000,1000,2000,1000,0,1.2192,True,1000,True,3800,True,1,0,0,1.3999971999999998,0.2,3.8099999999999996,12.7,0,0,,,0,,True,False,False,False,False,False,True,300,True,3800,True,4,2,1.3999971999999998,273,0,0,45.466,350,True,3800,True,0,-4.129162870403211,0,0,-2.449662620127041,-1,-1,False,False,0,0,1,300,5,1,0.0561,1000,False,3000,1000,0,0,0,30,1.016,False,50,0,0,0,5,30,1.3999971999999998,0,5.69976,5,1000,1000,5,1.3999971999999998,1000,1000,False,10,3,50,5,1.3999971999999998,1.42494,1000,1,1,1,1,1,44W,2.9762405
0,Mild Steel AEREM,44W,0.0600,Mild Steel AEREM,7800.035629,80,0,False,False,Mild Steel AEREM,4000,1000,2000,1000,0,1.5239999999999998,True,1000,True,3800,True,1,0,0,1.3999971999999998,0.38099999999999995,3.8099999999999996,12.7,0,0,,,0,,True,False,False,False,False,False,True,300,True,3800,True,4,2,1.3999971999999998,273,0,0,45.466,350,True,3800,True,0,-4.129162870403211,0,0,-2.449662620127041,-1,-1,False,False,0,0,1,300,5,1,0.0561,1000,False,3000,1000,0,0,0,30,1.016,False,50,0,0,0,5,30,1.3999971999999998,0,5.69976,5,1000,1000,5,1.3999971999999998,1000,1000,False,10,3,50,5,1.3999971999999998,1.42494,1000,1,1,1,1,1,44W,2.9762405
0,Mild Steel AEREM,44W,0.0630,Mild Steel AEREM,7800.035629,80,0,False,False,Mild Steel AEREM,4000,1000,2000,1000,0,1.6002,True,1000,True,3800,True,1,0,0,1.3999971999999998,0.254,6.35,12.7,0,0,,,0,,True,False,False,False,False,False,True,300,True,3800,True,2,1,1.3999971999999998,273,0,0,157.48,350,True,3800,True,0,-5.44033203100551,0,0,-4.085616779974878,-1,-1,False,False,0,0,1,300,5,1,0.0189,1000,False,3000,1000,0,0,0,30,1.016,False,50,0,0,0,5,30,1.3999971999999998,0,1.92024,5,1000,1000,5,1.3999971999999998,1000,1000,False,10,3,50,5,1.3999971999999998,0.48006,1000,1,1,1,1,1,44W,2.9762405
0,Mild Steel AEREM,44W,0.0750,Mild Steel AEREM,7800.035629,80,0,False,False,Mild Steel AEREM,4000,1000,2000,1000,0,1.9049999999999998,True,1000,True,3800,True,1,0,0,1.3999971999999998,0.38099999999999995,3.8099999999999996,12.7,0,0,,,0,,True,False,False,False,False,False,True,300,True,3800,True,4,2,1.3999971999999998,273,0,0,45.466,350,True,3800,True,0,-4.129162870403211,0,0,-2.449662620127041,-1,-1,False,False,0,0,1,300,5,1,0.0561,1000,False,3000,1000,0,0,0,30,1.016,False,50,0,0,0,5,30,1.3999971999999998,0,5.69976,5,1000,1000,5,1.3999971999999998,1000,1000,False,10,3,50,5,1.3999971999999998,1.42494,1000,1,1,1,1,1,44W,2.9762405
0,Mild Steel AEREM,44W,0.1090,Mild Steel AEREM,7800.035629,80,0,False,False,Mild Steel AEREM,4000,1000,2000,1000,0,2.7685999999999997,True,1000,True,3800,True,1,0,0,1.3999971999999998,0.254,3.8099999999999996,12.7,0,0,,,0,,True,False,False,False,False,False,True,300,True,3800,True,4,2,1.3999971999999998,273,0,0,45.466,350,True,3800,True,0,-4.129162870403211,0,0,-2.449662620127041,-1,-1,False,False,0,0,1,300,5,1,0.0561,1000,False,3000,1000,0,0,0,30,1.016,False,50,0,0,0,5,30,1.3999971999999998,0,5.69976,5,1000,1000,5,1.3999971999999998,1000,1000,False,10,3,50,5,1.3999971999999998,1.42494,1000,1,1,1,1,1,44W,2.9762405
0,Mild Steel AEREM,44W,0.1200,Mild Steel AEREM,7800.035629,80,0,False,False,Mild Steel AEREM,4000,1000,2000,1000,0,3.0479999999999996,True,1000,True,3800,True,1,0,0,1.3999971999999998,0.38099999999999995,3.8099999999999996,12.7,0,0,,,0,,True,False,False,False,False,False,True,300,True,3800,True,4,2,1.3999971999999998,273,0,0,45.466,350,True,3800,True,0,-4.129162870403211,0,0,-2.449662620127041,-1,-1,False,False,0,0,1,300,5,1,0.0561,1000,False,3000,1000,0,0,0,30,1.016,False,50,0,0,0,5,30,1.3999971999999998,0,5.69976,5,1000,1000,5,1.3999971999999998,1000,1000,False,10,3,50,5,1.3999971999999998,1.42494,1000,1,1,1,1,1,44W,2.9762405
0,Mild Steel AEREM,44W,0.1250,Mild Steel AEREM,7800.035629,80,0,False,False,Mild Steel AEREM,4000,1000,2000,1000,0,3.175,True,1000,True,3800,True,1,0,0,1.3999971999999998,0.254,2.54,12.7,0,0,,,0,,True,False,False,False,False,False,True,300,True,3800,True,6,3,1.3999971999999998,273,0,0,71.11999999999999,350,True,3800,True,0,-5.710593137499642,0,0,-3.6619355755198,-1,-1,False,False,0,0,1,300,5,1,0.042,1000,False,3000,1000,0,0,0,30,1.016,False,50,0,0,0,5,30,1.3999971999999998,0,4.2672,5,1000,1000,5,1.3999971999999998,1000,1000,False,10,3,50,5,1.3999971999999998,1.0668,1000,1,1,1,1,1,44W,2.9762405
0,Mild Steel AEREM,44W,0.1350,Mild Steel AEREM,7800.035629,80,0,False,False,Mild Steel AEREM,4000,1000,2000,1000,0,3.429,True,1000,True,3800,True,1,0,0,1.3999971999999998,0.2,2.54,12.7,0,0,,,0,,True,False,False,False,False,False,True,300,True,3800,True,6,3,1.3999971999999998,273,0,0,71.11999999999999,350,True,3800,True,0,-5.710593137499642,0,0,-3.6619355755198,-1,-1,False,False,0,0,1,300,5,1,0.042,1000,False,3000,1000,0,0,0,30,1.016,False,50,0,0,0,5,30,1.3999971999999998,0,4.2672,5,1000,1000,5,1.3999971999999998,1000,1000,False,10,3,50,5,1.3999971999999998,1.0668,1000,1,1,1,1,1,44W,2.9762405
0,Mild Steel AEREM,44W,0.1870,Mild Steel AEREM,7800.035629,80,0,False,False,Mild Steel AEREM,4000,1000,2000,1000,0,4.7498,True,1000,True,3800,True,1,0,0,1.3999971999999998,0,3.8099999999999996,12.7,0,0,,,0,,True,False,False,False,False,False,True,300,True,3800,True,4,2,1.3999971999999998,273,0,0,45.466,350,True,3800,True,0,-4.129162870403211,0,0,-2.449662620127041,-1,-1,False,False,0,0,1,300,5,1,0.0561,1000,False,3000,1000,0,0,0,30,1.016,False,50,0,0,0,5,30,1.3999971999999998,0,5.69976,5,1000,1000,5,1.3999971999999998,1000,1000,False,10,3,50,5,1.3999971999999998,1.42494,1000,1,1,1,1,1,44W,2.9762405
0,Mild Steel AEREM,44W,0.2500,Mild Steel AEREM,7800.035629,80,0,False,False,Mild Steel AEREM,4000,1000,2000,1000,0,6.35,True,1000,True,3800,True,1,0,0,1.3999971999999998,0.38099999999999995,3.8099999999999996,12.7,0,0,,,0,,True,False,False,False,False,False,True,300,True,3800,True,3,2,1.3999971999999998,273,0,0,32.512,350,True,3800,True,0,-3.0909700035405043,0,0,-1.8328395059420577,-1,-1,False,False,0,0,1,300,5,1,0.075,1000,False,3000,1000,0,0,0,30,1.016,False,50,0,0,0,5,30,1.3999971999999998,0,7.62,5,1000,1000,5,1.3999971999999998,1000,1000,False,10,3,50,5,1.3999971999999998,1.905,1000,1,1,1,1,1,44W,2.9762405
0,Mild Steel AEREM,44W,0.2540,Mild Steel AEREM,7800.035629,80,0,False,False,Mild Steel AEREM,4000,1000,2000,1000,0,6.4516,True,1000,True,3800,True,1,0,0,1.3999971999999998,0.2,3.8099999999999996,12.7,0,0,,,0,,True,False,False,False,False,False,True,300,True,3800,True,4,2,1.3999971999999998,273,0,0,45.466,350,True,3800,True,0,-4.129162870403211,0,0,-2.449662620127041,-1,-1,False,False,0,0,1,300,5,1,0.0561,1000,False,3000,1000,0,0,0,30,1.016,False,50,0,0,0,5,30,1.3999971999999998,0,5.69976,5,1000,1000,5,1.3999971999999998,1000,1000,False,10,3,50,5,1.3999971999999998,1.42494,1000,1,1,1,1,1,44W,2.9762405
0,Mild Steel AEREM,44W,0.3120,Mild Steel AEREM,7800.035629,80,0,False,False,Mild Steel AEREM,4000,1000,2000,1000,0,7.9248,True,1000,True,3800,True,1,0,0,1.3999971999999998,0.38099999999999995,6.35,12.7,0,0,,,0,,True,False,False,False,False,False,True,300,True,3800,True,8,4,1.3999971999999998,273,0,0,25.4,350,True,3800,True,0,-2.477598868445699,0,0,-1.4688007143858235,-1,-1,False,False,0,0,1,300,5,1,0.0936,1000,False,3000,1000,0,0,0,30,1.016,False,50,0,0,0,5,30,1.3999971999999998,0,9.50976,5,1000,1000,5,1.3999971999999998,1000,1000,False,10,3,50,5,1.3999971999999998,2.37744,1000,1,1,1,1,1,44W,2.9762405
0,Mild Steel AEREM,44W,0.3750,Mild Steel AEREM,7800.035629,80,0,False,False,Mild Steel AEREM,4000,1000,2000,1000,0,9.525,True,1000,True,3800,True,1,0,0,1.3999971999999998,0.254,6.35,12.7,0,0,,,0,,True,False,False,False,False,False,True,300,True,3800,True,2,1,1.3999971999999998,273,0,0,20.32,350,True,3800,True,0,-2.443138112502839,0,0,-1.6038627711549316,-1,-1,False,False,0,0,1,300,5,1,0.1125,1000,False,3000,1000,0,0,0,30,1.016,False,50,0,0,0,5,30,1.3999971999999998,0,11.43,5,1000,1000,5,1.3999971999999998,1000,1000,False,10,3,50,5,1.3999971999999998,2.8575,1000,1,1,1,1,1,44W,2.9762405
0,Mild Steel AEREM,44W,0.5000,Mild Steel AEREM,7800.035629,80,0,False,False,Mild Steel AEREM,4000,1000,2000,1000,0,12.7,True,1000,True,3800,True,1,0,0,1.3999971999999998,0.38099999999999995,6.35,12.7,0,0,,,0,,True,False,False,False,False,False,True,300,True,3800,True,15,7,1.3999971999999998,273,0,0,14.731999999999998,350,True,3800,True,0,-1.489354726551402,0,0,-0.9739344366011572,-1,-1,False,False,0,0,1,300,5,1,0.15,1000,False,3000,1000,0,0,0,30,1.016,False,50,0,0,0,5,30,1.3999971999999998,0,15.24,5,1000,1000,5,1.3999971999999998,1000,1000,False,10,3,50,5,1.3999971999999998,3.81,1000,1,1,1,1,1,44W,2.9762405
0,Mild Steel AEREM,44W,0.6250,Mild Steel AEREM,7800.035629,80,0,False,False,Mild Steel AEREM,4000,1000,2000,1000,0,15.875,True,1000,True,3800,True,1,0,0,1.3999971999999998,0.38099999999999995,6.35,12.7,0,0,,,0,,True,False,False,False,False,False,True,300,True,3800,True,15,7,1.3999971999999998,273,0,0,11.43,350,True,3800,True,0,-1.2373964215278548,0,0,-0.7333459290514626,-1,-1,False,False,0,0,1,300,5,1,0.1875,1000,False,3000,1000,0,0,0,30,1.016,False,50,0,0,0,5,30,1.3999971999999998,0,19.05,5,1000,1000,5,1.3999971999999998,1000,1000,False,10,3,50,5,1.3999971999999998,4.7625,1000,1,1,1,1,1,44W,2.9762405
0,Mild Steel AEREM,44W,0.7500,Mild Steel AEREM,7800.035629,80,0,False,False,Mild Steel AEREM,4000,1000,2000,1000,0,19.05,True,1000,True,3800,True,1,0,0,1.3999971999999998,0.254,6.35,12.7,0,0,,,0,,True,False,False,False,False,False,True,300,True,3800,True,10,5,1.3999971999999998,273,0,0,9.143999999999998,350,True,3800,True,0,-1.0312126698879533,0,0,-0.6111318044365194,-1,-1,False,False,0,0,1,300,5,1,0.225,1000,False,3000,1000,0,0,0,30,1.016,False,50,0,0,0,5,30,1.3999971999999998,0,22.86,5,1000,1000,5,1.3999971999999998,1000,1000,False,10,3,50,5,1.3999971999999998,5.715,1000,1,1,1,1,1,44W,2.9762405
0,Mild Steel AEREM,44W,0.8750,Mild Steel AEREM,7800.035629,80,0,False,False,Mild Steel AEREM,4000,1000,2000,1000,0,22.225,True,1000,True,3800,True,1,0,0,1.3999971999999998,0,6.35,12.7,0,0,,,0,,True,False,False,False,False,False,True,300,True,3800,True,10,5,1.3999971999999998,273,0,0,7.619999999999999,350,True,3800,True,0,-0.8839218947283454,0,0,-0.5238325312609574,-1,-1,False,False,0,0,1,300,5,1,0.2625,1000,False,3000,1000,0,0,0,30,1.016,False,50,0,0,0,5,30,1.3999971999999998,0,26.67,5,1000,1000,5,1.3999971999999998,1000,1000,False,10,3,50,5,1.3999971999999998,6.6675,1000,1,1,1,1,1,44W,2.9762405
0,Mild Steel AEREM,44W,1.0000,Mild Steel AEREM,7800.035629,80,0,False,False,Mild Steel AEREM,4000,1000,2000,1000,0,25.4,True,1000,True,3800,True,1,0,0,1.3999971999999998,0.38099999999999995,6.35,12.7,0,0,,,0,,True,False,False,False,False,False,True,300,True,3800,True,30,10,1.3999971999999998,273,0,0,6.604,350,True,3800,True,0,-0.7734460388630937,0,0,-0.4583564580004311,-1,-1,False,False,0,0,1,300,5,1,0.3,1000,False,3000,1000,0,0,0,30,1.016,False,50,0,0,0,5,30,1.3999971999999998,0,30.48,5,1000,1000,5,1.3999971999999998,1000,1000,False,10,3,50,5,1.3999971999999998,7.62,1000,1,1,1,1,1,44W,2.9762405
0,Mild Steel AEREM,44W,1.2500,Mild Steel AEREM,7800.035629,80,0,False,False,Mild Steel AEREM,4000,1000,2000,1000,0,31.75,True,1000,True,3800,True,1,0,0,1.3999971999999998,0.2,6.35,12.7,0,0,,,0,,True,False,False,False,False,False,True,300,True,3800,True,35,17,1.3999971999999998,273,0,0,5.08,350,True,3800,True,0,-0.6187703616978745,0,0,-0.36668798242515643,-1,-1,False,False,0,0,1,300,5,1,0.375,1000,False,3000,1000,0,0,0,30,1.016,False,50,0,0,0,5,30,1.3999971999999998,0,38.1,5,1000,1000,5,1.3999971999999998,1000,1000,False,10,3,50,5,1.3999971999999998,9.525,1000,1,1,1,1,1,44W,2.9762405
0,Mild Steel AEREM,44W,1.5000,Mild Steel AEREM,7800.035629,80,0,False,False,Mild Steel AEREM,4000,1000,2000,1000,0,38.1,True,1000,True,3800,True,1,0,0,1.3999971999999998,0,6.35,12.7,0,0,,,0,,True,False,False,False,False,False,True,300,True,3800,True,40,20,1.3999971999999998,273,0,0,4.064,350,True,3800,True,0,-0.5156480934199321,0,0,-0.3055745934585659,-1,-1,False,False,0,0,1,300,5,1,0.45,1000,False,3000,1000,0,0,0,30,1.016,False,50,0,0,0,5,30,1.3999971999999998,0,45.72,5,1000,1000,20,1.3999971999999998,1000,800,False,10,3,50,5,1.3999971999999998,11.43,1000,1,1,1,1,1,44W,2.9762405
0,Mild Steel AEREM,44W,1.7500,Mild Steel AEREM,7800.035629,80,0,False,False,Mild Steel AEREM,4000,1000,2000,1000,0,44.45,True,1000,True,3800,True,1,0,0,1.3999971999999998,0.2,6.35,12.7,0,0,,,0,,True,False,False,False,False,False,True,300,True,3800,True,45,22,1.3999971999999998,273,0,0,3.556,350,True,3800,True,0,-0.4419872459420313,0,0,-0.26192173895527376,-1,-1,False,False,0,0,1,300,5,1,0.525,1000,False,3000,1000,0,0,0,30,1.016,False,50,0,0,0,5,30,1.3999971999999998,0,53.34,5,1000,1000,5,1.3999971999999998,1000,1000,False,10,3,50,5,1.3999971999999998,13.335,1000,1,1,1,1,1,44W,2.9762405
0,Mild Steel AEREM,44W,2.0000,Mild Steel AEREM,7800.035629,80,0,False,False,Mild Steel AEREM,4000,1000,2000,1000,0,50.8,True,1000,True,3800,True,1,0,0,1.3999971999999998,0.2,6.35,12.7,0,0,,,0,,True,False,False,False,False,False,True,300,True,3800,True,50,25,1.3999971999999998,273,0,0,3.0479999999999996,350,True,3800,True,0,-0.38674063816122667,0,0,-0.2291818957541002,-1,-1,False,False,0,0,1,300,5,1,0.6,1000,False,3000,1000,0,0,0,30,1.016,False,50,0,0,0,5,30,1.3999971999999998,0,60.96,5,1000,1000,20,1.3999971999999998,1000,1000,False,10,3,50,5,1.3999971999999998,15.24,1000,1,1,1,1,1,44W,2.9762405
0,Mild Steel AEREM,44W,3.0000,Mild Steel AEREM,7800.035629,80,0,False,False,Mild Steel AEREM,4000,1000,2000,1000,0,76.19999999999999,True,1000,True,3800,True,1,0,0,1.3999971999999998,0.2,6.35,12.7,0,0,,,0,,True,False,False,False,False,False,True,300,True,3800,True,50,25,1.3999971999999998,273,0,0,3.0479999999999996,350,True,3800,True,0,-0.38674063816122667,0,0,-0.2291818957541002,-1,-1,False,False,0,0,1,300,5,1,0.6,1000,False,3000,1000,0,0,0,30,1.016,False,50,0,0,0,5,30,1.3999971999999998,0,60.96,5,1000,1000,20,1.3999971999999998,1000,1000,False,10,3,50,5,1.3999971999999998,15.24,1000,1,1,1,1,1,44W,2.9762405
0,Mild Steel AEREM,44W,6.0000,Mild Steel AEREM,7800.035629,80,0,False,False,Mild Steel AEREM,4000,1000,2000,1000,0,152.39999999999998,True,1000,True,3800,True,1,0,0,1.3999971999999998,0.2,6.35,12.7,0,0,,,0,,True,False,False,False,False,False,True,300,True,3800,True,50,25,1.3999971999999998,273,0,0,3.0479999999999996,350,True,3800,True,0,-0.38674063816122667,0,0,-0.2291818957541002,-1,-1,False,False,0,0,1,300,5,1,0.6,1000,False,3000,1000,0,0,0,30,1.016,False,50,0,0,0,5,30,1.3999971999999998,0,60.96,5,1000,1000,20,1.3999971999999998,1000,1000,False,10,3,50,5,1.3999971999999998,15.24,1000,1,1,1,1,1,44W,2.9762405
0,Mild Steel AEREM,A1008,0.0150,Mild Steel AEREM,7800.035629,80,0,False,False,Mild Steel AEREM,4000,1000,2000,1000,0,0.38099999999999995,True,1000,True,3800,True,1,0,0,1.3999971999999998,0.254,3.8099999999999996,12.7,0,0,,,0,,True,False,False,False,False,False,True,300,True,3800,True,4,2,1.3999971999999998,273,0,0,45.466,350,True,3800,True,0,-4.129162870403211,0,0,-2.449662620127041,-1,-1,False,False,0,0,1,300,5,1,0.0561,1000,False,3000,1000,0,0,0,30,1.016,False,50,0,0,0,5,30,1.3999971999999998,0,5.69976,5,1000,1000,5,1.3999971999999998,1000,1000,False,10,3,50,5,1.3999971999999998,1.42494,1000,1,1,1,1,1,A1008,2.9762405
0,Mild Steel AEREM,A1008,0.0360,Mild Steel AEREM,7800.035629,80,0,False,False,Mild Steel AEREM,4000,1000,2000,1000,0,0.9143999999999999,True,1000,True,3800,True,1,0,0,1.3999971999999998,0.254,3.8099999999999996,12.7,0,0,,,0,,True,False,False,False,False,False,True,300,True,3800,True,4,2,1.3999971999999998,273,0,0,45.466,350,True,3800,True,0,-4.129162870403211,0,0,-2.449662620127041,-1,-1,False,False,0,0,1,300,5,1,0.0561,1000,False,3000,1000,0,0,0,30,1.016,False,50,0,0,0,5,30,1.3999971999999998,0,5.69976,5,1000,1000,5,1.3999971999999998,1000,1000,False,10,3,50,5,1.3999971999999998,1.42494,1000,1,1,1,1,1,A1008,2.9762405
0,Mild Steel AEREM,A1008,0.0480,Mild Steel AEREM,7800.035629,80,0,False,False,Mild Steel AEREM,4000,1000,2000,1000,0,1.2192,True,1000,True,3800,True,1,0,0,1.3999971999999998,0.2,3.8099999999999996,12.7,0,0,,,0,,True,False,False,False,False,False,True,300,True,3800,True,4,2,1.3999971999999998,273,0,0,45.466,350,True,3800,True,0,-4.129162870403211,0,0,-2.449662620127041,-1,-1,False,False,0,0,1,300,5,1,0.0561,1000,False,3000,1000,0,0,0,30,1.016,False,50,0,0,0,5,30,1.3999971999999998,0,5.69976,5,1000,1000,5,1.3999971999999998,1000,1000,False,10,3,50,5,1.3999971999999998,1.42494,1000,1,1,1,1,1,A1008,2.9762405
0,Mild Steel AEREM,A1008,0.0600,Mild Steel AEREM,7800.035629,80,0,False,False,Mild Steel AEREM,4000,1000,2000,1000,0,1.5239999999999998,True,1000,True,3800,True,1,0,0,1.3999971999999998,0.38099999999999995,3.8099999999999996,12.7,0,0,,,0,,True,False,False,False,False,False,True,300,True,3800,True,4,2,1.3999971999999998,273,0,0,45.466,350,True,3800,True,0,-4.129162870403211,0,0,-2.449662620127041,-1,-1,False,False,0,0,1,300,5,1,0.0561,1000,False,3000,1000,0,0,0,30,1.016,False,50,0,0,0,5,30,1.3999971999999998,0,5.69976,5,1000,1000,5,1.3999971999999998,1000,1000,False,10,3,50,5,1.3999971999999998,1.42494,1000,1,1,1,1,1,A1008,2.9762405
0,Mild Steel AEREM,A1008,0.0630,Mild Steel AEREM,7800.035629,80,0,False,False,Mild Steel AEREM,4000,1000,2000,1000,0,1.6002,True,1000,True,3800,True,1,0,0,1.3999971999999998,0.254,6.35,12.7,0,0,,,0,,True,False,False,False,False,False,True,300,True,3800,True,2,1,1.3999971999999998,273,0,0,157.48,350,True,3800,True,0,-5.44033203100551,0,0,-4.085616779974878,-1,-1,False,False,0,0,1,300,5,1,0.0189,1000,False,3000,1000,0,0,0,30,1.016,False,50,0,0,0,5,30,1.3999971999999998,0,1.92024,5,1000,1000,5,1.3999971999999998,1000,1000,False,10,3,50,5,1.3999971999999998,0.48006,1000,1,1,1,1,1,A1008,2.9762405
0,Mild Steel AEREM,A1008,0.0750,Mild Steel AEREM,7800.035629,80,0,False,False,Mild Steel AEREM,4000,1000,2000,1000,0,1.9049999999999998,True,1000,True,3800,True,1,0,0,1.3999971999999998,0.38099999999999995,3.8099999999999996,12.7,0,0,,,0,,True,False,False,False,False,False,True,300,True,3800,True,4,2,1.3999971999999998,273,0,0,45.466,350,True,3800,True,0,-4.129162870403211,0,0,-2.449662620127041,-1,-1,False,False,0,0,1,300,5,1,0.0561,1000,False,3000,1000,0,0,0,30,1.016,False,50,0,0,0,5,30,1.3999971999999998,0,5.69976,5,1000,1000,5,1.3999971999999998,1000,1000,False,10,3,50,5,1.3999971999999998,1.42494,1000,1,1,1,1,1,A1008,2.9762405
0,Mild Steel AEREM,A1008,0.1090,Mild Steel AEREM,7800.035629,80,0,False,False,Mild Steel AEREM,4000,1000,2000,1000,0,2.7685999999999997,True,1000,True,3800,True,1,0,0,1.3999971999999998,0.254,3.8099999999999996,12.7,0,0,,,0,,True,False,False,False,False,False,True,300,True,3800,True,4,2,1.3999971999999998,273,0,0,45.466,350,True,3800,True,0,-4.129162870403211,0,0,-2.449662620127041,-1,-1,False,False,0,0,1,300,5,1,0.0561,1000,False,3000,1000,0,0,0,30,1.016,False,50,0,0,0,5,30,1.3999971999999998,0,5.69976,5,1000,1000,5,1.3999971999999998,1000,1000,False,10,3,50,5,1.3999971999999998,1.42494,1000,1,1,1,1,1,A1008,2.9762405
0,Mild Steel AEREM,A1008,0.1200,Mild Steel AEREM,7800.035629,80,0,False,False,Mild Steel AEREM,4000,1000,2000,1000,0,3.0479999999999996,True,1000,True,3800,True,1,0,0,1.3999971999999998,0.38099999999999995,3.8099999999999996,12.7,0,0,,,0,,True,False,False,False,False,False,True,300,True,3800,True,4,2,1.3999971999999998,273,0,0,45.466,350,True,3800,True,0,-4.129162870403211,0,0,-2.449662620127041,-1,-1,False,False,0,0,1,300,5,1,0.0561,1000,False,3000,1000,0,0,0,30,1.016,False,50,0,0,0,5,30,1.3999971999999998,0,5.69976,5,1000,1000,5,1.3999971999999998,1000,1000,False,10,3,50,5,1.3999971999999998,1.42494,1000,1,1,1,1,1,A1008,2.9762405
0,Mild Steel AEREM,A1008,0.1250,Mild Steel AEREM,7800.035629,80,0,False,False,Mild Steel AEREM,4000,1000,2000,1000,0,3.175,True,1000,True,3800,True,1,0,0,1.3999971999999998,0.254,2.54,12.7,0,0,,,0,,True,False,False,False,False,False,True,300,True,3800,True,6,3,1.3999971999999998,273,0,0,71.11999999999999,350,True,3800,True,0,-5.710593137499642,0,0,-3.6619355755198,-1,-1,False,False,0,0,1,300,5,1,0.042,1000,False,3000,1000,0,0,0,30,1.016,False,50,0,0,0,5,30,1.3999971999999998,0,4.2672,5,1000,1000,5,1.3999971999999998,1000,1000,False,10,3,50,5,1.3999971999999998,1.0668,1000,1,1,1,1,1,A1008,2.9762405
0,Mild Steel AEREM,A1008,0.1350,Mild Steel AEREM,7800.035629,80,0,False,False,Mild Steel AEREM,4000,1000,2000,1000,0,3.429,True,1000,True,3800,True,1,0,0,1.3999971999999998,0.2,2.54,12.7,0,0,,,0,,True,False,False,False,False,False,True,300,True,3800,True,6,3,1.3999971999999998,273,0,0,71.11999999999999,350,True,3800,True,0,-5.710593137499642,0,0,-3.6619355755198,-1,-1,False,False,0,0,1,300,5,1,0.042,1000,False,3000,1000,0,0,0,30,1.016,False,50,0,0,0,5,30,1.3999971999999998,0,4.2672,5,1000,1000,5,1.3999971999999998,1000,1000,False,10,3,50,5,1.3999971999999998,1.0668,1000,1,1,1,1,1,A1008,2.9762405
0,Mild Steel AEREM,A1008,0.1870,Mild Steel AEREM,7800.035629,80,0,False,False,Mild Steel AEREM,4000,1000,2000,1000,0,4.7498,True,1000,True,3800,True,1,0,0,1.3999971999999998,0,3.8099999999999996,12.7,0,0,,,0,,True,False,False,False,False,False,True,300,True,3800,True,4,2,1.3999971999999998,273,0,0,45.466,350,True,3800,True,0,-4.129162870403211,0,0,-2.449662620127041,-1,-1,False,False,0,0,1,300,5,1,0.0561,1000,False,3000,1000,0,0,0,30,1.016,False,50,0,0,0,5,30,1.3999971999999998,0,5.69976,5,1000,1000,5,1.3999971999999998,1000,1000,False,10,3,50,5,1.3999971999999998,1.42494,1000,1,1,1,1,1,A1008,2.9762405
0,Mild Steel AEREM,A1008,0.2500,Mild Steel AEREM,7800.035629,80,0,False,False,Mild Steel AEREM,4000,1000,2000,1000,0,6.35,True,1000,True,3800,True,1,0,0,1.3999971999999998,0.38099999999999995,3.8099999999999996,12.7,0,0,,,0,,True,False,False,False,False,False,True,300,True,3800,True,3,2,1.3999971999999998,273,0,0,32.512,350,True,3800,True,0,-3.0909700035405043,0,0,-1.8328395059420577,-1,-1,False,False,0,0,1,300,5,1,0.075,1000,False,3000,1000,0,0,0,30,1.016,False,50,0,0,0,5,30,1.3999971999999998,0,7.62,5,1000,1000,5,1.3999971999999998,1000,1000,False,10,3,50,5,1.3999971999999998,1.905,1000,1,1,1,1,1,A1008,2.9762405
0,Mild Steel AEREM,A1008,0.2540,Mild Steel AEREM,7800.035629,80,0,False,False,Mild Steel AEREM,4000,1000,2000,1000,0,6.4516,True,1000,True,3800,True,1,0,0,1.3999971999999998,0.2,3.8099999999999996,12.7,0,0,,,0,,True,False,False,False,False,False,True,300,True,3800,True,4,2,1.3999971999999998,273,0,0,45.466,350,True,3800,True,0,-4.129162870403211,0,0,-2.449662620127041,-1,-1,False,False,0,0,1,300,5,1,0.0561,1000,False,3000,1000,0,0,0,30,1.016,False,50,0,0,0,5,30,1.3999971999999998,0,5.69976,5,1000,1000,5,1.3999971999999998,1000,1000,False,10,3,50,5,1.3999971999999998,1.42494,1000,1,1,1,1,1,A1008,2.9762405
0,Mild Steel AEREM,A1008,0.3120,Mild Steel AEREM,7800.035629,80,0,False,False,Mild Steel AEREM,4000,1000,2000,1000,0,7.9248,True,1000,True,3800,True,1,0,0,1.3999971999999998,0.38099999999999995,6.35,12.7,0,0,,,0,,True,False,False,False,False,False,True,300,True,3800,True,8,4,1.3999971999999998,273,0,0,25.4,350,True,3800,True,0,-2.477598868445699,0,0,-1.4688007143858235,-1,-1,False,False,0,0,1,300,5,1,0.0936,1000,False,3000,1000,0,0,0,30,1.016,False,50,0,0,0,5,30,1.3999971999999998,0,9.50976,5,1000,1000,5,1.3999971999999998,1000,1000,False,10,3,50,5,1.3999971999999998,2.37744,1000,1,1,1,1,1,A1008,2.9762405
0,Mild Steel AEREM,A1008,0.3750,Mild Steel AEREM,7800.035629,80,0,False,False,Mild Steel AEREM,4000,1000,2000,1000,0,9.525,True,1000,True,3800,True,1,0,0,1.3999971999999998,0.254,6.35,12.7,0,0,,,0,,True,False,False,False,False,False,True,300,True,3800,True,2,1,1.3999971999999998,273,0,0,20.32,350,True,3800,True,0,-2.443138112502839,0,0,-1.6038627711549316,-1,-1,False,False,0,0,1,300,5,1,0.1125,1000,False,3000,1000,0,0,0,30,1.016,False,50,0,0,0,5,30,1.3999971999999998,0,11.43,5,1000,1000,5,1.3999971999999998,1000,1000,False,10,3,50,5,1.3999971999999998,2.8575,1000,1,1,1,1,1,A1008,2.9762405
0,Mild Steel AEREM,A1008,0.5000,Mild Steel AEREM,7800.035629,80,0,False,False,Mild Steel AEREM,4000,1000,2000,1000,0,12.7,True,1000,True,3800,True,1,0,0,1.3999971999999998,0.38099999999999995,6.35,12.7,0,0,,,0,,True,False,False,False,False,False,True,300,True,3800,True,15,7,1.3999971999999998,273,0,0,14.731999999999998,350,True,3800,True,0,-1.489354726551402,0,0,-0.9739344366011572,-1,-1,False,False,0,0,1,300,5,1,0.15,1000,False,3000,1000,0,0,0,30,1.016,False,50,0,0,0,5,30,1.3999971999999998,0,15.24,5,1000,1000,5,1.3999971999999998,1000,1000,False,10,3,50,5,1.3999971999999998,3.81,1000,1,1,1,1,1,A1008,2.9762405
0,Mild Steel AEREM,A1008,0.6250,Mild Steel AEREM,7800.035629,80,0,False,False,Mild Steel AEREM,4000,1000,2000,1000,0,15.875,True,1000,True,3800,True,1,0,0,1.3999971999999998,0.38099999999999995,6.35,12.7,0,0,,,0,,True,False,False,False,False,False,True,300,True,3800,True,15,7,1.3999971999999998,273,0,0,11.43,350,True,3800,True,0,-1.2373964215278548,0,0,-0.7333459290514626,-1,-1,False,False,0,0,1,300,5,1,0.1875,1000,False,3000,1000,0,0,0,30,1.016,False,50,0,0,0,5,30,1.3999971999999998,0,19.05,5,1000,1000,5,1.3999971999999998,1000,1000,False,10,3,50,5,1.3999971999999998,4.7625,1000,1,1,1,1,1,A1008,2.9762405
0,Mild Steel AEREM,A1008,0.7500,Mild Steel AEREM,7800.035629,80,0,False,False,Mild Steel AEREM,4000,1000,2000,1000,0,19.05,True,1000,True,3800,True,1,0,0,1.3999971999999998,0.254,6.35,12.7,0,0,,,0,,True,False,False,False,False,False,True,300,True,3800,True,10,5,1.3999971999999998,273,0,0,9.143999999999998,350,True,3800,True,0,-1.0312126698879533,0,0,-0.6111318044365194,-1,-1,False,False,0,0,1,300,5,1,0.225,1000,False,3000,1000,0,0,0,30,1.016,False,50,0,0,0,5,30,1.3999971999999998,0,22.86,5,1000,1000,5,1.3999971999999998,1000,1000,False,10,3,50,5,1.3999971999999998,5.715,1000,1,1,1,1,1,A1008,2.9762405
0,Mild Steel AEREM,A1008,0.8750,Mild Steel AEREM,7800.035629,80,0,False,False,Mild Steel AEREM,4000,1000,2000,1000,0,22.225,True,1000,True,3800,True,1,0,0,1.3999971999999998,0,6.35,12.7,0,0,,,0,,True,False,False,False,False,False,True,300,True,3800,True,10,5,1.3999971999999998,273,0,0,7.619999999999999,350,True,3800,True,0,-0.8839218947283454,0,0,-0.5238325312609574,-1,-1,False,False,0,0,1,300,5,1,0.2625,1000,False,3000,1000,0,0,0,30,1.016,False,50,0,0,0,5,30,1.3999971999999998,0,26.67,5,1000,1000,5,1.3999971999999998,1000,1000,False,10,3,50,5,1.3999971999999998,6.6675,1000,1,1,1,1,1,A1008,2.9762405
0,Mild Steel AEREM,A1008,1.0000,Mild Steel AEREM,7800.035629,80,0,False,False,Mild Steel AEREM,4000,1000,2000,1000,0,25.4,True,1000,True,3800,True,1,0,0,1.3999971999999998,0.38099999999999995,6.35,12.7,0,0,,,0,,True,False,False,False,False,False,True,300,True,3800,True,30,10,1.3999971999999998,273,0,0,6.604,350,True,3800,True,0,-0.7734460388630937,0,0,-0.4583564580004311,-1,-1,False,False,0,0,1,300,5,1,0.3,1000,False,3000,1000,0,0,0,30,1.016,False,50,0,0,0,5,30,1.3999971999999998,0,30.48,5,1000,1000,5,1.3999971999999998,1000,1000,False,10,3,50,5,1.3999971999999998,7.62,1000,1,1,1,1,1,A1008,2.9762405
0,Mild Steel AEREM,A1008,1.2500,Mild Steel AEREM,7800.035629,80,0,False,False,Mild Steel AEREM,4000,1000,2000,1000,0,31.75,True,1000,True,3800,True,1,0,0,1.3999971999999998,0.2,6.35,12.7,0,0,,,0,,True,False,False,False,False,False,True,300,True,3800,True,35,17,1.3999971999999998,273,0,0,5.08,350,True,3800,True,0,-0.6187703616978745,0,0,-0.36668798242515643,-1,-1,False,False,0,0,1,300,5,1,0.375,1000,False,3000,1000,0,0,0,30,1.016,False,50,0,0,0,5,30,1.3999971999999998,0,38.1,5,1000,1000,5,1.3999971999999998,1000,1000,False,10,3,50,5,1.3999971999999998,9.525,1000,1,1,1,1,1,A1008,2.9762405
0,Mild Steel AEREM,A1008,1.5000,Mild Steel AEREM,7800.035629,80,0,False,False,Mild Steel AEREM,4000,1000,2000,1000,0,38.1,True,1000,True,3800,True,1,0,0,1.3999971999999998,0,6.35,12.7,0,0,,,0,,True,False,False,False,False,False,True,300,True,3800,True,40,20,1.3999971999999998,273,0,0,4.064,350,True,3800,True,0,-0.5156480934199321,0,0,-0.3055745934585659,-1,-1,False,False,0,0,1,300,5,1,0.45,1000,False,3000,1000,0,0,0,30,1.016,False,50,0,0,0,5,30,1.3999971999999998,0,45.72,5,1000,1000,20,1.3999971999999998,1000,800,False,10,3,50,5,1.3999971999999998,11.43,1000,1,1,1,1,1,A1008,2.9762405
0,Mild Steel AEREM,A1008,1.7500,Mild Steel AEREM,7800.035629,80,0,False,False,Mild Steel AEREM,4000,1000,2000,1000,0,44.45,True,1000,True,3800,True,1,0,0,1.3999971999999998,0.2,6.35,12.7,0,0,,,0,,True,False,False,False,False,False,True,300,True,3800,True,45,22,1.3999971999999998,273,0,0,3.556,350,True,3800,True,0,-0.4419872459420313,0,0,-0.26192173895527376,-1,-1,False,False,0,0,1,300,5,1,0.525,1000,False,3000,1000,0,0,0,30,1.016,False,50,0,0,0,5,30,1.3999971999999998,0,53.34,5,1000,1000,5,1.3999971999999998,1000,1000,False,10,3,50,5,1.3999971999999998,13.335,1000,1,1,1,1,1,A1008,2.9762405
0,Mild Steel AEREM,A1008,2.0000,Mild Steel AEREM,7800.035629,80,0,False,False,Mild Steel AEREM,4000,1000,2000,1000,0,50.8,True,1000,True,3800,True,1,0,0,1.3999971999999998,0.2,6.35,12.7,0,0,,,0,,True,False,False,False,False,False,True,300,True,3800,True,50,25,1.3999971999999998,273,0,0,3.0479999999999996,350,True,3800,True,0,-0.38674063816122667,0,0,-0.2291818957541002,-1,-1,False,False,0,0,1,300,5,1,0.6,1000,False,3000,1000,0,0,0,30,1.016,False,50,0,0,0,5,30,1.3999971999999998,0,60.96,5,1000,1000,20,1.3999971999999998,1000,1000,False,10,3,50,5,1.3999971999999998,15.24,1000,1,1,1,1,1,A1008,2.9762405
0,Mild Steel AEREM,A1008,3.0000,Mild Steel AEREM,7800.035629,80,0,False,False,Mild Steel AEREM,4000,1000,2000,1000,0,76.19999999999999,True,1000,True,3800,True,1,0,0,1.3999971999999998,0.2,6.35,12.7,0,0,,,0,,True,False,False,False,False,False,True,300,True,3800,True,50,25,1.3999971999999998,273,0,0,3.0479999999999996,350,True,3800,True,0,-0.38674063816122667,0,0,-0.2291818957541002,-1,-1,False,False,0,0,1,300,5,1,0.6,1000,False,3000,1000,0,0,0,30,1.016,False,50,0,0,0,5,30,1.3999971999999998,0,60.96,5,1000,1000,20,1.3999971999999998,1000,1000,False,10,3,50,5,1.3999971999999998,15.24,1000,1,1,1,1,1,A1008,2.9762405
0,Mild Steel AEREM,A1008,6.0000,Mild Steel AEREM,7800.035629,80,0,False,False,Mild Steel AEREM,4000,1000,2000,1000,0,152.39999999999998,True,1000,True,3800,True,1,0,0,1.3999971999999998,0.2,6.35,12.7,0,0,,,0,,True,False,False,False,False,False,True,300,True,3800,True,50,25,1.3999971999999998,273,0,0,3.0479999999999996,350,True,3800,True,0,-0.38674063816122667,0,0,-0.2291818957541002,-1,-1,False,False,0,0,1,300,5,1,0.6,1000,False,3000,1000,0,0,0,30,1.016,False,50,0,0,0,5,30,1.3999971999999998,0,60.96,5,1000,1000,20,1.3999971999999998,1000,1000,False,10,3,50,5,1.3999971999999998,15.24,1000,1,1,1,1,1,A1008,2.9762405
0,Mild Steel,44W,0.0150,Mild Steel,7800.035629,80,0,False,False,Mild Steel,4000,1000,2000,1000,0,0.38099999999999995,True,136.077711,True,1378.951456,True,1,0,0,1.3999971999999998,0.254,3.8099999999999996,12.7,0,0,,,0,,True,False,False,False,False,False,True,300,True,3800,True,4,2,1.3999971999999998,273,0,0,45.466,350,True,3800,True,0,-4.129162870403211,0,0,-2.449662620127041,-1,-1,False,False,0,0,1,300,5,1,0.0561,1000,False,3000,1000,0,0,0,30,1.016,False,50,0,0,0,5,30,1.3999971999999998,0,5.69976,5,1000,1000,5,1.3999971999999998,1000,1000,False,10,3,50,5,1.3999971999999998,1.42494,1000,1,1,1,1,1,44W,2.9762405
0,Mild Steel,44W,0.0360,Mild Steel,7800.035629,80,0,False,False,Mild Steel,4000,1000,2000,1000,0,0.9143999999999999,True,136.077711,True,1378.951456,True,1,0,0,1.3999971999999998,0.254,3.8099999999999996,12.7,0,0,,,0,,True,False,False,False,False,False,True,300,True,3800,True,4,2,1.3999971999999998,273,0,0,45.466,350,True,3800,True,0,-4.129162870403211,0,0,-2.449662620127041,-1,-1,False,False,0,0,1,300,5,1,0.0561,1000,False,3000,1000,0,0,0,30,1.016,False,50,0,0,0,5,30,1.3999971999999998,0,5.69976,5,1000,1000,5,1.3999971999999998,1000,1000,False,10,3,50,5,1.3999971999999998,1.42494,1000,1,1,1,1,1,44W,2.9762405
0,Mild Steel,44W,0.0390,Mild Steel,7800.035629,80,0,False,False,Mild Steel,4000,1000,2000,1000,0,0.9905999999999999,True,136.077711,True,1378.951456,True,1,0,0,1.3999971999999998,0.254,3.8099999999999996,12.7,0,0,,,0,,True,False,False,False,False,False,True,300,True,3800,True,4,2,1.3999971999999998,273,0,0,45.466,350,True,3800,True,0,-4.129162870403211,0,0,-2.449662620127041,-1,-1,False,False,0,0,1,300,5,1,0.0561,1000,False,3000,1000,0,0,0,30,1.016,False,50,0,0,0,5,30,1.3999971999999998,0,5.69976,5,1000,1000,5,1.3999971999999998,1000,1000,False,10,3,50,5,1.3999971999999998,1.42494,1000,1,1,1,1,1,44W,2.9762405
0,Mild Steel,44W,0.0480,Mild Steel,7800.035629,80,0,False,False,Mild Steel,4000,1000,2000,1000,0,1.2192,True,136.077711,True,1378.951456,True,1,0,0,1.27,0.7111999999999999,4.7752,12.7,0,0,,,0,,True,False,False,False,False,False,True,300,True,3800,True,4,2,1.27,273,0,0,45.466,350,True,3800,True,0,-4.129162870403211,0,0,-2.449662620127041,-1,-1,False,False,0,0,1,300,5,1,0.0561,1000,False,3000,1000,0,0,0,30,1.016,False,50,0,0,0,5,30,1.3999971999999998,0,5.69976,5,1000,1000,5,1.3999971999999998,1000,1000,False,10,3,50,5,1.3999971999999998,1.42494,1000,1,1,1,1,1,44W,2.9762405
0,Mild Steel,44W,0.0600,Mild Steel,7800.035629,80,0,False,False,Mild Steel,4000,1000,2000,1000,0,0.38099999999999995,True,136.077711,True,1378.951456,True,1,0,0,1.3999971999999998,0.254,3.8099999999999996,12.7,0,0,,,0,,True,False,False,False,False,False,True,300,True,3800,True,4,2,1.3999971999999998,273,0,0,45.466,350,True,3800,True,0,-4.129162870403211,0,0,-2.449662620127041,-1,-1,False,False,0,0,1,300,5,1,0.0561,1000,False,3000,1000,0,0,0,30,1.016,False,50,0,0,0,5,30,1.3999971999999998,0,5.69976,5,1000,1000,5,1.3999971999999998,1000,1000,False,10,3,50,5,1.3999971999999998,1.42494,1000,1,1,1,1,1,44W,2.9762405
0,Mild Steel,44W,0.0630,Mild Steel,7800.035629,80,0,False,False,Mild Steel,4000,1000,2000,1000,0,1.6002,True,136.077711,True,1378.951456,True,1,0,0,1.3999971999999998,0.7111999999999999,6.35,12.7,0,0,,,0,,True,False,False,False,False,False,True,300,True,3800,True,2,1,1.3999971999999998,273,0,0,157.48,350,True,3800,True,0,-5.44033203100551,0,0,-4.085616779974878,-1,-1,False,False,0,0,1,300,5,1,0.0189,1000,False,3000,1000,0,0,0,30,1.016,False,50,0,0,0,5,30,1.3999971999999998,0,1.92024,5,1000,1000,5,1.3999971999999998,1000,1000,False,10,3,50,5,1.3999971999999998,0.48006,1000,1,1,1,1,1,44W,2.9762405
0,Mild Steel,44W,0.0750,Mild Steel,7800.035629,80,0,False,False,Mild Steel,4000,1000,2000,1000,0,1.9049999999999998,True,136.077711,True,1378.951456,True,1,0,0,1.3999971999999998,0.635,3.8099999999999996,12.7,0,0,,,0,,True,False,False,False,False,False,True,300,True,3800,True,4,2,1.3999971999999998,273,0,0,45.466,350,True,3800,True,0,0,0,0,-1,-1,-1,False,False,0,0,1,300,5,1,0.0561,1000,False,3000,1000,0,0,0,30,1.016,False,50,0,0,0,5,30,1.3999971999999998,0,5.69976,5,1000,1000,5,1.3999971999999998,1000,1000,False,10,3,50,5,1.3999971999999998,1.42494,1000,1,1,1,1,1,44W,2.9762405
0,Mild Steel,44W,0.1090,Mild Steel,7800.035629,80,0,False,False,Mild Steel,4000,1000,2000,1000,0,2.7685999999999997,True,136.077711,True,1378.951456,True,1,0,0,1.3999971999999998,0.7111999999999999,3.8099999999999996,12.7,0,0,,,0,,True,False,False,False,False,False,True,300,True,3800,True,4,2,1.3999971999999998,273,0,0,45.466,350,True,3800,True,0,-4.129162870403211,0,0,-2.449662620127041,-1,-1,False,False,0,0,1,300,5,1,0.0561,1000,False,3000,1000,0,0,0,30,1.016,False,50,0,0,0,5,30,1.3999971999999998,0,5.69976,5,1000,1000,5,1.3999971999999998,1000,1000,False,10,3,50,5,1.3999971999999998,1.42494,1000,1,1,1,1,1,44W,2.9762405
0,Mild Steel,44W,0.1200,Mild Steel,7800.035629,80,0,False,False,Mild Steel,4000,1000,2000,1000,0,0.38099999999999995,True,136.077711,True,1378.951456,True,1,0,0,1.3999971999999998,0.254,3.8099999999999996,12.7,0,0,,,0,,True,False,False,False,False,False,True,300,True,3800,True,4,2,1.3999971999999998,273,0,0,45.466,350,True,3800,True,0,-4.129162870403211,0,0,-2.449662620127041,-1,-1,False,False,0,0,1,300,5,1,0.0561,1000,False,3000,1000,0,0,0,30,1.016,False,50,0,0,0,5,30,1.3999971999999998,0,5.69976,5,1000,1000,5,1.3999971999999998,1000,1000,False,10,3,50,5,1.3999971999999998,1.42494,1000,1,1,1,1,1,44W,2.9762405
0,Mild Steel,44W,0.1250,Mild Steel,7800.035629,80,0,False,False,Mild Steel,4000,1000,2000,1000,0,3.175,True,136.077711,True,1378.951456,True,1,0,0,1.3999971999999998,0.7111999999999999,4.7498,12.7,0,0,,,0,,True,False,False,False,False,False,True,300,True,3800,True,6,3,1.3999971999999998,273,0,0,71.11999999999999,350,True,3800,True,0,-5.710593137499642,0,0,-3.6619355755198,-1,-1,False,False,0,0,1,300,5,1,0.042,1000,False,3000,1000,0,0,0,30,1.016,False,50,0,0,0,5,30,1.3999971999999998,0,4.2672,5,1000,1000,5,1.3999971999999998,1000,1000,False,10,3,50,5,1.3999971999999998,1.0668,1000,1,1,1,1,1,44W,2.9762405
0,Mild Steel,44W,0.1350,Mild Steel,7800.035629,80,0,False,False,Mild Steel,4000,1000,2000,1000,0,3.429,True,136.077711,True,1378.951456,True,1,0,0,1.3999971999999998,0.508,2.54,12.7,0,0,,,0,,True,False,False,False,False,False,True,300,True,3800,True,6,3,1.3999971999999998,273,0,0,71.11999999999999,350,True,3800,True,0,-5.710593137499642,0,0,-3.6619355755198,-1,-1,False,False,0,0,1,300,5,1,0.042,1000,False,3000,1000,0,0,0,30,1.016,False,50,0,0,0,5,30,1.3999971999999998,0,4.2672,5,1000,1000,5,1.3999971999999998,1000,1000,False,10,3,50,5,1.3999971999999998,1.0668,1000,1,1,1,1,1,44W,2.9762405
0,Mild Steel,44W,0.1500,Mild Steel,7800.035629,80,0,False,False,Mild Steel,4000,1000,2000,1000,0,0.38099999999999995,True,136.077711,True,1378.951456,True,1,0,0,1.3999971999999998,0.254,3.8099999999999996,12.7,0,0,,,0,,True,False,False,False,False,False,True,300,True,3800,True,4,2,1.3999971999999998,273,0,0,45.466,350,True,3800,True,0,-4.129162870403211,0,0,-2.449662620127041,-1,-1,False,False,0,0,1,300,5,1,0.0561,1000,False,3000,1000,0,0,0,30,1.016,False,50,0,0,0,5,30,1.3999971999999998,0,5.69976,5,1000,1000,5,1.3999971999999998,1000,1000,False,10,3,50,5,1.3999971999999998,1.42494,1000,1,1,1,1,1,44W,2.9762405
0,Mild Steel,44W,0.1870,Mild Steel,7800.035629,80,0,False,False,Mild Steel,4000,1000,2000,1000,0,4.7498,True,136.077711,True,1378.951456,True,1,0,0,1.3999971999999998,0.6858,4.7498,12.7,0,0,,,0,,True,False,False,False,False,False,True,300,True,3800,True,4,2,1.3999971999999998,273,0,0,45.466,350,True,3800,True,0,-3.2137680868787575,0,0,-1.6846843178962854,-1,-1,False,False,0,0,1,300,5,1,0.0561,1000,False,3000,1000,0,0,0,30,1.016,False,50,0,0,0,5,30,1.3999971999999998,0,5.69976,5,1000,1000,5,1.3999971999999998,1000,1000,False,10,3,50,5,1.3999971999999998,1.42494,1000,1,1,1,1,1,44W,2.9762405
0,Mild Steel,44W,0.2500,Mild Steel,7800.035629,80,0,False,False,Mild Steel,4000,1000,2000,1000,0,6.35,True,136.077711,True,1378.951456,True,1,0,0,1.3999971999999998,0.7111999999999999,4.7752,12.7,0,0,,,0,,True,False,False,False,False,False,True,300,True,3800,True,3,2,1.3999971999999998,273,0,0,32.512,350,True,3800,True,0,-2.862405226111747,0,0,-1.6038627711549265,-1,-1,False,False,0,0,1,300,5,1,0.075,1000,False,3000,1000,0,0,0,30,1.016,False,50,0,0,0,5,30,1.3999971999999998,0,7.62,5,1000,1000,5,1.3999971999999998,1000,1000,False,10,3,50,5,1.3999971999999998,1.905,1000,1,1,1,1,1,44W,2.9762405
0,Mild Steel,44W,0.3120,Mild Steel,7800.035629,80,0,False,False,Mild Steel,4000,1000,2000,1000,0,7.9248,True,136.077711,True,1378.951456,True,1,0,0,1.3999971999999998,0.508,6.35,12.7,0,0,,,0,,True,False,False,False,False,False,True,300,True,3800,True,8,4,1.3999971999999998,273,0,0,25.4,350,True,3800,True,0,-2.202598161765807,0,0,-1.2852666069383183,-1,-1,False,False,0,0,1,300,5,1,0.0936,1000,False,3000,1000,0,0,0,30,1.016,False,50,0,0,0,5,30,1.3999971999999998,0,9.50976,5,1000,1000,5,1.3999971999999998,1000,1000,False,10,3,50,5,1.3999971999999998,2.37744,1000,1,1,1,1,1,44W,2.9762405
0,Mild Steel,44W,0.3750,Mild Steel,7800.035629,80,0,False,False,Mild Steel,4000,1000,2000,1000,0,9.525,True,136.077711,True,1378.951456,True,1,0,0,1.3999971999999998,0.7619999999999999,4.7498,12.7,0,0,,,0,,True,False,False,False,False,False,True,300,True,3800,True,4,1,1.3999971999999998,273,0,0,20.32,350,True,3800,True,0,-1.9091524329963754,0,0,-1.0693970206331145,-1,-1,False,False,0,0,1,300,5,1,0.1125,1000,False,3000,1000,0,0,0,30,1.016,False,50,0,0,0,5,30,1.3999971999999998,0,11.43,5,1000,1000,5,1.3999971999999998,1000,1000,False,10,3,50,5,1.3999971999999998,2.8575,1000,1,1,1,1,1,44W,2.9762405
0,Mild Steel,44W,0.5000,Mild Steel,7800.035629,80,0,False,False,Mild Steel,4000,1000,2000,1000,0,12.7,True,136.077711,True,1378.951456,True,1,0,0,1.3999971999999998,0.7111999999999999,4.7752,12.7,0,0,,,0,,True,False,False,False,False,False,True,300,True,3800,True,15,7,1.3999971999999998,273,0,0,14.731999999999998,350,True,3800,True,0,-1.7183580016554585,0,0,-0.8593722436446815,-1,-1,False,False,0,0,1,300,5,1,0.15,1000,False,3000,1000,0,0,0,30,1.016,False,50,0,0,0,5,30,1.3999971999999998,0,15.24,5,1000,1000,5,1.3999971999999998,1000,1000,False,10,3,50,5,1.3999971999999998,3.81,1000,1,1,1,1,1,44W,2.9762405
0,Mild Steel,44W,0.6250,Mild Steel,7800.035629,80,0,False,False,Mild Steel,4000,1000,2000,1000,0,15.875,True,136.077711,True,1378.951456,True,1,0,0,1.3999971999999998,0.6858,4.7498,12.7,0,0,,,0,,True,False,False,False,False,False,True,300,True,3800,True,15,7,1.3999971999999998,273,0,0,11.43,350,True,3800,True,0,-1.6038627711549296,0,0,-0.8708287873026269,-1,-1,False,False,0,0,1,300,5,1,0.1875,1000,False,3000,1000,0,0,0,30,1.016,False,50,0,0,0,5,30,1.3999971999999998,0,19.05,5,1000,1000,5,1.3999971999999998,1000,1000,False,10,3,50,5,1.3999971999999998,4.7625,1000,1,1,1,1,1,44W,2.9762405
0,Mild Steel,44W,0.7500,Mild Steel,7800.035629,80,0,False,False,Mild Steel,4000,1000,2000,1000,0,19.05,True,136.077711,True,1378.951456,True,1,0,0,1.3999971999999998,0.7619999999999999,4.7498,12.7,0,0,,,0,,True,False,False,False,False,False,True,300,True,3800,True,10,5,1.3999971999999998,273,0,0,9.143999999999998,350,True,3800,True,0,-1.0312126698879533,0,0,-0.6111318044365194,-1,-1,False,False,0,0,1,300,5,1,0.225,1000,False,3000,1000,0,0,0,30,1.016,False,50,0,0,0,5,30,1.3999971999999998,0,22.86,5,1000,1000,5,1.3999971999999998,1000,1000,False,10,3,50,5,1.3999971999999998,5.715,1000,1,1,1,1,1,44W,2.9762405
0,Mild Steel,44W,0.8750,Mild Steel,7800.035629,80,0,False,False,Mild Steel,4000,1000,2000,1000,0,22.225,True,136.077711,True,1378.951456,True,1,0,0,1.3999971999999998,0,6.35,12.7,0,0,,,0,,True,False,False,False,False,False,True,300,True,3800,True,10,5,1.3999971999999998,273,0,0,7.619999999999999,350,True,3800,True,0,-0.8839218947283454,0,0,-0.5238325312609574,-1,-1,False,False,0,0,1,300,5,1,0.2625,1000,False,3000,1000,0,0,0,30,1.016,False,50,0,0,0,5,30,1.3999971999999998,0,26.67,5,1000,1000,5,1.3999971999999998,1000,1000,False,10,3,50,5,1.3999971999999998,6.6675,1000,1,1,1,1,1,44W,2.9762405
0,Mild Steel,44W,1.0000,Mild Steel,7800.035629,80,0,False,False,Mild Steel,4000,1000,2000,1000,0,25.4,True,136.077711,True,1378.951456,True,1,0,0,1.3999971999999998,0.8128,4.7498,12.7,0,0,,,0,,True,False,False,False,False,False,True,300,True,3800,True,30,10,1.3999971999999998,273,0,0,6.604,350,True,3800,True,0,-1.5179828891198932,0,0,-0.6015835773408369,-1,-1,False,False,0,0,1,300,5,1,0.3,1000,False,3000,1000,0,0,0,30,1.016,False,50,0,0,0,5,30,1.3999971999999998,0,30.48,5,1000,1000,5,1.3999971999999998,1000,1000,False,10,3,50,5,1.3999971999999998,7.62,1000,1,1,1,1,1,44W,2.9762405
0,Mild Steel,44W,1.1250,Mild Steel,7800.035629,80,0,False,False,Mild Steel,4000,1000,2000,1000,0,28.575,True,136.077711,True,1378.951456,True,1,0,0,1.3999971999999998,0.508,6.35,12.7,0,0,,,0,,True,False,False,False,False,False,True,300,True,3800,True,35,17,1.3999971999999998,273,0,0,5.08,350,True,3800,True,0,-1.1228535080486308,0,0,-0.6875163546391002,-1,-1,False,False,0,0,1,300,5,1,0.375,1000,False,3000,1000,0,0,0,30,1.016,False,50,0,0,0,5,30,1.3999971999999998,0,38.1,5,1000,1000,5,1.3999971999999998,1000,1000,False,10,3,50,5,1.3999971999999998,9.525,1000,1,1,1,1,1,44W,2.9762405
0,Mild Steel,44W,1.2500,Mild Steel,7800.035629,80,0,False,False,Mild Steel,4000,1000,2000,1000,0,31.75,True,136.077711,True,1378.951456,True,1,0,0,1.3999971999999998,0.7111999999999999,6.35,12.7,0,0,,,0,,True,False,False,False,False,False,True,300,True,3800,True,35,17,1.3999971999999998,273,0,0,5.08,350,True,3800,True,0,-1.1228535080486308,0,0,-0.6875163546391002,-1,-1,False,False,0,0,1,300,5,1,0.375,1000,False,3000,1000,0,0,0,30,1.016,False,50,0,0,0,5,30,1.3999971999999998,0,38.1,5,1000,1000,5,1.3999971999999998,1000,1000,False,10,3,50,5,1.3999971999999998,9.525,1000,1,1,1,1,1,44W,2.9762405
0,Mild Steel,44W,1.3750,Mild Steel,7800.035629,80,0,False,False,Mild Steel,4000,1000,2000,1000,0,34.925,True,136.077711,True,1378.951456,True,1,0,0,1.3999971999999998,0.7111999999999999,6.35,12.7,0,0,,,0,,True,False,False,False,False,False,True,300,True,3800,True,35,17,1.3999971999999998,273,0,0,5.08,350,True,3800,True,0,-1.1228535080486308,0,0,-0.6875163546391002,-1,-1,False,False,0,0,1,300,5,1,0.375,1000,False,3000,1000,0,0,0,30,1.016,False,50,0,0,0,5,30,1.3999971999999998,0,38.1,5,1000,1000,5,1.3999971999999998,1000,1000,False,10,3,50,5,1.3999971999999998,9.525,1000,1,1,1,1,1,44W,2.9762405
0,Mild Steel,44W,1.5000,Mild Steel,7800.035629,80,0,False,False,Mild Steel,4000,1000,2000,1000,0,38.1,True,136.077711,True,1378.951456,True,1,0,0,1.3999971999999998,0.6858,6.35,12.7,0,0,,,0,,True,False,False,False,False,False,True,300,True,3800,True,40,20,1.3999971999999998,273,0,0,4.064,350,True,3800,True,0,-0.5156480934199321,0,0,-0.3055745934585659,-1,-1,False,False,0,0,1,300,5,1,0.45,1000,False,3000,1000,0,0,0,30,1.016,False,50,0,0,0,5,30,1.3999971999999998,0,45.72,5,1000,1000,20,1.3999971999999998,1000,800,False,10,3,50,5,1.3999971999999998,11.43,1000,1,1,1,1,1,44W,2.9762405
0,Mild Steel,44W,1.6250,Mild Steel,7800.035629,80,0,False,False,Mild Steel,4000,1000,2000,1000,0,41.275,True,136.077711,True,1378.951456,True,1,0,0,1.3999971999999998,0.2,6.35,12.7,0,0,,,0,,True,False,False,False,False,False,True,300,True,3800,True,45,22,1.3999971999999998,273,0,0,3.556,350,True,3800,True,0,-0.4419872459420313,0,0,-0.26192173895527376,-1,-1,False,False,0,0,1,300,5,1,0.525,1000,False,3000,1000,0,0,0,30,1.016,False,50,0,0,0,5,30,1.3999971999999998,0,53.34,5,1000,1000,5,1.3999971999999998,1000,1000,False,10,3,50,5,1.3999971999999998,13.335,1000,1,1,1,1,1,44W,2.9762405
0,Mild Steel,44W,1.7500,Mild Steel,7800.035629,80,0,False,False,Mild Steel,4000,1000,2000,1000,0,44.45,True,136.077711,True,1378.951456,True,1,0,0,1.3999971999999998,0.2,6.35,12.7,0,0,,,0,,True,False,False,False,False,False,True,300,True,3800,True,45,22,1.3999971999999998,273,0,0,3.556,350,True,3800,True,0,-0.4419872459420313,0,0,-0.26192173895527376,-1,-1,False,False,0,0,1,300,5,1,0.525,1000,False,3000,1000,0,0,0,30,1.016,False,50,0,0,0,5,30,1.3999971999999998,0,53.34,5,1000,1000,5,1.3999971999999998,1000,1000,False,10,3,50,5,1.3999971999999998,13.335,1000,1,1,1,1,1,44W,2.9762405
0,Mild Steel,44W,1.8750,Mild Steel,7800.035629,80,0,False,False,Mild Steel,4000,1000,2000,1000,0,47.625,True,136.077711,True,1378.951456,True,1,0,0,1.3999971999999998,0.38099999999999995,6.35,12.7,0,0,,,0,,True,False,False,False,False,False,True,300,True,3800,True,50,25,1.3999971999999998,273,0,0,3.0479999999999996,350,True,3800,True,0,-0.38674063816122667,0,0,-0.2291818957541002,-1,-1,False,False,0,0,1,300,5,1,0.6,1000,False,3000,1000,0,0,0,30,1.016,False,50,0,0,0,5,30,1.3999971999999998,0,60.96,5,1000,1000,20,1.3999971999999998,1000,1000,False,10,3,50,5,1.3999971999999998,15.24,1000,1,1,1,1,1,44W,2.9762405
0,Mild Steel,44W,2.0000,Mild Steel,7800.035629,80,0,False,False,Mild Steel,4000,1000,2000,1000,0,50.8,True,136.077711,True,1378.951456,True,1,0,0,1.3999971999999998,0.7111999999999999,6.35,12.7,0,0,,,0,,True,False,False,False,False,False,True,300,True,3800,True,50,25,1.3999971999999998,273,0,0,3.0479999999999996,350,True,3800,True,0,-0.38674063816122667,0,0,-0.2291818957541002,-1,-1,False,False,0,0,1,300,5,1,0.6,1000,False,3000,1000,0,0,0,30,1.016,False,50,0,0,0,5,30,1.3999971999999998,0,60.96,5,1000,1000,20,1.3999971999999998,1000,1000,False,10,3,50,5,1.3999971999999998,15.24,1000,1,1,1,1,1,44W,2.9762405
0,Mild Steel,44W,2.2500,Mild Steel,7800.035629,80,0,False,False,Mild Steel,4000,1000,2000,1000,0,57.15,True,136.077711,True,1378.951456,True,1,0,0,1.3999971999999998,0.38099999999999995,6.35,12.7,0,0,,,0,,True,False,False,False,False,False,True,300,True,3800,True,50,25,1.3999971999999998,273,0,0,3.0479999999999996,350,True,3800,True,0,-0.38674063816122667,0,0,-0.2291818957541002,-1,-1,False,False,0,0,1,300,5,1,0.6,1000,False,3000,1000,0,0,0,30,1.016,False,50,0,0,0,5,30,1.3999971999999998,0,60.96,5,1000,1000,20,1.3999971999999998,1000,1000,False,10,3,50,5,1.3999971999999998,15.24,1000,1,1,1,1,1,44W,2.9762405
0,Mild Steel,44W,2.5000,Mild Steel,7800.035629,80,0,False,False,Mild Steel,4000,1000,2000,1000,0,63.5,True,136.077711,True,1378.951456,True,1,0,0,1.3999971999999998,0.7111999999999999,6.35,12.7,0,0,,,0,,True,False,False,False,False,False,True,300,True,3800,True,15,7,1.3999971999999998,273,0,0,14.731999999999998,350,True,3800,True,0,-1.6038627711549347,0,0,-0.9739344366011572,-1,-1,False,False,0,0,1,300,5,1,0.15,1000,False,3000,1000,0,0,0,30,1.016,False,50,0,0,0,5,30,1.3999971999999998,0,15.24,5,1000,1000,5,1.3999971999999998,1000,1000,False,10,3,50,5,1.3999971999999998,3.81,1000,1,1,1,1,1,44W,2.9762405
0,Mild Steel,44W,2.7500,Mild Steel,7800.035629,80,0,False,False,Mild Steel,4000,1000,2000,1000,0,69.85,True,136.077711,True,1378.951456,True,1,0,0,1.3999971999999998,0.45719999999999994,6.35,12.7,0,0,,,0,,True,False,False,False,False,False,True,300,True,3800,True,15,7,1.3999971999999998,273,0,0,14.731999999999998,350,True,3800,True,0,-1.6038627711549347,0,0,-0.9739344366011572,-1,-1,False,False,0,0,1,300,5,1,0.15,1000,False,3000,1000,0,0,0,30,1.016,False,50,0,0,0,5,30,1.3999971999999998,0,15.24,5,1000,1000,5,1.3999971999999998,1000,1000,False,10,3,50,5,1.3999971999999998,3.81,1000,1,1,1,1,1,44W,2.9762405
0,Mild Steel,44W,3.0000,Mild Steel,7800.035629,80,0,False,False,Mild Steel,4000,1000,2000,1000,0,76.19999999999999,True,136.077711,True,1378.951456,True,1,0,0,1.3999971999999998,0.2,6.35,12.7,0,0,,,0,,True,False,False,False,False,False,True,300,True,3800,True,50,25,1.3999971999999998,273,0,0,3.0479999999999996,350,True,3800,True,0,-0.38674063816122667,0,0,-0.2291818957541002,-1,-1,False,False,0,0,1,300,5,1,0.6,1000,False,3000,1000,0,0,0,30,1.016,False,50,0,0,0,5,30,1.3999971999999998,0,60.96,5,1000,1000,20,1.3999971999999998,1000,1000,False,10,3,50,5,1.3999971999999998,15.24,1000,1,1,1,1,1,44W,2.9762405
0,Mild Steel,44W,3.5000,Mild Steel,7800.035629,80,0,False,False,Mild Steel,4000,1000,2000,1000,0,88.89999999999999,True,136.077711,True,1378.951456,True,1,0,0,1.3999971999999998,0.2,6.35,12.7,0,0,,,0,,True,False,False,False,False,False,True,300,True,3800,True,50,25,1.3999971999999998,273,0,0,3.0479999999999996,350,True,3800,True,0,-0.38674063816122667,0,0,-0.2291818957541002,-1,-1,False,False,0,0,1,300,5,1,0.6,1000,False,3000,1000,0,0,0,30,1.016,False,50,0,0,0,5,30,1.3999971999999998,0,60.96,5,1000,1000,20,1.3999971999999998,1000,1000,False,10,3,50,5,1.3999971999999998,15.24,1000,1,1,1,1,1,44W,2.9762405
0,Mild Steel,44W,4.0000,Mild Steel,7800.035629,80,0,False,False,Mild Steel,4000,1000,2000,1000,0,101.6,True,136.077711,True,1378.951456,True,1,0,0,1.3999971999999998,0.2,6.35,12.7,0,0,,,0,,True,False,False,False,False,False,True,300,True,3800,True,50,25,1.3999971999999998,273,0,0,3.0479999999999996,350,True,3800,True,0,-0.38674063816122667,0,0,-0.2291818957541002,-1,-1,False,False,0,0,1,300,5,1,0.6,1000,False,3000,1000,0,0,0,30,1.016,False,50,0,0,0,5,30,1.3999971999999998,0,60.96,5,1000,1000,20,1.3999971999999998,1000,1000,False,10,3,50,5,1.3999971999999998,15.24,1000,1,1,1,1,1,44W,2.9762405
0,Mild Steel,44W,5.0000,Mild Steel,7800.035629,80,0,False,False,Mild Steel,4000,1000,2000,1000,0,127,True,136.077711,True,1378.951456,True,1,0,0,1.3999971999999998,0.2,6.35,12.7,0,0,,,0,,True,False,False,False,False,False,True,300,True,3800,True,50,25,1.3999971999999998,273,0,0,3.0479999999999996,350,True,3800,True,0,-0.38674063816122667,0,0,-0.2291818957541002,-1,-1,False,False,0,0,1,300,5,1,0.6,1000,False,3000,1000,0,0,0,30,1.016,False,50,0,0,0,5,30,1.3999971999999998,0,60.96,5,1000,1000,20,1.3999971999999998,1000,1000,False,10,3,50,5,1.3999971999999998,15.24,1000,1,1,1,1,1,44W,2.9762405
0,Mild Steel,44W,6.0000,Mild Steel,7800.035629,80,0,False,False,Mild Steel,4000,1000,2000,1000,0,152.39999999999998,True,136.077711,True,1378.951456,True,1,0,0,1.3999971999999998,0.2,6.35,12.7,0,0,,,0,,True,False,False,False,False,False,True,300,True,3800,True,50,25,1.3999971999999998,273,0,0,3.0479999999999996,350,True,3800,True,0,-0.38674063816122667,0,0,-0.2291818957541002,-1,-1,False,False,0,0,1,300,5,1,0.6,1000,False,3000,1000,0,0,0,30,1.016,False,50,0,0,0,5,30,1.3999971999999998,0,60.96,5,1000,1000,20,1.3999971999999998,1000,1000,False,10,3,50,5,1.3999971999999998,15.24,1000,1,1,1,1,1,44W,2.9762405
0,Mild Steel,44W,8.0000,Mild Steel,7800.035629,80,0,False,False,Mild Steel,4000,1000,2000,1000,0,203.2,True,136.077711,True,1378.951456,True,1,0,0,1.3999971999999998,0.2,6.35,12.7,0,0,,,0,,True,False,False,False,False,False,True,300,True,3800,True,50,25,1.3999971999999998,273,0,0,3.0479999999999996,350,True,3800,True,0,-0.38674063816122667,0,0,-0.2291818957541002,-1,-1,False,False,0,0,1,300,5,1,0.6,1000,False,3000,1000,0,0,0,30,1.016,False,50,0,0,0,5,30,1.3999971999999998,0,60.96,5,1000,1000,20,1.3999971999999998,1000,1000,False,10,3,50,5,1.3999971999999998,15.24,1000,1,1,1,1,1,44W,2.9762405
0,Mild Steel,50W,0.0150,Mild Steel,7800.035629,80,0,False,False,Mild Steel,4000,1000,2000,1000,0,0.38099999999999995,True,136.077711,True,1378.951456,True,1,0,0,1.3999971999999998,0.254,3.8099999999999996,12.7,0,0,,,0,,True,False,False,False,False,False,True,300,True,3800,True,4,2,1.3999971999999998,273,0,0,45.466,350,True,3800,True,0,-4.129162870403211,0,0,-2.449662620127041,-1,-1,False,False,0,0,1,300,5,1,0.0561,1000,False,3000,1000,0,0,0,30,1.016,False,50,0,0,0,5,30,1.3999971999999998,0,5.69976,5,1000,1000,5,1.3999971999999998,1000,1000,False,10,3,50,5,1.3999971999999998,1.42494,1000,1,1,1,1,1,50W,2.9762405
0,Mild Steel,50W,0.0360,Mild Steel,7800.035629,80,0,False,False,Mild Steel,4000,1000,2000,1000,0,0.9143999999999999,True,136.077711,True,1378.951456,True,1,0,0,1.3999971999999998,0.254,3.8099999999999996,12.7,0,0,,,0,,True,False,False,False,False,False,True,300,True,3800,True,4,2,1.3999971999999998,273,0,0,45.466,350,True,3800,True,0,-4.129162870403211,0,0,-2.449662620127041,-1,-1,False,False,0,0,1,300,5,1,0.0561,1000,False,3000,1000,0,0,0,30,1.016,False,50,0,0,0,5,30,1.3999971999999998,0,5.69976,5,1000,1000,5,1.3999971999999998,1000,1000,False,10,3,50,5,1.3999971999999998,1.42494,1000,1,1,1,1,1,50W,2.9762405
0,Mild Steel,50W,0.0390,Mild Steel,7800.035629,80,0,False,False,Mild Steel,4000,1000,2000,1000,0,0.9905999999999999,True,136.077711,True,1378.951456,True,1,0,0,1.3999971999999998,0.254,3.8099999999999996,12.7,0,0,,,0,,True,False,False,False,False,False,True,300,True,3800,True,4,2,1.3999971999999998,273,0,0,45.466,350,True,3800,True,0,-4.129162870403211,0,0,-2.449662620127041,-1,-1,False,False,0,0,1,300,5,1,0.0561,1000,False,3000,1000,0,0,0,30,1.016,False,50,0,0,0,5,30,1.3999971999999998,0,5.69976,5,1000,1000,5,1.3999971999999998,1000,1000,False,10,3,50,5,1.3999971999999998,1.42494,1000,1,1,1,1,1,50W,2.9762405
0,Mild Steel,50W,0.0480,Mild Steel,7800.035629,80,0,False,False,Mild Steel,4000,1000,2000,1000,0,1.2192,True,136.077711,True,1378.951456,True,1,0,0,1.27,0.7111999999999999,4.7752,12.7,0,0,,,0,,True,False,False,False,False,False,True,300,True,3800,True,4,2,1.27,273,0,0,45.466,350,True,3800,True,0,-4.129162870403211,0,0,-2.449662620127041,-1,-1,False,False,0,0,1,300,5,1,0.0561,1000,False,3000,1000,0,0,0,30,1.016,False,50,0,0,0,5,30,1.3999971999999998,0,5.69976,5,1000,1000,5,1.3999971999999998,1000,1000,False,10,3,50,5,1.3999971999999998,1.42494,1000,1,1,1,1,1,50W,2.9762405
0,Mild Steel,50W,0.0600,Mild Steel,7800.035629,80,0,False,False,Mild Steel,4000,1000,2000,1000,0,1.5239999999999998,True,136.077711,True,1378.951456,True,1,0,0,1.3999971999999998,0.7111999999999999,3.8099999999999996,12.7,0,0,,,0,,True,False,False,False,False,False,True,300,True,3800,True,4,2,1.3999971999999998,273,0,0,45.466,350,True,3800,True,0,-4.129162870403211,0,0,-2.449662620127041,-1,-1,False,False,0,0,1,300,5,1,0.0561,1000,False,3000,1000,0,0,0,30,1.016,False,50,0,0,0,5,30,1.3999971999999998,0,5.69976,5,1000,1000,5,1.3999971999999998,1000,1000,False,10,3,50,5,1.3999971999999998,1.42494,1000,1,1,1,1,1,50W,2.9762405
0,Mild Steel,50W,0.0630,Mild Steel,7800.035629,80,0,False,False,Mild Steel,4000,1000,2000,1000,0,1.6002,True,136.077711,True,1378.951456,True,1,0,0,1.3999971999999998,0.7111999999999999,6.35,12.7,0,0,,,0,,True,False,False,False,False,False,True,300,True,3800,True,2,1,1.3999971999999998,273,0,0,157.48,350,True,3800,True,0,-5.44033203100551,0,0,-4.085616779974878,-1,-1,False,False,0,0,1,300,5,1,0.0189,1000,False,3000,1000,0,0,0,30,1.016,False,50,0,0,0,5,30,1.3999971999999998,0,1.92024,5,1000,1000,5,1.3999971999999998,1000,1000,False,10,3,50,5,1.3999971999999998,0.48006,1000,1,1,1,1,1,50W,2.9762405
0,Mild Steel,50W,0.0750,Mild Steel,7800.035629,80,0,False,False,Mild Steel,4000,1000,2000,1000,0,1.9049999999999998,True,136.077711,True,1378.951456,True,1,0,0,1.3999971999999998,0.635,3.8099999999999996,12.7,0,0,,,0,,True,False,False,False,False,False,True,300,True,3800,True,4,2,1.3999971999999998,273,0,0,45.466,350,True,3800,True,0,0,0,0,-1,-1,-1,False,False,0,0,1,300,5,1,0.0561,1000,False,3000,1000,0,0,0,30,1.016,False,50,0,0,0,5,30,1.3999971999999998,0,5.69976,5,1000,1000,5,1.3999971999999998,1000,1000,False,10,3,50,5,1.3999971999999998,1.42494,1000,1,1,1,1,1,50W,2.9762405
0,Mild Steel,50W,0.1090,Mild Steel,7800.035629,80,0,False,False,Mild Steel,4000,1000,2000,1000,0,2.7685999999999997,True,136.077711,True,1378.951456,True,1,0,0,1.3999971999999998,0.7111999999999999,3.8099999999999996,12.7,0,0,,,0,,True,False,False,False,False,False,True,300,True,3800,True,4,2,1.3999971999999998,273,0,0,45.466,350,True,3800,True,0,-4.129162870403211,0,0,-2.449662620127041,-1,-1,False,False,0,0,1,300,5,1,0.0561,1000,False,3000,1000,0,0,0,30,1.016,False,50,0,0,0,5,30,1.3999971999999998,0,5.69976,5,1000,1000,5,1.3999971999999998,1000,1000,False,10,3,50,5,1.3999971999999998,1.42494,1000,1,1,1,1,1,50W,2.9762405
0,Mild Steel,50W,0.1200,Mild Steel,7800.035629,80,0,False,False,Mild Steel,4000,1000,2000,1000,0,3.0479999999999996,True,136.077711,True,1378.951456,True,1,0,0,1.3999971999999998,0.635,3.8099999999999996,12.7,0,0,,,0,,True,False,False,False,False,False,True,300,True,3800,True,4,2,1.3999971999999998,273,0,0,45.466,350,True,3800,True,0,-4.129162870403211,0,0,-2.449662620127041,-1,-1,False,False,0,0,1,300,5,1,0.0561,1000,False,3000,1000,0,0,0,30,1.016,False,50,0,0,0,5,30,1.3999971999999998,0,5.69976,5,1000,1000,5,1.3999971999999998,1000,1000,False,10,3,50,5,1.3999971999999998,1.42494,1000,1,1,1,1,1,50W,2.9762405
0,Mild Steel,50W,0.1250,Mild Steel,7800.035629,80,0,False,False,Mild Steel,4000,1000,2000,1000,0,3.175,True,136.077711,True,1378.951456,True,1,0,0,1.3999971999999998,0.7111999999999999,4.7498,12.7,0,0,,,0,,True,False,False,False,False,False,True,300,True,3800,True,6,3,1.3999971999999998,273,0,0,71.11999999999999,350,True,3800,True,0,-5.710593137499642,0,0,-3.6619355755198,-1,-1,False,False,0,0,1,300,5,1,0.042,1000,False,3000,1000,0,0,0,30,1.016,False,50,0,0,0,5,30,1.3999971999999998,0,4.2672,5,1000,1000,5,1.3999971999999998,1000,1000,False,10,3,50,5,1.3999971999999998,1.0668,1000,1,1,1,1,1,50W,2.9762405
0,Mild Steel,50W,0.1350,Mild Steel,7800.035629,80,0,False,False,Mild Steel,4000,1000,2000,1000,0,3.429,True,136.077711,True,1378.951456,True,1,0,0,1.3999971999999998,0.508,2.54,12.7,0,0,,,0,,True,False,False,False,False,False,True,300,True,3800,True,6,3,1.3999971999999998,273,0,0,71.11999999999999,350,True,3800,True,0,-5.710593137499642,0,0,-3.6619355755198,-1,-1,False,False,0,0,1,300,5,1,0.042,1000,False,3000,1000,0,0,0,30,1.016,False,50,0,0,0,5,30,1.3999971999999998,0,4.2672,5,1000,1000,5,1.3999971999999998,1000,1000,False,10,3,50,5,1.3999971999999998,1.0668,1000,1,1,1,1,1,50W,2.9762405
0,Mild Steel,50W,0.1500,Mild Steel,7800.035629,80,0,False,False,Mild Steel,4000,1000,2000,1000,0,3.8099999999999996,True,136.077711,True,1378.951456,True,1,0,0,1.3999971999999998,0.2,2.54,12.7,0,0,,,0,,True,False,False,False,False,False,True,300,True,3800,True,6,3,1.3999971999999998,273,0,0,71.11999999999999,350,True,3800,True,0,-5.710593137499642,0,0,-3.6619355755198,-1,-1,False,False,0,0,1,300,5,1,0.042,1000,False,3000,1000,0,0,0,30,1.016,False,50,0,0,0,5,30,1.3999971999999998,0,4.2672,5,1000,1000,5,1.3999971999999998,1000,1000,False,10,3,50,5,1.3999971999999998,1.0668,1000,1,1,1,1,1,50W,2.9762405
0,Mild Steel,50W,0.1870,Mild Steel,7800.035629,80,0,False,False,Mild Steel,4000,1000,2000,1000,0,4.7498,True,136.077711,True,1378.951456,True,1,0,0,1.3999971999999998,0.6858,4.7498,12.7,0,0,,,0,,True,False,False,False,False,False,True,300,True,3800,True,4,2,1.3999971999999998,273,0,0,45.466,350,True,3800,True,0,-3.2137680868787575,0,0,-1.6846843178962854,-1,-1,False,False,0,0,1,300,5,1,0.0561,1000,False,3000,1000,0,0,0,30,1.016,False,50,0,0,0,5,30,1.3999971999999998,0,5.69976,5,1000,1000,5,1.3999971999999998,1000,1000,False,10,3,50,5,1.3999971999999998,1.42494,1000,1,1,1,1,1,50W,2.9762405
0,Mild Steel,50W,0.2500,Mild Steel,7800.035629,80,0,False,False,Mild Steel,4000,1000,2000,1000,0,6.35,True,136.077711,True,1378.951456,True,1,0,0,1.3999971999999998,0.7111999999999999,4.7752,12.7,0,0,,,0,,True,False,False,False,False,False,True,300,True,3800,True,3,2,1.3999971999999998,273,0,0,32.512,350,True,3800,True,0,-2.862405226111747,0,0,-1.6038627711549265,-1,-1,False,False,0,0,1,300,5,1,0.075,1000,False,3000,1000,0,0,0,30,1.016,False,50,0,0,0,5,30,1.3999971999999998,0,7.62,5,1000,1000,5,1.3999971999999998,1000,1000,False,10,3,50,5,1.3999971999999998,1.905,1000,1,1,1,1,1,50W,2.9762405
0,Mild Steel,50W,0.3120,Mild Steel,7800.035629,80,0,False,False,Mild Steel,4000,1000,2000,1000,0,7.9248,True,136.077711,True,1378.951456,True,1,0,0,1.3999971999999998,0.508,6.35,12.7,0,0,,,0,,True,False,False,False,False,False,True,300,True,3800,True,8,4,1.3999971999999998,273,0,0,25.4,350,True,3800,True,0,-2.202598161765807,0,0,-1.2852666069383183,-1,-1,False,False,0,0,1,300,5,1,0.0936,1000,False,3000,1000,0,0,0,30,1.016,False,50,0,0,0,5,30,1.3999971999999998,0,9.50976,5,1000,1000,5,1.3999971999999998,1000,1000,False,10,3,50,5,1.3999971999999998,2.37744,1000,1,1,1,1,1,50W,2.9762405
0,Mild Steel,50W,0.3750,Mild Steel,7800.035629,80,0,False,False,Mild Steel,4000,1000,2000,1000,0,9.525,True,136.077711,True,1378.951456,True,1,0,0,1.3999971999999998,0.7619999999999999,4.7498,12.7,0,0,,,0,,True,False,False,False,False,False,True,300,True,3800,True,4,1,1.3999971999999998,273,0,0,20.32,350,True,3800,True,0,-1.9091524329963754,0,0,-1.0693970206331145,-1,-1,False,False,0,0,1,300,5,1,0.1125,1000,False,3000,1000,0,0,0,30,1.016,False,50,0,0,0,5,30,1.3999971999999998,0,11.43,5,1000,1000,5,1.3999971999999998,1000,1000,False,10,3,50,5,1.3999971999999998,2.8575,1000,1,1,1,1,1,50W,2.9762405
0,Mild Steel,50W,0.5000,Mild Steel,7800.035629,80,0,False,False,Mild Steel,4000,1000,2000,1000,0,12.7,True,136.077711,True,1378.951456,True,1,0,0,1.3999971999999998,0.7111999999999999,4.7752,12.7,0,0,,,0,,True,False,False,False,False,False,True,300,True,3800,True,15,7,1.3999971999999998,273,0,0,14.731999999999998,350,True,3800,True,0,-1.7183580016554585,0,0,-0.8593722436446815,-1,-1,False,False,0,0,1,300,5,1,0.15,1000,False,3000,1000,0,0,0,30,1.016,False,50,0,0,0,5,30,1.3999971999999998,0,15.24,5,1000,1000,5,1.3999971999999998,1000,1000,False,10,3,50,5,1.3999971999999998,3.81,1000,1,1,1,1,1,50W,2.9762405
0,Mild Steel,50W,0.6250,Mild Steel,7800.035629,80,0,False,False,Mild Steel,4000,1000,2000,1000,0,15.875,True,136.077711,True,1378.951456,True,1,0,0,1.3999971999999998,0.6858,4.7498,12.7,0,0,,,0,,True,False,False,False,False,False,True,300,True,3800,True,15,7,1.3999971999999998,273,0,0,11.43,350,True,3800,True,0,-1.6038627711549296,0,0,-0.8708287873026269,-1,-1,False,False,0,0,1,300,5,1,0.1875,1000,False,3000,1000,0,0,0,30,1.016,False,50,0,0,0,5,30,1.3999971999999998,0,19.05,5,1000,1000,5,1.3999971999999998,1000,1000,False,10,3,50,5,1.3999971999999998,4.7625,1000,1,1,1,1,1,50W,2.9762405
0,Mild Steel,50W,0.7500,Mild Steel,7800.035629,80,0,False,False,Mild Steel,4000,1000,2000,1000,0,19.05,True,136.077711,True,1378.951456,True,1,0,0,1.3999971999999998,0.7619999999999999,4.7498,12.7,0,0,,,0,,True,False,False,False,False,False,True,300,True,3800,True,10,5,1.3999971999999998,273,0,0,9.143999999999998,350,True,3800,True,0,-1.0312126698879533,0,0,-0.6111318044365194,-1,-1,False,False,0,0,1,300,5,1,0.225,1000,False,3000,1000,0,0,0,30,1.016,False,50,0,0,0,5,30,1.3999971999999998,0,22.86,5,1000,1000,5,1.3999971999999998,1000,1000,False,10,3,50,5,1.3999971999999998,5.715,1000,1,1,1,1,1,50W,2.9762405
0,Mild Steel,50W,0.8750,Mild Steel,7800.035629,80,0,False,False,Mild Steel,4000,1000,2000,1000,0,22.225,True,136.077711,True,1378.951456,True,1,0,0,1.3999971999999998,0,6.35,12.7,0,0,,,0,,True,False,False,False,False,False,True,300,True,3800,True,10,5,1.3999971999999998,273,0,0,7.619999999999999,350,True,3800,True,0,-0.8839218947283454,0,0,-0.5238325312609574,-1,-1,False,False,0,0,1,300,5,1,0.2625,1000,False,3000,1000,0,0,0,30,1.016,False,50,0,0,0,5,30,1.3999971999999998,0,26.67,5,1000,1000,5,1.3999971999999998,1000,1000,False,10,3,50,5,1.3999971999999998,6.6675,1000,1,1,1,1,1,50W,2.9762405
0,Mild Steel,50W,1.0000,Mild Steel,7800.035629,80,0,False,False,Mild Steel,4000,1000,2000,1000,0,25.4,True,136.077711,True,1378.951456,True,1,0,0,1.3999971999999998,0.8128,4.7498,12.7,0,0,,,0,,True,False,False,False,False,False,True,300,True,3800,True,30,10,1.3999971999999998,273,0,0,6.604,350,True,3800,True,0,-1.5179828891198932,0,0,-0.6015835773408369,-1,-1,False,False,0,0,1,300,5,1,0.3,1000,False,3000,1000,0,0,0,30,1.016,False,50,0,0,0,5,30,1.3999971999999998,0,30.48,5,1000,1000,5,1.3999971999999998,1000,1000,False,10,3,50,5,1.3999971999999998,7.62,1000,1,1,1,1,1,50W,2.9762405
0,Mild Steel,50W,1.1250,Mild Steel,7800.035629,80,0,False,False,Mild Steel,4000,1000,2000,1000,0,28.575,True,136.077711,True,1378.951456,True,1,0,0,1.3999971999999998,0.508,6.35,12.7,0,0,,,0,,True,False,False,False,False,False,True,300,True,3800,True,35,17,1.3999971999999998,273,0,0,5.08,350,True,3800,True,0,-1.1228535080486308,0,0,-0.6875163546391002,-1,-1,False,False,0,0,1,300,5,1,0.375,1000,False,3000,1000,0,0,0,30,1.016,False,50,0,0,0,5,30,1.3999971999999998,0,38.1,5,1000,1000,5,1.3999971999999998,1000,1000,False,10,3,50,5,1.3999971999999998,9.525,1000,1,1,1,1,1,50W,2.9762405
0,Mild Steel,50W,1.2500,Mild Steel,7800.035629,80,0,False,False,Mild Steel,4000,1000,2000,1000,0,31.75,True,136.077711,True,1378.951456,True,1,0,0,1.3999971999999998,0.7111999999999999,6.35,12.7,0,0,,,0,,True,False,False,False,False,False,True,300,True,3800,True,35,17,1.3999971999999998,273,0,0,5.08,350,True,3800,True,0,-1.1228535080486308,0,0,-0.6875163546391002,-1,-1,False,False,0,0,1,300,5,1,0.375,1000,False,3000,1000,0,0,0,30,1.016,False,50,0,0,0,5,30,1.3999971999999998,0,38.1,5,1000,1000,5,1.3999971999999998,1000,1000,False,10,3,50,5,1.3999971999999998,9.525,1000,1,1,1,1,1,50W,2.9762405
0,Mild Steel,50W,1.3750,Mild Steel,7800.035629,80,0,False,False,Mild Steel,4000,1000,2000,1000,0,34.925,True,136.077711,True,1378.951456,True,1,0,0,1.3999971999999998,0.7111999999999999,6.35,12.7,0,0,,,0,,True,False,False,False,False,False,True,300,True,3800,True,35,17,1.3999971999999998,273,0,0,5.08,350,True,3800,True,0,-1.1228535080486308,0,0,-0.6875163546391002,-1,-1,False,False,0,0,1,300,5,1,0.375,1000,False,3000,1000,0,0,0,30,1.016,False,50,0,0,0,5,30,1.3999971999999998,0,38.1,5,1000,1000,5,1.3999971999999998,1000,1000,False,10,3,50,5,1.3999971999999998,9.525,1000,1,1,1,1,1,50W,2.9762405
0,Mild Steel,50W,1.5000,Mild Steel,7800.035629,80,0,False,False,Mild Steel,4000,1000,2000,1000,0,38.1,True,136.077711,True,1378.951456,True,1,0,0,1.3999971999999998,0.6858,6.35,12.7,0,0,,,0,,True,False,False,False,False,False,True,300,True,3800,True,40,20,1.3999971999999998,273,0,0,4.064,350,True,3800,True,0,-0.5156480934199321,0,0,-0.3055745934585659,-1,-1,False,False,0,0,1,300,5,1,0.45,1000,False,3000,1000,0,0,0,30,1.016,False,50,0,0,0,5,30,1.3999971999999998,0,45.72,5,1000,1000,20,1.3999971999999998,1000,800,False,10,3,50,5,1.3999971999999998,11.43,1000,1,1,1,1,1,50W,2.9762405
0,Mild Steel,50W,1.6250,Mild Steel,7800.035629,80,0,False,False,Mild Steel,4000,1000,2000,1000,0,41.275,True,136.077711,True,1378.951456,True,1,0,0,1.3999971999999998,0.2,6.35,12.7,0,0,,,0,,True,False,False,False,False,False,True,300,True,3800,True,45,22,1.3999971999999998,273,0,0,3.556,350,True,3800,True,0,-0.4419872459420313,0,0,-0.26192173895527376,-1,-1,False,False,0,0,1,300,5,1,0.525,1000,False,3000,1000,0,0,0,30,1.016,False,50,0,0,0,5,30,1.3999971999999998,0,53.34,5,1000,1000,5,1.3999971999999998,1000,1000,False,10,3,50,5,1.3999971999999998,13.335,1000,1,1,1,1,1,50W,2.9762405
0,Mild Steel,50W,1.7500,Mild Steel,7800.035629,80,0,False,False,Mild Steel,4000,1000,2000,1000,0,44.45,True,136.077711,True,1378.951456,True,1,0,0,1.3999971999999998,0.2,6.35,12.7,0,0,,,0,,True,False,False,False,False,False,True,300,True,3800,True,45,22,1.3999971999999998,273,0,0,3.556,350,True,3800,True,0,-0.4419872459420313,0,0,-0.26192173895527376,-1,-1,False,False,0,0,1,300,5,1,0.525,1000,False,3000,1000,0,0,0,30,1.016,False,50,0,0,0,5,30,1.3999971999999998,0,53.34,5,1000,1000,5,1.3999971999999998,1000,1000,False,10,3,50,5,1.3999971999999998,13.335,1000,1,1,1,1,1,50W,2.9762405
0,Mild Steel,50W,1.8750,Mild Steel,7800.035629,80,0,False,False,Mild Steel,4000,1000,2000,1000,0,47.625,True,136.077711,True,1378.951456,True,1,0,0,1.3999971999999998,0.38099999999999995,6.35,12.7,0,0,,,0,,True,False,False,False,False,False,True,300,True,3800,True,50,25,1.3999971999999998,273,0,0,3.0479999999999996,350,True,3800,True,0,-0.38674063816122667,0,0,-0.2291818957541002,-1,-1,False,False,0,0,1,300,5,1,0.6,1000,False,3000,1000,0,0,0,30,1.016,False,50,0,0,0,5,30,1.3999971999999998,0,60.96,5,1000,1000,20,1.3999971999999998,1000,1000,False,10,3,50,5,1.3999971999999998,15.24,1000,1,1,1,1,1,50W,2.9762405
0,Mild Steel,50W,2.0000,Mild Steel,7800.035629,80,0,False,False,Mild Steel,4000,1000,2000,1000,0,50.8,True,136.077711,True,1378.951456,True,1,0,0,1.3999971999999998,0.7111999999999999,6.35,12.7,0,0,,,0,,True,False,False,False,False,False,True,300,True,3800,True,50,25,1.3999971999999998,273,0,0,3.0479999999999996,350,True,3800,True,0,-0.38674063816122667,0,0,-0.2291818957541002,-1,-1,False,False,0,0,1,300,5,1,0.6,1000,False,3000,1000,0,0,0,30,1.016,False,50,0,0,0,5,30,1.3999971999999998,0,60.96,5,1000,1000,20,1.3999971999999998,1000,1000,False,10,3,50,5,1.3999971999999998,15.24,1000,1,1,1,1,1,50W,2.9762405
0,Mild Steel,50W,2.2500,Mild Steel,7800.035629,80,0,False,False,Mild Steel,4000,1000,2000,1000,0,57.15,True,136.077711,True,1378.951456,True,1,0,0,1.3999971999999998,0.38099999999999995,6.35,12.7,0,0,,,0,,True,False,False,False,False,False,True,300,True,3800,True,50,25,1.3999971999999998,273,0,0,3.0479999999999996,350,True,3800,True,0,-0.38674063816122667,0,0,-0.2291818957541002,-1,-1,False,False,0,0,1,300,5,1,0.6,1000,False,3000,1000,0,0,0,30,1.016,False,50,0,0,0,5,30,1.3999971999999998,0,60.96,5,1000,1000,20,1.3999971999999998,1000,1000,False,10,3,50,5,1.3999971999999998,15.24,1000,1,1,1,1,1,50W,2.9762405
0,Mild Steel,50W,2.5000,Mild Steel,7800.035629,80,0,False,False,Mild Steel,4000,1000,2000,1000,0,63.5,True,136.077711,True,1378.951456,True,1,0,0,1.3999971999999998,0.7111999999999999,6.35,12.7,0,0,,,0,,True,False,False,False,False,False,True,300,True,3800,True,15,7,1.3999971999999998,273,0,0,14.731999999999998,350,True,3800,True,0,-1.6038627711549347,0,0,-0.9739344366011572,-1,-1,False,False,0,0,1,300,5,1,0.15,1000,False,3000,1000,0,0,0,30,1.016,False,50,0,0,0,5,30,1.3999971999999998,0,15.24,5,1000,1000,5,1.3999971999999998,1000,1000,False,10,3,50,5,1.3999971999999998,3.81,1000,1,1,1,1,1,50W,2.9762405
0,Mild Steel,50W,2.7500,Mild Steel,7800.035629,80,0,False,False,Mild Steel,4000,1000,2000,1000,0,69.85,True,136.077711,True,1378.951456,True,1,0,0,1.3999971999999998,0.45719999999999994,6.35,12.7,0,0,,,0,,True,False,False,False,False,False,True,300,True,3800,True,15,7,1.3999971999999998,273,0,0,14.731999999999998,350,True,3800,True,0,-1.6038627711549347,0,0,-0.9739344366011572,-1,-1,False,False,0,0,1,300,5,1,0.15,1000,False,3000,1000,0,0,0,30,1.016,False,50,0,0,0,5,30,1.3999971999999998,0,15.24,5,1000,1000,5,1.3999971999999998,1000,1000,False,10,3,50,5,1.3999971999999998,3.81,1000,1,1,1,1,1,50W,2.9762405
0,Mild Steel,50W,3.0000,Mild Steel,7800.035629,80,0,False,False,Mild Steel,4000,1000,2000,1000,0,76.19999999999999,True,136.077711,True,1378.951456,True,1,0,0,1.3999971999999998,0.2,6.35,12.7,0,0,,,0,,True,False,False,False,False,False,True,300,True,3800,True,50,25,1.3999971999999998,273,0,0,3.0479999999999996,350,True,3800,True,0,-0.38674063816122667,0,0,-0.2291818957541002,-1,-1,False,False,0,0,1,300,5,1,0.6,1000,False,3000,1000,0,0,0,30,1.016,False,50,0,0,0,5,30,1.3999971999999998,0,60.96,5,1000,1000,20,1.3999971999999998,1000,1000,False,10,3,50,5,1.3999971999999998,15.24,1000,1,1,1,1,1,50W,2.9762405
0,Mild Steel,50W,3.5000,Mild Steel,7800.035629,80,0,False,False,Mild Steel,4000,1000,2000,1000,0,88.89999999999999,True,136.077711,True,1378.951456,True,1,0,0,1.3999971999999998,0.2,6.35,12.7,0,0,,,0,,True,False,False,False,False,False,True,300,True,3800,True,50,25,1.3999971999999998,273,0,0,3.0479999999999996,350,True,3800,True,0,-0.38674063816122667,0,0,-0.2291818957541002,-1,-1,False,False,0,0,1,300,5,1,0.6,1000,False,3000,1000,0,0,0,30,1.016,False,50,0,0,0,5,30,1.3999971999999998,0,60.96,5,1000,1000,20,1.3999971999999998,1000,1000,False,10,3,50,5,1.3999971999999998,15.24,1000,1,1,1,1,1,50W,2.9762405
0,Mild Steel,50W,4.0000,Mild Steel,7800.035629,80,0,False,False,Mild Steel,4000,1000,2000,1000,0,101.6,True,136.077711,True,1378.951456,True,1,0,0,1.3999971999999998,0.2,6.35,12.7,0,0,,,0,,True,False,False,False,False,False,True,300,True,3800,True,50,25,1.3999971999999998,273,0,0,3.0479999999999996,350,True,3800,True,0,-0.38674063816122667,0,0,-0.2291818957541002,-1,-1,False,False,0,0,1,300,5,1,0.6,1000,False,3000,1000,0,0,0,30,1.016,False,50,0,0,0,5,30,1.3999971999999998,0,60.96,5,1000,1000,20,1.3999971999999998,1000,1000,False,10,3,50,5,1.3999971999999998,15.24,1000,1,1,1,1,1,50W,2.9762405
0,Mild Steel,50W,5.0000,Mild Steel,7800.035629,80,0,False,False,Mild Steel,4000,1000,2000,1000,0,127,True,136.077711,True,1378.951456,True,1,0,0,1.3999971999999998,0.2,6.35,12.7,0,0,,,0,,True,False,False,False,False,False,True,300,True,3800,True,50,25,1.3999971999999998,273,0,0,3.0479999999999996,350,True,3800,True,0,-0.38674063816122667,0,0,-0.2291818957541002,-1,-1,False,False,0,0,1,300,5,1,0.6,1000,False,3000,1000,0,0,0,30,1.016,False,50,0,0,0,5,30,1.3999971999999998,0,60.96,5,1000,1000,20,1.3999971999999998,1000,1000,False,10,3,50,5,1.3999971999999998,15.24,1000,1,1,1,1,1,50W,2.9762405
0,Mild Steel,50W,6.0000,Mild Steel,7800.035629,80,0,False,False,Mild Steel,4000,1000,2000,1000,0,152.39999999999998,True,136.077711,True,1378.951456,True,1,0,0,1.3999971999999998,0.2,6.35,12.7,0,0,,,0,,True,False,False,False,False,False,True,300,True,3800,True,50,25,1.3999971999999998,273,0,0,3.0479999999999996,350,True,3800,True,0,-0.38674063816122667,0,0,-0.2291818957541002,-1,-1,False,False,0,0,1,300,5,1,0.6,1000,False,3000,1000,0,0,0,30,1.016,False,50,0,0,0,5,30,1.3999971999999998,0,60.96,5,1000,1000,20,1.3999971999999998,1000,1000,False,10,3,50,5,1.3999971999999998,15.24,1000,1,1,1,1,1,50W,2.9762405
0,Mild Steel,50W,8.0000,Mild Steel,7800.035629,80,0,False,False,Mild Steel,4000,1000,2000,1000,0,203.2,True,136.077711,True,1378.951456,True,1,0,0,1.3999971999999998,0.2,6.35,12.7,0,0,,,0,,True,False,False,False,False,False,True,300,True,3800,True,50,25,1.3999971999999998,273,0,0,3.0479999999999996,350,True,3800,True,0,-0.38674063816122667,0,0,-0.2291818957541002,-1,-1,False,False,0,0,1,300,5,1,0.6,1000,False,3000,1000,0,0,0,30,1.016,False,50,0,0,0,5,30,1.3999971999999998,0,60.96,5,1000,1000,20,1.3999971999999998,1000,1000,False,10,3,50,5,1.3999971999999998,15.24,1000,1,1,1,1,1,50W,2.9762405
0,Mild Steel,A1008,0.0150,Mild Steel,7800.035629,80,0,False,False,Mild Steel,4000,1000,2000,1000,0,0.38099999999999995,True,136.077711,True,1378.951456,True,1,0,0,1.3999971999999998,0.254,3.8099999999999996,12.7,0,0,,,0,,True,False,False,False,False,False,True,300,True,3800,True,4,2,1.3999971999999998,273,0,0,45.466,350,True,3800,True,0,-4.129162870403211,0,0,-2.449662620127041,-1,-1,False,False,0,0,1,300,5,1,0.0561,1000,False,3000,1000,0,0,0,30,1.016,False,50,0,0,0,5,30,1.3999971999999998,0,5.69976,5,1000,1000,5,1.3999971999999998,1000,1000,False,10,3,50,5,1.3999971999999998,1.42494,1000,1,1,1,1,1,A1008,2.9762405
0,Mild Steel,A1008,0.0360,Mild Steel,7800.035629,80,0,False,False,Mild Steel,4000,1000,2000,1000,0,0.9143999999999999,True,136.077711,True,1378.951456,True,1,0,0,1.3999971999999998,0.254,3.8099999999999996,12.7,0,0,,,0,,True,False,False,False,False,False,True,300,True,3800,True,4,2,1.3999971999999998,273,0,0,45.466,350,True,3800,True,0,-4.129162870403211,0,0,-2.449662620127041,-1,-1,False,False,0,0,1,300,5,1,0.0561,1000,False,3000,1000,0,0,0,30,1.016,False,50,0,0,0,5,30,1.3999971999999998,0,5.69976,5,1000,1000,5,1.3999971999999998,1000,1000,False,10,3,50,5,1.3999971999999998,1.42494,1000,1,1,1,1,1,A1008,2.9762405
0,Mild Steel,A1008,0.0390,Mild Steel,7800.035629,80,0,False,False,Mild Steel,4000,1000,2000,1000,0,0.9905999999999999,True,136.077711,True,1378.951456,True,1,0,0,1.3999971999999998,0.254,3.8099999999999996,12.7,0,0,,,0,,True,False,False,False,False,False,True,300,True,3800,True,4,2,1.3999971999999998,273,0,0,45.466,350,True,3800,True,0,-4.129162870403211,0,0,-2.449662620127041,-1,-1,False,False,0,0,1,300,5,1,0.0561,1000,False,3000,1000,0,0,0,30,1.016,False,50,0,0,0,5,30,1.3999971999999998,0,5.69976,5,1000,1000,5,1.3999971999999998,1000,1000,False,10,3,50,5,1.3999971999999998,1.42494,1000,1,1,1,1,1,A1008,2.9762405
0,Mild Steel,A1008,0.0480,Mild Steel,7800.035629,80,0,False,False,Mild Steel,4000,1000,2000,1000,0,1.2192,True,136.077711,True,1378.951456,True,1,0,0,1.27,0.7111999999999999,4.7752,12.7,0,0,,,0,,True,False,False,False,False,False,True,300,True,3800,True,4,2,1.27,273,0,0,45.466,350,True,3800,True,0,-4.129162870403211,0,0,-2.449662620127041,-1,-1,False,False,0,0,1,300,5,1,0.0561,1000,False,3000,1000,0,0,0,30,1.016,False,50,0,0,0,5,30,1.3999971999999998,0,5.69976,5,1000,1000,5,1.3999971999999998,1000,1000,False,10,3,50,5,1.3999971999999998,1.42494,1000,1,1,1,1,1,A1008,2.9762405
0,Mild Steel,A1008,0.0600,Mild Steel,7800.035629,80,0,False,False,Mild Steel,4000,1000,2000,1000,0,1.5239999999999998,True,136.077711,True,1378.951456,True,1,0,0,1.3999971999999998,0.7111999999999999,3.8099999999999996,12.7,0,0,,,0,,True,False,False,False,False,False,True,300,True,3800,True,4,2,1.3999971999999998,273,0,0,45.466,350,True,3800,True,0,-4.129162870403211,0,0,-2.449662620127041,-1,-1,False,False,0,0,1,300,5,1,0.0561,1000,False,3000,1000,0,0,0,30,1.016,False,50,0,0,0,5,30,1.3999971999999998,0,5.69976,5,1000,1000,5,1.3999971999999998,1000,1000,False,10,3,50,5,1.3999971999999998,1.42494,1000,1,1,1,1,1,A1008,2.9762405
0,Mild Steel,A1008,0.0630,Mild Steel,7800.035629,80,0,False,False,Mild Steel,4000,1000,2000,1000,0,1.6002,True,136.077711,True,1378.951456,True,1,0,0,1.3999971999999998,0.7111999999999999,6.35,12.7,0,0,,,0,,True,False,False,False,False,False,True,300,True,3800,True,2,1,1.3999971999999998,273,0,0,157.48,350,True,3800,True,0,-5.44033203100551,0,0,-4.085616779974878,-1,-1,False,False,0,0,1,300,5,1,0.0189,1000,False,3000,1000,0,0,0,30,1.016,False,50,0,0,0,5,30,1.3999971999999998,0,1.92024,5,1000,1000,5,1.3999971999999998,1000,1000,False,10,3,50,5,1.3999971999999998,0.48006,1000,1,1,1,1,1,A1008,2.9762405
0,Mild Steel,A1008,0.0750,Mild Steel,7800.035629,80,0,False,False,Mild Steel,4000,1000,2000,1000,0,1.9049999999999998,True,136.077711,True,1378.951456,True,1,0,0,1.3999971999999998,0.635,3.8099999999999996,12.7,0,0,,,0,,True,False,False,False,False,False,True,300,True,3800,True,4,2,1.3999971999999998,273,0,0,45.466,350,True,3800,True,0,0,0,0,-1,-1,-1,False,False,0,0,1,300,5,1,0.0561,1000,False,3000,1000,0,0,0,30,1.016,False,50,0,0,0,5,30,1.3999971999999998,0,5.69976,5,1000,1000,5,1.3999971999999998,1000,1000,False,10,3,50,5,1.3999971999999998,1.42494,1000,1,1,1,1,1,A1008,2.9762405
0,Mild Steel,A1008,0.1090,Mild Steel,7800.035629,80,0,False,False,Mild Steel,4000,1000,2000,1000,0,2.7685999999999997,True,136.077711,True,1378.951456,True,1,0,0,1.3999971999999998,0.7111999999999999,3.8099999999999996,12.7,0,0,,,0,,True,False,False,False,False,False,True,300,True,3800,True,4,2,1.3999971999999998,273,0,0,45.466,350,True,3800,True,0,-4.129162870403211,0,0,-2.449662620127041,-1,-1,False,False,0,0,1,300,5,1,0.0561,1000,False,3000,1000,0,0,0,30,1.016,False,50,0,0,0,5,30,1.3999971999999998,0,5.69976,5,1000,1000,5,1.3999971999999998,1000,1000,False,10,3,50,5,1.3999971999999998,1.42494,1000,1,1,1,1,1,A1008,2.9762405
0,Mild Steel,A1008,0.1200,Mild Steel,7800.035629,80,0,False,False,Mild Steel,4000,1000,2000,1000,0,3.0479999999999996,True,136.077711,True,1378.951456,True,1,0,0,1.3999971999999998,0.635,3.8099999999999996,12.7,0,0,,,0,,True,False,False,False,False,False,True,300,True,3800,True,4,2,1.3999971999999998,273,0,0,45.466,350,True,3800,True,0,-4.129162870403211,0,0,-2.449662620127041,-1,-1,False,False,0,0,1,300,5,1,0.0561,1000,False,3000,1000,0,0,0,30,1.016,False,50,0,0,0,5,30,1.3999971999999998,0,5.69976,5,1000,1000,5,1.3999971999999998,1000,1000,False,10,3,50,5,1.3999971999999998,1.42494,1000,1,1,1,1,1,A1008,2.9762405
0,Mild Steel,A1008,0.1250,Mild Steel,7800.035629,80,0,False,False,Mild Steel,4000,1000,2000,1000,0,3.175,True,136.077711,True,1378.951456,True,1,0,0,1.3999971999999998,0.7111999999999999,4.7498,12.7,0,0,,,0,,True,False,False,False,False,False,True,300,True,3800,True,6,3,1.3999971999999998,273,0,0,71.11999999999999,350,True,3800,True,0,-5.710593137499642,0,0,-3.6619355755198,-1,-1,False,False,0,0,1,300,5,1,0.042,1000,False,3000,1000,0,0,0,30,1.016,False,50,0,0,0,5,30,1.3999971999999998,0,4.2672,5,1000,1000,5,1.3999971999999998,1000,1000,False,10,3,50,5,1.3999971999999998,1.0668,1000,1,1,1,1,1,A1008,2.9762405
0,Mild Steel,A1008,0.1350,Mild Steel,7800.035629,80,0,False,False,Mild Steel,4000,1000,2000,1000,0,3.429,True,136.077711,True,1378.951456,True,1,0,0,1.3999971999999998,0.508,2.54,12.7,0,0,,,0,,True,False,False,False,False,False,True,300,True,3800,True,6,3,1.3999971999999998,273,0,0,71.11999999999999,350,True,3800,True,0,-5.710593137499642,0,0,-3.6619355755198,-1,-1,False,False,0,0,1,300,5,1,0.042,1000,False,3000,1000,0,0,0,30,1.016,False,50,0,0,0,5,30,1.3999971999999998,0,4.2672,5,1000,1000,5,1.3999971999999998,1000,1000,False,10,3,50,5,1.3999971999999998,1.0668,1000,1,1,1,1,1,A1008,2.9762405
0,Mild Steel,A1008,0.1500,Mild Steel,7800.035629,80,0,False,False,Mild Steel,4000,1000,2000,1000,0,3.8099999999999996,True,136.077711,True,1378.951456,True,1,0,0,1.3999971999999998,0.2,2.54,12.7,0,0,,,0,,True,False,False,False,False,False,True,300,True,3800,True,6,3,1.3999971999999998,273,0,0,71.11999999999999,350,True,3800,True,0,-5.710593137499642,0,0,-3.6619355755198,-1,-1,False,False,0,0,1,300,5,1,0.042,1000,False,3000,1000,0,0,0,30,1.016,False,50,0,0,0,5,30,1.3999971999999998,0,4.2672,5,1000,1000,5,1.3999971999999998,1000,1000,False,10,3,50,5,1.3999971999999998,1.0668,1000,1,1,1,1,1,A1008,2.9762405
0,Mild Steel,A1008,0.1870,Mild Steel,7800.035629,80,0,False,False,Mild Steel,4000,1000,2000,1000,0,4.7498,True,136.077711,True,1378.951456,True,1,0,0,1.3999971999999998,0.6858,4.7498,12.7,0,0,,,0,,True,False,False,False,False,False,True,300,True,3800,True,4,2,1.3999971999999998,273,0,0,45.466,350,True,3800,True,0,-3.2137680868787575,0,0,-1.6846843178962854,-1,-1,False,False,0,0,1,300,5,1,0.0561,1000,False,3000,1000,0,0,0,30,1.016,False,50,0,0,0,5,30,1.3999971999999998,0,5.69976,5,1000,1000,5,1.3999971999999998,1000,1000,False,10,3,50,5,1.3999971999999998,1.42494,1000,1,1,1,1,1,A1008,2.9762405
0,Mild Steel,A1008,0.2500,Mild Steel,7800.035629,80,0,False,False,Mild Steel,4000,1000,2000,1000,0,6.35,True,136.077711,True,1378.951456,True,1,0,0,1.3999971999999998,0.7111999999999999,4.7752,12.7,0,0,,,0,,True,False,False,False,False,False,True,300,True,3800,True,3,2,1.3999971999999998,273,0,0,32.512,350,True,3800,True,0,-2.862405226111747,0,0,-1.6038627711549265,-1,-1,False,False,0,0,1,300,5,1,0.075,1000,False,3000,1000,0,0,0,30,1.016,False,50,0,0,0,5,30,1.3999971999999998,0,7.62,5,1000,1000,5,1.3999971999999998,1000,1000,False,10,3,50,5,1.3999971999999998,1.905,1000,1,1,1,1,1,A1008,2.9762405
0,Mild Steel,A1008,0.3120,Mild Steel,7800.035629,80,0,False,False,Mild Steel,4000,1000,2000,1000,0,7.9248,True,136.077711,True,1378.951456,True,1,0,0,1.3999971999999998,0.508,6.35,12.7,0,0,,,0,,True,False,False,False,False,False,True,300,True,3800,True,8,4,1.3999971999999998,273,0,0,25.4,350,True,3800,True,0,-2.202598161765807,0,0,-1.2852666069383183,-1,-1,False,False,0,0,1,300,5,1,0.0936,1000,False,3000,1000,0,0,0,30,1.016,False,50,0,0,0,5,30,1.3999971999999998,0,9.50976,5,1000,1000,5,1.3999971999999998,1000,1000,False,10,3,50,5,1.3999971999999998,2.37744,1000,1,1,1,1,1,A1008,2.9762405
0,Mild Steel,A1008,0.3750,Mild Steel,7800.035629,80,0,False,False,Mild Steel,4000,1000,2000,1000,0,9.525,True,136.077711,True,1378.951456,True,1,0,0,1.3999971999999998,0.7619999999999999,4.7498,12.7,0,0,,,0,,True,False,False,False,False,False,True,300,True,3800,True,4,1,1.3999971999999998,273,0,0,20.32,350,True,3800,True,0,-1.9091524329963754,0,0,-1.0693970206331145,-1,-1,False,False,0,0,1,300,5,1,0.1125,1000,False,3000,1000,0,0,0,30,1.016,False,50,0,0,0,5,30,1.3999971999999998,0,11.43,5,1000,1000,5,1.3999971999999998,1000,1000,False,10,3,50,5,1.3999971999999998,2.8575,1000,1,1,1,1,1,A1008,2.9762405
0,Mild Steel,A1008,0.5000,Mild Steel,7800.035629,80,0,False,False,Mild Steel,4000,1000,2000,1000,0,12.7,True,136.077711,True,1378.951456,True,1,0,0,1.3999971999999998,0.7111999999999999,4.7752,12.7,0,0,,,0,,True,False,False,False,False,False,True,300,True,3800,True,15,7,1.3999971999999998,273,0,0,14.731999999999998,350,True,3800,True,0,-1.7183580016554585,0,0,-0.8593722436446815,-1,-1,False,False,0,0,1,300,5,1,0.15,1000,False,3000,1000,0,0,0,30,1.016,False,50,0,0,0,5,30,1.3999971999999998,0,15.24,5,1000,1000,5,1.3999971999999998,1000,1000,False,10,3,50,5,1.3999971999999998,3.81,1000,1,1,1,1,1,A1008,2.9762405
0,Mild Steel,A1008,0.6250,Mild Steel,7800.035629,80,0,False,False,Mild Steel,4000,1000,2000,1000,0,15.875,True,136.077711,True,1378.951456,True,1,0,0,1.3999971999999998,0.6858,4.7498,12.7,0,0,,,0,,True,False,False,False,False,False,True,300,True,3800,True,15,7,1.3999971999999998,273,0,0,11.43,350,True,3800,True,0,-1.6038627711549296,0,0,-0.8708287873026269,-1,-1,False,False,0,0,1,300,5,1,0.1875,1000,False,3000,1000,0,0,0,30,1.016,False,50,0,0,0,5,30,1.3999971999999998,0,19.05,5,1000,1000,5,1.3999971999999998,1000,1000,False,10,3,50,5,1.3999971999999998,4.7625,1000,1,1,1,1,1,A1008,2.9762405
0,Mild Steel,A1008,0.7500,Mild Steel,7800.035629,80,0,False,False,Mild Steel,4000,1000,2000,1000,0,19.05,True,136.077711,True,1378.951456,True,1,0,0,1.3999971999999998,0.7619999999999999,4.7498,12.7,0,0,,,0,,True,False,False,False,False,False,True,300,True,3800,True,10,5,1.3999971999999998,273,0,0,9.143999999999998,350,True,3800,True,0,-1.0312126698879533,0,0,-0.6111318044365194,-1,-1,False,False,0,0,1,300,5,1,0.225,1000,False,3000,1000,0,0,0,30,1.016,False,50,0,0,0,5,30,1.3999971999999998,0,22.86,5,1000,1000,5,1.3999971999999998,1000,1000,False,10,3,50,5,1.3999971999999998,5.715,1000,1,1,1,1,1,A1008,2.9762405
0,Mild Steel,A1008,0.8750,Mild Steel,7800.035629,80,0,False,False,Mild Steel,4000,1000,2000,1000,0,22.225,True,136.077711,True,1378.951456,True,1,0,0,1.3999971999999998,0,6.35,12.7,0,0,,,0,,True,False,False,False,False,False,True,300,True,3800,True,10,5,1.3999971999999998,273,0,0,7.619999999999999,350,True,3800,True,0,-0.8839218947283454,0,0,-0.5238325312609574,-1,-1,False,False,0,0,1,300,5,1,0.2625,1000,False,3000,1000,0,0,0,30,1.016,False,50,0,0,0,5,30,1.3999971999999998,0,26.67,5,1000,1000,5,1.3999971999999998,1000,1000,False,10,3,50,5,1.3999971999999998,6.6675,1000,1,1,1,1,1,A1008,2.9762405
0,Mild Steel,A1008,1.0000,Mild Steel,7800.035629,80,0,False,False,Mild Steel,4000,1000,2000,1000,0,25.4,True,136.077711,True,1378.951456,True,1,0,0,1.3999971999999998,0.8128,4.7498,12.7,0,0,,,0,,True,False,False,False,False,False,True,300,True,3800,True,30,10,1.3999971999999998,273,0,0,6.604,350,True,3800,True,0,-1.5179828891198932,0,0,-0.6015835773408369,-1,-1,False,False,0,0,1,300,5,1,0.3,1000,False,3000,1000,0,0,0,30,1.016,False,50,0,0,0,5,30,1.3999971999999998,0,30.48,5,1000,1000,5,1.3999971999999998,1000,1000,False,10,3,50,5,1.3999971999999998,7.62,1000,1,1,1,1,1,A1008,2.9762405
0,Mild Steel,A1008,1.1250,Mild Steel,7800.035629,80,0,False,False,Mild Steel,4000,1000,2000,1000,0,28.575,True,136.077711,True,1378.951456,True,1,0,0,1.3999971999999998,0.508,6.35,12.7,0,0,,,0,,True,False,False,False,False,False,True,300,True,3800,True,35,17,1.3999971999999998,273,0,0,5.08,350,True,3800,True,0,-1.1228535080486308,0,0,-0.6875163546391002,-1,-1,False,False,0,0,1,300,5,1,0.375,1000,False,3000,1000,0,0,0,30,1.016,False,50,0,0,0,5,30,1.3999971999999998,0,38.1,5,1000,1000,5,1.3999971999999998,1000,1000,False,10,3,50,5,1.3999971999999998,9.525,1000,1,1,1,1,1,A1008,2.9762405
0,Mild Steel,A1008,1.2500,Mild Steel,7800.035629,80,0,False,False,Mild Steel,4000,1000,2000,1000,0,31.75,True,136.077711,True,1378.951456,True,1,0,0,1.3999971999999998,0.7111999999999999,6.35,12.7,0,0,,,0,,True,False,False,False,False,False,True,300,True,3800,True,35,17,1.3999971999999998,273,0,0,5.08,350,True,3800,True,0,-1.1228535080486308,0,0,-0.6875163546391002,-1,-1,False,False,0,0,1,300,5,1,0.375,1000,False,3000,1000,0,0,0,30,1.016,False,50,0,0,0,5,30,1.3999971999999998,0,38.1,5,1000,1000,5,1.3999971999999998,1000,1000,False,10,3,50,5,1.3999971999999998,9.525,1000,1,1,1,1,1,A1008,2.9762405
0,Mild Steel,A1008,1.3750,Mild Steel,7800.035629,80,0,False,False,Mild Steel,4000,1000,2000,1000,0,34.925,True,136.077711,True,1378.951456,True,1,0,0,1.3999971999999998,0.7111999999999999,6.35,12.7,0,0,,,0,,True,False,False,False,False,False,True,300,True,3800,True,35,17,1.3999971999999998,273,0,0,5.08,350,True,3800,True,0,-1.1228535080486308,0,0,-0.6875163546391002,-1,-1,False,False,0,0,1,300,5,1,0.375,1000,False,3000,1000,0,0,0,30,1.016,False,50,0,0,0,5,30,1.3999971999999998,0,38.1,5,1000,1000,5,1.3999971999999998,1000,1000,False,10,3,50,5,1.3999971999999998,9.525,1000,1,1,1,1,1,A1008,2.9762405
0,Mild Steel,A1008,1.5000,Mild Steel,7800.035629,80,0,False,False,Mild Steel,4000,1000,2000,1000,0,38.1,True,136.077711,True,1378.951456,True,1,0,0,1.3999971999999998,0.6858,6.35,12.7,0,0,,,0,,True,False,False,False,False,False,True,300,True,3800,True,40,20,1.3999971999999998,273,0,0,4.064,350,True,3800,True,0,-0.5156480934199321,0,0,-0.3055745934585659,-1,-1,False,False,0,0,1,300,5,1,0.45,1000,False,3000,1000,0,0,0,30,1.016,False,50,0,0,0,5,30,1.3999971999999998,0,45.72,5,1000,1000,20,1.3999971999999998,1000,800,False,10,3,50,5,1.3999971999999998,11.43,1000,1,1,1,1,1,A1008,2.9762405
0,Mild Steel,A1008,1.6250,Mild Steel,7800.035629,80,0,False,False,Mild Steel,4000,1000,2000,1000,0,41.275,True,136.077711,True,1378.951456,True,1,0,0,1.3999971999999998,0.2,6.35,12.7,0,0,,,0,,True,False,False,False,False,False,True,300,True,3800,True,45,22,1.3999971999999998,273,0,0,3.556,350,True,3800,True,0,-0.4419872459420313,0,0,-0.26192173895527376,-1,-1,False,False,0,0,1,300,5,1,0.525,1000,False,3000,1000,0,0,0,30,1.016,False,50,0,0,0,5,30,1.3999971999999998,0,53.34,5,1000,1000,5,1.3999971999999998,1000,1000,False,10,3,50,5,1.3999971999999998,13.335,1000,1,1,1,1,1,A1008,2.9762405
0,Mild Steel,A1008,1.7500,Mild Steel,7800.035629,80,0,False,False,Mild Steel,4000,1000,2000,1000,0,44.45,True,136.077711,True,1378.951456,True,1,0,0,1.3999971999999998,0.2,6.35,12.7,0,0,,,0,,True,False,False,False,False,False,True,300,True,3800,True,45,22,1.3999971999999998,273,0,0,3.556,350,True,3800,True,0,-0.4419872459420313,0,0,-0.26192173895527376,-1,-1,False,False,0,0,1,300,5,1,0.525,1000,False,3000,1000,0,0,0,30,1.016,False,50,0,0,0,5,30,1.3999971999999998,0,53.34,5,1000,1000,5,1.3999971999999998,1000,1000,False,10,3,50,5,1.3999971999999998,13.335,1000,1,1,1,1,1,A1008,2.9762405
0,Mild Steel,A1008,1.8750,Mild Steel,7800.035629,80,0,False,False,Mild Steel,4000,1000,2000,1000,0,47.625,True,136.077711,True,1378.951456,True,1,0,0,1.3999971999999998,0.38099999999999995,6.35,12.7,0,0,,,0,,True,False,False,False,False,False,True,300,True,3800,True,50,25,1.3999971999999998,273,0,0,3.0479999999999996,350,True,3800,True,0,-0.38674063816122667,0,0,-0.2291818957541002,-1,-1,False,False,0,0,1,300,5,1,0.6,1000,False,3000,1000,0,0,0,30,1.016,False,50,0,0,0,5,30,1.3999971999999998,0,60.96,5,1000,1000,20,1.3999971999999998,1000,1000,False,10,3,50,5,1.3999971999999998,15.24,1000,1,1,1,1,1,A1008,2.9762405
0,Mild Steel,A1008,2.0000,Mild Steel,7800.035629,80,0,False,False,Mild Steel,4000,1000,2000,1000,0,50.8,True,136.077711,True,1378.951456,True,1,0,0,1.3999971999999998,0.7111999999999999,6.35,12.7,0,0,,,0,,True,False,False,False,False,False,True,300,True,3800,True,50,25,1.3999971999999998,273,0,0,3.0479999999999996,350,True,3800,True,0,-0.38674063816122667,0,0,-0.2291818957541002,-1,-1,False,False,0,0,1,300,5,1,0.6,1000,False,3000,1000,0,0,0,30,1.016,False,50,0,0,0,5,30,1.3999971999999998,0,60.96,5,1000,1000,20,1.3999971999999998,1000,1000,False,10,3,50,5,1.3999971999999998,15.24,1000,1,1,1,1,1,A1008,2.9762405
0,Mild Steel,A1008,2.2500,Mild Steel,7800.035629,80,0,False,False,Mild Steel,4000,1000,2000,1000,0,57.15,True,136.077711,True,1378.951456,True,1,0,0,1.3999971999999998,0.38099999999999995,6.35,12.7,0,0,,,0,,True,False,False,False,False,False,True,300,True,3800,True,50,25,1.3999971999999998,273,0,0,3.0479999999999996,350,True,3800,True,0,-0.38674063816122667,0,0,-0.2291818957541002,-1,-1,False,False,0,0,1,300,5,1,0.6,1000,False,3000,1000,0,0,0,30,1.016,False,50,0,0,0,5,30,1.3999971999999998,0,60.96,5,1000,1000,20,1.3999971999999998,1000,1000,False,10,3,50,5,1.3999971999999998,15.24,1000,1,1,1,1,1,A1008,2.9762405
0,Mild Steel,A1008,2.5000,Mild Steel,7800.035629,80,0,False,False,Mild Steel,4000,1000,2000,1000,0,63.5,True,136.077711,True,1378.951456,True,1,0,0,1.3999971999999998,0.7111999999999999,6.35,12.7,0,0,,,0,,True,False,False,False,False,False,True,300,True,3800,True,15,7,1.3999971999999998,273,0,0,14.731999999999998,350,True,3800,True,0,-1.6038627711549347,0,0,-0.9739344366011572,-1,-1,False,False,0,0,1,300,5,1,0.15,1000,False,3000,1000,0,0,0,30,1.016,False,50,0,0,0,5,30,1.3999971999999998,0,15.24,5,1000,1000,5,1.3999971999999998,1000,1000,False,10,3,50,5,1.3999971999999998,3.81,1000,1,1,1,1,1,A1008,2.9762405
0,Mild Steel,A1008,2.7500,Mild Steel,7800.035629,80,0,False,False,Mild Steel,4000,1000,2000,1000,0,69.85,True,136.077711,True,1378.951456,True,1,0,0,1.3999971999999998,0.45719999999999994,6.35,12.7,0,0,,,0,,True,False,False,False,False,False,True,300,True,3800,True,15,7,1.3999971999999998,273,0,0,14.731999999999998,350,True,3800,True,0,-1.6038627711549347,0,0,-0.9739344366011572,-1,-1,False,False,0,0,1,300,5,1,0.15,1000,False,3000,1000,0,0,0,30,1.016,False,50,0,0,0,5,30,1.3999971999999998,0,15.24,5,1000,1000,5,1.3999971999999998,1000,1000,False,10,3,50,5,1.3999971999999998,3.81,1000,1,1,1,1,1,A1008,2.9762405
0,Mild Steel,A1008,3.0000,Mild Steel,7800.035629,80,0,False,False,Mild Steel,4000,1000,2000,1000,0,76.19999999999999,True,136.077711,True,1378.951456,True,1,0,0,1.3999971999999998,0.2,6.35,12.7,0,0,,,0,,True,False,False,False,False,False,True,300,True,3800,True,50,25,1.3999971999999998,273,0,0,3.0479999999999996,350,True,3800,True,0,-0.38674063816122667,0,0,-0.2291818957541002,-1,-1,False,False,0,0,1,300,5,1,0.6,1000,False,3000,1000,0,0,0,30,1.016,False,50,0,0,0,5,30,1.3999971999999998,0,60.96,5,1000,1000,20,1.3999971999999998,1000,1000,False,10,3,50,5,1.3999971999999998,15.24,1000,1,1,1,1,1,A1008,2.9762405
0,Mild Steel,A1008,3.5000,Mild Steel,7800.035629,80,0,False,False,Mild Steel,4000,1000,2000,1000,0,88.89999999999999,True,136.077711,True,1378.951456,True,1,0,0,1.3999971999999998,0.2,6.35,12.7,0,0,,,0,,True,False,False,False,False,False,True,300,True,3800,True,50,25,1.3999971999999998,273,0,0,3.0479999999999996,350,True,3800,True,0,-0.38674063816122667,0,0,-0.2291818957541002,-1,-1,False,False,0,0,1,300,5,1,0.6,1000,False,3000,1000,0,0,0,30,1.016,False,50,0,0,0,5,30,1.3999971999999998,0,60.96,5,1000,1000,20,1.3999971999999998,1000,1000,False,10,3,50,5,1.3999971999999998,15.24,1000,1,1,1,1,1,A1008,2.9762405
0,Mild Steel,A1008,4.0000,Mild Steel,7800.035629,80,0,False,False,Mild Steel,4000,1000,2000,1000,0,101.6,True,136.077711,True,1378.951456,True,1,0,0,1.3999971999999998,0.2,6.35,12.7,0,0,,,0,,True,False,False,False,False,False,True,300,True,3800,True,50,25,1.3999971999999998,273,0,0,3.0479999999999996,350,True,3800,True,0,-0.38674063816122667,0,0,-0.2291818957541002,-1,-1,False,False,0,0,1,300,5,1,0.6,1000,False,3000,1000,0,0,0,30,1.016,False,50,0,0,0,5,30,1.3999971999999998,0,60.96,5,1000,1000,20,1.3999971999999998,1000,1000,False,10,3,50,5,1.3999971999999998,15.24,1000,1,1,1,1,1,A1008,2.9762405
0,Mild Steel,A1008,5.0000,Mild Steel,7800.035629,80,0,False,False,Mild Steel,4000,1000,2000,1000,0,127,True,136.077711,True,1378.951456,True,1,0,0,1.3999971999999998,0.2,6.35,12.7,0,0,,,0,,True,False,False,False,False,False,True,300,True,3800,True,50,25,1.3999971999999998,273,0,0,3.0479999999999996,350,True,3800,True,0,-0.38674063816122667,0,0,-0.2291818957541002,-1,-1,False,False,0,0,1,300,5,1,0.6,1000,False,3000,1000,0,0,0,30,1.016,False,50,0,0,0,5,30,1.3999971999999998,0,60.96,5,1000,1000,20,1.3999971999999998,1000,1000,False,10,3,50,5,1.3999971999999998,15.24,1000,1,1,1,1,1,A1008,2.9762405
0,Mild Steel,A1008,6.0000,Mild Steel,7800.035629,80,0,False,False,Mild Steel,4000,1000,2000,1000,0,152.39999999999998,True,136.077711,True,1378.951456,True,1,0,0,1.3999971999999998,0.2,6.35,12.7,0,0,,,0,,True,False,False,False,False,False,True,300,True,3800,True,50,25,1.3999971999999998,273,0,0,3.0479999999999996,350,True,3800,True,0,-0.38674063816122667,0,0,-0.2291818957541002,-1,-1,False,False,0,0,1,300,5,1,0.6,1000,False,3000,1000,0,0,0,30,1.016,False,50,0,0,0,5,30,1.3999971999999998,0,60.96,5,1000,1000,20,1.3999971999999998,1000,1000,False,10,3,50,5,1.3999971999999998,15.24,1000,1,1,1,1,1,A1008,2.9762405
0,Mild Steel,A1008,8.0000,Mild Steel,7800.035629,80,0,False,False,Mild Steel,4000,1000,2000,1000,0,203.2,True,136.077711,True,1378.951456,True,1,0,0,1.3999971999999998,0.2,6.35,12.7,0,0,,,0,,True,False,False,False,False,False,True,300,True,3800,True,50,25,1.3999971999999998,273,0,0,3.0479999999999996,350,True,3800,True,0,-0.38674063816122667,0,0,-0.2291818957541002,-1,-1,False,False,0,0,1,300,5,1,0.6,1000,False,3000,1000,0,0,0,30,1.016,False,50,0,0,0,5,30,1.3999971999999998,0,60.96,5,1000,1000,20,1.3999971999999998,1000,1000,False,10,3,50,5,1.3999971999999998,15.24,1000,1,1,1,1,1,A1008,2.9762405
0,Mild Steel,A516 GR70,0.0150,Mild Steel,7800.035629,80,0,False,False,Mild Steel,4000,1000,2000,1000,0,0.38099999999999995,True,136.077711,True,1378.951456,True,1,0,0,1.3999971999999998,0.254,3.8099999999999996,12.7,0,0,,,0,,True,False,False,False,False,False,True,300,True,3800,True,4,2,1.3999971999999998,273,0,0,45.466,350,True,3800,True,0,-4.129162870403211,0,0,-2.449662620127041,-1,-1,False,False,0,0,1,300,5,1,0.0561,1000,False,3000,1000,0,0,0,30,1.016,False,50,0,0,0,5,30,1.3999971999999998,0,5.69976,5,1000,1000,5,1.3999971999999998,1000,1000,False,10,3,50,5,1.3999971999999998,1.42494,1000,1,1,1,1,1,A516 GR70,2.9762405
0,Mild Steel,A516 GR70,0.0360,Mild Steel,7800.035629,80,0,False,False,Mild Steel,4000,1000,2000,1000,0,0.9143999999999999,True,136.077711,True,1378.951456,True,1,0,0,1.3999971999999998,0.254,3.8099999999999996,12.7,0,0,,,0,,True,False,False,False,False,False,True,300,True,3800,True,4,2,1.3999971999999998,273,0,0,45.466,350,True,3800,True,0,-4.129162870403211,0,0,-2.449662620127041,-1,-1,False,False,0,0,1,300,5,1,0.0561,1000,False,3000,1000,0,0,0,30,1.016,False,50,0,0,0,5,30,1.3999971999999998,0,5.69976,5,1000,1000,5,1.3999971999999998,1000,1000,False,10,3,50,5,1.3999971999999998,1.42494,1000,1,1,1,1,1,A516 GR70,2.9762405
0,Mild Steel,A516 GR70,0.0390,Mild Steel,7800.035629,80,0,False,False,Mild Steel,4000,1000,2000,1000,0,0.9905999999999999,True,136.077711,True,1378.951456,True,1,0,0,1.3999971999999998,0.254,3.8099999999999996,12.7,0,0,,,0,,True,False,False,False,False,False,True,300,True,3800,True,4,2,1.3999971999999998,273,0,0,45.466,350,True,3800,True,0,-4.129162870403211,0,0,-2.449662620127041,-1,-1,False,False,0,0,1,300,5,1,0.0561,1000,False,3000,1000,0,0,0,30,1.016,False,50,0,0,0,5,30,1.3999971999999998,0,5.69976,5,1000,1000,5,1.3999971999999998,1000,1000,False,10,3,50,5,1.3999971999999998,1.42494,1000,1,1,1,1,1,A516 GR70,2.9762405
0,Mild Steel,A516 GR70,0.0480,Mild Steel,7800.035629,80,0,False,False,Mild Steel,4000,1000,2000,1000,0,1.2192,True,136.077711,True,1378.951456,True,1,0,0,1.27,0.7111999999999999,4.7752,12.7,0,0,,,0,,True,False,False,False,False,False,True,300,True,3800,True,4,2,1.27,273,0,0,45.466,350,True,3800,True,0,-4.129162870403211,0,0,-2.449662620127041,-1,-1,False,False,0,0,1,300,5,1,0.0561,1000,False,3000,1000,0,0,0,30,1.016,False,50,0,0,0,5,30,1.3999971999999998,0,5.69976,5,1000,1000,5,1.3999971999999998,1000,1000,False,10,3,50,5,1.3999971999999998,1.42494,1000,1,1,1,1,1,A516 GR70,2.9762405
0,Mild Steel,A516 GR70,0.0600,Mild Steel,7800.035629,80,0,False,False,Mild Steel,4000,1000,2000,1000,0,1.5239999999999998,True,136.077711,True,1378.951456,True,1,0,0,1.3999971999999998,0.7111999999999999,3.8099999999999996,12.7,0,0,,,0,,True,False,False,False,False,False,True,300,True,3800,True,4,2,1.3999971999999998,273,0,0,45.466,350,True,3800,True,0,-4.129162870403211,0,0,-2.449662620127041,-1,-1,False,False,0,0,1,300,5,1,0.0561,1000,False,3000,1000,0,0,0,30,1.016,False,50,0,0,0,5,30,1.3999971999999998,0,5.69976,5,1000,1000,5,1.3999971999999998,1000,1000,False,10,3,50,5,1.3999971999999998,1.42494,1000,1,1,1,1,1,A516 GR70,2.9762405
0,Mild Steel,A516 GR70,0.0630,Mild Steel,7800.035629,80,0,False,False,Mild Steel,4000,1000,2000,1000,0,1.6002,True,136.077711,True,1378.951456,True,1,0,0,1.3999971999999998,0.7111999999999999,6.35,12.7,0,0,,,0,,True,False,False,False,False,False,True,300,True,3800,True,2,1,1.3999971999999998,273,0,0,157.48,350,True,3800,True,0,-5.44033203100551,0,0,-4.085616779974878,-1,-1,False,False,0,0,1,300,5,1,0.0189,1000,False,3000,1000,0,0,0,30,1.016,False,50,0,0,0,5,30,1.3999971999999998,0,1.92024,5,1000,1000,5,1.3999971999999998,1000,1000,False,10,3,50,5,1.3999971999999998,0.48006,1000,1,1,1,1,1,A516 GR70,2.9762405
0,Mild Steel,A516 GR70,0.0750,Mild Steel,7800.035629,80,0,False,False,Mild Steel,4000,1000,2000,1000,0,1.9049999999999998,True,136.077711,True,1378.951456,True,1,0,0,1.3999971999999998,0.635,3.8099999999999996,12.7,0,0,,,0,,True,False,False,False,False,False,True,300,True,3800,True,4,2,1.3999971999999998,273,0,0,45.466,350,True,3800,True,0,0,0,0,-1,-1,-1,False,False,0,0,1,300,5,1,0.0561,1000,False,3000,1000,0,0,0,30,1.016,False,50,0,0,0,5,30,1.3999971999999998,0,5.69976,5,1000,1000,5,1.3999971999999998,1000,1000,False,10,3,50,5,1.3999971999999998,1.42494,1000,1,1,1,1,1,A516 GR70,2.9762405
0,Mild Steel,A516 GR70,0.1090,Mild Steel,7800.035629,80,0,False,False,Mild Steel,4000,1000,2000,1000,0,2.7685999999999997,True,136.077711,True,1378.951456,True,1,0,0,1.3999971999999998,0.7111999999999999,3.8099999999999996,12.7,0,0,,,0,,True,False,False,False,False,False,True,300,True,3800,True,4,2,1.3999971999999998,273,0,0,45.466,350,True,3800,True,0,-4.129162870403211,0,0,-2.449662620127041,-1,-1,False,False,0,0,1,300,5,1,0.0561,1000,False,3000,1000,0,0,0,30,1.016,False,50,0,0,0,5,30,1.3999971999999998,0,5.69976,5,1000,1000,5,1.3999971999999998,1000,1000,False,10,3,50,5,1.3999971999999998,1.42494,1000,1,1,1,1,1,A516 GR70,2.9762405
0,Mild Steel,A516 GR70,0.1200,Mild Steel,7800.035629,80,0,False,False,Mild Steel,4000,1000,2000,1000,0,3.0479999999999996,True,136.077711,True,1378.951456,True,1,0,0,1.3999971999999998,0.635,3.8099999999999996,12.7,0,0,,,0,,True,False,False,False,False,False,True,300,True,3800,True,4,2,1.3999971999999998,273,0,0,45.466,350,True,3800,True,0,-4.129162870403211,0,0,-2.449662620127041,-1,-1,False,False,0,0,1,300,5,1,0.0561,1000,False,3000,1000,0,0,0,30,1.016,False,50,0,0,0,5,30,1.3999971999999998,0,5.69976,5,1000,1000,5,1.3999971999999998,1000,1000,False,10,3,50,5,1.3999971999999998,1.42494,1000,1,1,1,1,1,A516 GR70,2.9762405
0,Mild Steel,A516 GR70,0.1250,Mild Steel,7800.035629,80,0,False,False,Mild Steel,4000,1000,2000,1000,0,3.175,True,136.077711,True,1378.951456,True,1,0,0,1.3999971999999998,0.7111999999999999,4.7498,12.7,0,0,,,0,,True,False,False,False,False,False,True,300,True,3800,True,6,3,1.3999971999999998,273,0,0,71.11999999999999,350,True,3800,True,0,-5.710593137499642,0,0,-3.6619355755198,-1,-1,False,False,0,0,1,300,5,1,0.042,1000,False,3000,1000,0,0,0,30,1.016,False,50,0,0,0,5,30,1.3999971999999998,0,4.2672,5,1000,1000,5,1.3999971999999998,1000,1000,False,10,3,50,5,1.3999971999999998,1.0668,1000,1,1,1,1,1,A516 GR70,2.9762405
0,Mild Steel,A516 GR70,0.1350,Mild Steel,7800.035629,80,0,False,False,Mild Steel,4000,1000,2000,1000,0,3.429,True,136.077711,True,1378.951456,True,1,0,0,1.3999971999999998,0.508,2.54,12.7,0,0,,,0,,True,False,False,False,False,False,True,300,True,3800,True,6,3,1.3999971999999998,273,0,0,71.11999999999999,350,True,3800,True,0,-5.710593137499642,0,0,-3.6619355755198,-1,-1,False,False,0,0,1,300,5,1,0.042,1000,False,3000,1000,0,0,0,30,1.016,False,50,0,0,0,5,30,1.3999971999999998,0,4.2672,5,1000,1000,5,1.3999971999999998,1000,1000,False,10,3,50,5,1.3999971999999998,1.0668,1000,1,1,1,1,1,A516 GR70,2.9762405
0,Mild Steel,A516 GR70,0.1500,Mild Steel,7800.035629,80,0,False,False,Mild Steel,4000,1000,2000,1000,0,3.8099999999999996,True,136.077711,True,1378.951456,True,1,0,0,1.3999971999999998,0.2,2.54,12.7,0,0,,,0,,True,False,False,False,False,False,True,300,True,3800,True,6,3,1.3999971999999998,273,0,0,71.11999999999999,350,True,3800,True,0,-5.710593137499642,0,0,-3.6619355755198,-1,-1,False,False,0,0,1,300,5,1,0.042,1000,False,3000,1000,0,0,0,30,1.016,False,50,0,0,0,5,30,1.3999971999999998,0,4.2672,5,1000,1000,5,1.3999971999999998,1000,1000,False,10,3,50,5,1.3999971999999998,1.0668,1000,1,1,1,1,1,A516 GR70,2.9762405
0,Mild Steel,A516 GR70,0.1870,Mild Steel,7800.035629,80,0,False,False,Mild Steel,4000,1000,2000,1000,0,4.7498,True,136.077711,True,1378.951456,True,1,0,0,1.3999971999999998,0.6858,4.7498,12.7,0,0,,,0,,True,False,False,False,False,False,True,300,True,3800,True,4,2,1.3999971999999998,273,0,0,45.466,350,True,3800,True,0,-3.2137680868787575,0,0,-1.6846843178962854,-1,-1,False,False,0,0,1,300,5,1,0.0561,1000,False,3000,1000,0,0,0,30,1.016,False,50,0,0,0,5,30,1.3999971999999998,0,5.69976,5,1000,1000,5,1.3999971999999998,1000,1000,False,10,3,50,5,1.3999971999999998,1.42494,1000,1,1,1,1,1,A516 GR70,2.9762405
0,Mild Steel,A516 GR70,0.2500,Mild Steel,7800.035629,80,0,False,False,Mild Steel,4000,1000,2000,1000,0,6.35,True,136.077711,True,1378.951456,True,1,0,0,1.3999971999999998,0.7111999999999999,4.7752,12.7,0,0,,,0,,True,False,False,False,False,False,True,300,True,3800,True,3,2,1.3999971999999998,273,0,0,32.512,350,True,3800,True,0,-2.862405226111747,0,0,-1.6038627711549265,-1,-1,False,False,0,0,1,300,5,1,0.075,1000,False,3000,1000,0,0,0,30,1.016,False,50,0,0,0,5,30,1.3999971999999998,0,7.62,5,1000,1000,5,1.3999971999999998,1000,1000,False,10,3,50,5,1.3999971999999998,1.905,1000,1,1,1,1,1,A516 GR70,2.9762405
0,Mild Steel,A516 GR70,0.3120,Mild Steel,7800.035629,80,0,False,False,Mild Steel,4000,1000,2000,1000,0,7.9248,True,136.077711,True,1378.951456,True,1,0,0,1.3999971999999998,0.508,6.35,12.7,0,0,,,0,,True,False,False,False,False,False,True,300,True,3800,True,8,4,1.3999971999999998,273,0,0,25.4,350,True,3800,True,0,-2.202598161765807,0,0,-1.2852666069383183,-1,-1,False,False,0,0,1,300,5,1,0.0936,1000,False,3000,1000,0,0,0,30,1.016,False,50,0,0,0,5,30,1.3999971999999998,0,9.50976,5,1000,1000,5,1.3999971999999998,1000,1000,False,10,3,50,5,1.3999971999999998,2.37744,1000,1,1,1,1,1,A516 GR70,2.9762405
0,Mild Steel,A516 GR70,0.3750,Mild Steel,7800.035629,80,0,False,False,Mild Steel,4000,1000,2000,1000,0,9.525,True,136.077711,True,1378.951456,True,1,0,0,1.3999971999999998,0.7619999999999999,4.7498,12.7,0,0,,,0,,True,False,False,False,False,False,True,300,True,3800,True,4,1,1.3999971999999998,273,0,0,20.32,350,True,3800,True,0,-1.9091524329963754,0,0,-1.0693970206331145,-1,-1,False,False,0,0,1,300,5,1,0.1125,1000,False,3000,1000,0,0,0,30,1.016,False,50,0,0,0,5,30,1.3999971999999998,0,11.43,5,1000,1000,5,1.3999971999999998,1000,1000,False,10,3,50,5,1.3999971999999998,2.8575,1000,1,1,1,1,1,A516 GR70,2.9762405
0,Mild Steel,A516 GR70,0.5000,Mild Steel,7800.035629,80,0,False,False,Mild Steel,4000,1000,2000,1000,0,12.7,True,136.077711,True,1378.951456,True,1,0,0,1.3999971999999998,0.7111999999999999,4.7752,12.7,0,0,,,0,,True,False,False,False,False,False,True,300,True,3800,True,15,7,1.3999971999999998,273,0,0,14.731999999999998,350,True,3800,True,0,-1.7183580016554585,0,0,-0.8593722436446815,-1,-1,False,False,0,0,1,300,5,1,0.15,1000,False,3000,1000,0,0,0,30,1.016,False,50,0,0,0,5,30,1.3999971999999998,0,15.24,5,1000,1000,5,1.3999971999999998,1000,1000,False,10,3,50,5,1.3999971999999998,3.81,1000,1,1,1,1,1,A516 GR70,2.9762405
0,Mild Steel,A516 GR70,0.6250,Mild Steel,7800.035629,80,0,False,False,Mild Steel,4000,1000,2000,1000,0,15.875,True,136.077711,True,1378.951456,True,1,0,0,1.3999971999999998,0.6858,4.7498,12.7,0,0,,,0,,True,False,False,False,False,False,True,300,True,3800,True,15,7,1.3999971999999998,273,0,0,11.43,350,True,3800,True,0,-1.6038627711549296,0,0,-0.8708287873026269,-1,-1,False,False,0,0,1,300,5,1,0.1875,1000,False,3000,1000,0,0,0,30,1.016,False,50,0,0,0,5,30,1.3999971999999998,0,19.05,5,1000,1000,5,1.3999971999999998,1000,1000,False,10,3,50,5,1.3999971999999998,4.7625,1000,1,1,1,1,1,A516 GR70,2.9762405
0,Mild Steel,A516 GR70,0.7500,Mild Steel,7800.035629,80,0,False,False,Mild Steel,4000,1000,2000,1000,0,19.05,True,136.077711,True,1378.951456,True,1,0,0,1.3999971999999998,0.7619999999999999,4.7498,12.7,0,0,,,0,,True,False,False,False,False,False,True,300,True,3800,True,10,5,1.3999971999999998,273,0,0,9.143999999999998,350,True,3800,True,0,-1.0312126698879533,0,0,-0.6111318044365194,-1,-1,False,False,0,0,1,300,5,1,0.225,1000,False,3000,1000,0,0,0,30,1.016,False,50,0,0,0,5,30,1.3999971999999998,0,22.86,5,1000,1000,5,1.3999971999999998,1000,1000,False,10,3,50,5,1.3999971999999998,5.715,1000,1,1,1,1,1,A516 GR70,2.9762405
0,Mild Steel,A516 GR70,0.8750,Mild Steel,7800.035629,80,0,False,False,Mild Steel,4000,1000,2000,1000,0,22.225,True,136.077711,True,1378.951456,True,1,0,0,1.3999971999999998,0,6.35,12.7,0,0,,,0,,True,False,False,False,False,False,True,300,True,3800,True,10,5,1.3999971999999998,273,0,0,7.619999999999999,350,True,3800,True,0,-0.8839218947283454,0,0,-0.5238325312609574,-1,-1,False,False,0,0,1,300,5,1,0.2625,1000,False,3000,1000,0,0,0,30,1.016,False,50,0,0,0,5,30,1.3999971999999998,0,26.67,5,1000,1000,5,1.3999971999999998,1000,1000,False,10,3,50,5,1.3999971999999998,6.6675,1000,1,1,1,1,1,A516 GR70,2.9762405
0,Mild Steel,A516 GR70,1.0000,Mild Steel,7800.035629,80,0,False,False,Mild Steel,4000,1000,2000,1000,0,25.4,True,136.077711,True,1378.951456,True,1,0,0,1.3999971999999998,0.8128,4.7498,12.7,0,0,,,0,,True,False,False,False,False,False,True,300,True,3800,True,30,10,1.3999971999999998,273,0,0,6.604,350,True,3800,True,0,-1.5179828891198932,0,0,-0.6015835773408369,-1,-1,False,False,0,0,1,300,5,1,0.3,1000,False,3000,1000,0,0,0,30,1.016,False,50,0,0,0,5,30,1.3999971999999998,0,30.48,5,1000,1000,5,1.3999971999999998,1000,1000,False,10,3,50,5,1.3999971999999998,7.62,1000,1,1,1,1,1,A516 GR70,2.9762405
0,Mild Steel,A516 GR70,1.1250,Mild Steel,7800.035629,80,0,False,False,Mild Steel,4000,1000,2000,1000,0,28.575,True,136.077711,True,1378.951456,True,1,0,0,1.3999971999999998,0.508,6.35,12.7,0,0,,,0,,True,False,False,False,False,False,True,300,True,3800,True,35,17,1.3999971999999998,273,0,0,5.08,350,True,3800,True,0,-1.1228535080486308,0,0,-0.6875163546391002,-1,-1,False,False,0,0,1,300,5,1,0.375,1000,False,3000,1000,0,0,0,30,1.016,False,50,0,0,0,5,30,1.3999971999999998,0,38.1,5,1000,1000,5,1.3999971999999998,1000,1000,False,10,3,50,5,1.3999971999999998,9.525,1000,1,1,1,1,1,A516 GR70,2.9762405
0,Mild Steel,A516 GR70,1.2500,Mild Steel,7800.035629,80,0,False,False,Mild Steel,4000,1000,2000,1000,0,31.75,True,136.077711,True,1378.951456,True,1,0,0,1.3999971999999998,0.7111999999999999,6.35,12.7,0,0,,,0,,True,False,False,False,False,False,True,300,True,3800,True,35,17,1.3999971999999998,273,0,0,5.08,350,True,3800,True,0,-1.1228535080486308,0,0,-0.6875163546391002,-1,-1,False,False,0,0,1,300,5,1,0.375,1000,False,3000,1000,0,0,0,30,1.016,False,50,0,0,0,5,30,1.3999971999999998,0,38.1,5,1000,1000,5,1.3999971999999998,1000,1000,False,10,3,50,5,1.3999971999999998,9.525,1000,1,1,1,1,1,A516 GR70,2.9762405
0,Mild Steel,A516 GR70,1.3750,Mild Steel,7800.035629,80,0,False,False,Mild Steel,4000,1000,2000,1000,0,34.925,True,136.077711,True,1378.951456,True,1,0,0,1.3999971999999998,0.7111999999999999,6.35,12.7,0,0,,,0,,True,False,False,False,False,False,True,300,True,3800,True,35,17,1.3999971999999998,273,0,0,5.08,350,True,3800,True,0,-1.1228535080486308,0,0,-0.6875163546391002,-1,-1,False,False,0,0,1,300,5,1,0.375,1000,False,3000,1000,0,0,0,30,1.016,False,50,0,0,0,5,30,1.3999971999999998,0,38.1,5,1000,1000,5,1.3999971999999998,1000,1000,False,10,3,50,5,1.3999971999999998,9.525,1000,1,1,1,1,1,A516 GR70,2.9762405
0,Mild Steel,A516 GR70,1.5000,Mild Steel,7800.035629,80,0,False,False,Mild Steel,4000,1000,2000,1000,0,38.1,True,136.077711,True,1378.951456,True,1,0,0,1.3999971999999998,0.6858,6.35,12.7,0,0,,,0,,True,False,False,False,False,False,True,300,True,3800,True,40,20,1.3999971999999998,273,0,0,4.064,350,True,3800,True,0,-0.5156480934199321,0,0,-0.3055745934585659,-1,-1,False,False,0,0,1,300,5,1,0.45,1000,False,3000,1000,0,0,0,30,1.016,False,50,0,0,0,5,30,1.3999971999999998,0,45.72,5,1000,1000,20,1.3999971999999998,1000,800,False,10,3,50,5,1.3999971999999998,11.43,1000,1,1,1,1,1,A516 GR70,2.9762405
0,Mild Steel,A516 GR70,1.6250,Mild Steel,7800.035629,80,0,False,False,Mild Steel,4000,1000,2000,1000,0,41.275,True,136.077711,True,1378.951456,True,1,0,0,1.3999971999999998,0.2,6.35,12.7,0,0,,,0,,True,False,False,False,False,False,True,300,True,3800,True,45,22,1.3999971999999998,273,0,0,3.556,350,True,3800,True,0,-0.4419872459420313,0,0,-0.26192173895527376,-1,-1,False,False,0,0,1,300,5,1,0.525,1000,False,3000,1000,0,0,0,30,1.016,False,50,0,0,0,5,30,1.3999971999999998,0,53.34,5,1000,1000,5,1.3999971999999998,1000,1000,False,10,3,50,5,1.3999971999999998,13.335,1000,1,1,1,1,1,A516 GR70,2.9762405
0,Mild Steel,A516 GR70,1.7500,Mild Steel,7800.035629,80,0,False,False,Mild Steel,4000,1000,2000,1000,0,44.45,True,136.077711,True,1378.951456,True,1,0,0,1.3999971999999998,0.2,6.35,12.7,0,0,,,0,,True,False,False,False,False,False,True,300,True,3800,True,45,22,1.3999971999999998,273,0,0,3.556,350,True,3800,True,0,-0.4419872459420313,0,0,-0.26192173895527376,-1,-1,False,False,0,0,1,300,5,1,0.525,1000,False,3000,1000,0,0,0,30,1.016,False,50,0,0,0,5,30,1.3999971999999998,0,53.34,5,1000,1000,5,1.3999971999999998,1000,1000,False,10,3,50,5,1.3999971999999998,13.335,1000,1,1,1,1,1,A516 GR70,2.9762405
0,Mild Steel,A516 GR70,1.8750,Mild Steel,7800.035629,80,0,False,False,Mild Steel,4000,1000,2000,1000,0,47.625,True,136.077711,True,1378.951456,True,1,0,0,1.3999971999999998,0.38099999999999995,6.35,12.7,0,0,,,0,,True,False,False,False,False,False,True,300,True,3800,True,50,25,1.3999971999999998,273,0,0,3.0479999999999996,350,True,3800,True,0,-0.38674063816122667,0,0,-0.2291818957541002,-1,-1,False,False,0,0,1,300,5,1,0.6,1000,False,3000,1000,0,0,0,30,1.016,False,50,0,0,0,5,30,1.3999971999999998,0,60.96,5,1000,1000,20,1.3999971999999998,1000,1000,False,10,3,50,5,1.3999971999999998,15.24,1000,1,1,1,1,1,A516 GR70,2.9762405
0,Mild Steel,A516 GR70,2.0000,Mild Steel,7800.035629,80,0,False,False,Mild Steel,4000,1000,2000,1000,0,50.8,True,136.077711,True,1378.951456,True,1,0,0,1.3999971999999998,0.7111999999999999,6.35,12.7,0,0,,,0,,True,False,False,False,False,False,True,300,True,3800,True,50,25,1.3999971999999998,273,0,0,3.0479999999999996,350,True,3800,True,0,-0.38674063816122667,0,0,-0.2291818957541002,-1,-1,False,False,0,0,1,300,5,1,0.6,1000,False,3000,1000,0,0,0,30,1.016,False,50,0,0,0,5,30,1.3999971999999998,0,60.96,5,1000,1000,20,1.3999971999999998,1000,1000,False,10,3,50,5,1.3999971999999998,15.24,1000,1,1,1,1,1,A516 GR70,2.9762405
0,Mild Steel,A516 GR70,2.2500,Mild Steel,7800.035629,80,0,False,False,Mild Steel,4000,1000,2000,1000,0,57.15,True,136.077711,True,1378.951456,True,1,0,0,1.3999971999999998,0.38099999999999995,6.35,12.7,0,0,,,0,,True,False,False,False,False,False,True,300,True,3800,True,50,25,1.3999971999999998,273,0,0,3.0479999999999996,350,True,3800,True,0,-0.38674063816122667,0,0,-0.2291818957541002,-1,-1,False,False,0,0,1,300,5,1,0.6,1000,False,3000,1000,0,0,0,30,1.016,False,50,0,0,0,5,30,1.3999971999999998,0,60.96,5,1000,1000,20,1.3999971999999998,1000,1000,False,10,3,50,5,1.3999971999999998,15.24,1000,1,1,1,1,1,A516 GR70,2.9762405
0,Mild Steel,A516 GR70,2.5000,Mild Steel,7800.035629,80,0,False,False,Mild Steel,4000,1000,2000,1000,0,63.5,True,136.077711,True,1378.951456,True,1,0,0,1.3999971999999998,0.7111999999999999,6.35,12.7,0,0,,,0,,True,False,False,False,False,False,True,300,True,3800,True,15,7,1.3999971999999998,273,0,0,14.731999999999998,350,True,3800,True,0,-1.6038627711549347,0,0,-0.9739344366011572,-1,-1,False,False,0,0,1,300,5,1,0.15,1000,False,3000,1000,0,0,0,30,1.016,False,50,0,0,0,5,30,1.3999971999999998,0,15.24,5,1000,1000,5,1.3999971999999998,1000,1000,False,10,3,50,5,1.3999971999999998,3.81,1000,1,1,1,1,1,A516 GR70,2.9762405
0,Mild Steel,A516 GR70,2.7500,Mild Steel,7800.035629,80,0,False,False,Mild Steel,4000,1000,2000,1000,0,69.85,True,136.077711,True,1378.951456,True,1,0,0,1.3999971999999998,0.45719999999999994,6.35,12.7,0,0,,,0,,True,False,False,False,False,False,True,300,True,3800,True,15,7,1.3999971999999998,273,0,0,14.731999999999998,350,True,3800,True,0,-1.6038627711549347,0,0,-0.9739344366011572,-1,-1,False,False,0,0,1,300,5,1,0.15,1000,False,3000,1000,0,0,0,30,1.016,False,50,0,0,0,5,30,1.3999971999999998,0,15.24,5,1000,1000,5,1.3999971999999998,1000,1000,False,10,3,50,5,1.3999971999999998,3.81,1000,1,1,1,1,1,A516 GR70,2.9762405
0,Mild Steel,A516 GR70,3.0000,Mild Steel,7800.035629,80,0,False,False,Mild Steel,4000,1000,2000,1000,0,76.19999999999999,True,136.077711,True,1378.951456,True,1,0,0,1.3999971999999998,0.2,6.35,12.7,0,0,,,0,,True,False,False,False,False,False,True,300,True,3800,True,50,25,1.3999971999999998,273,0,0,3.0479999999999996,350,True,3800,True,0,-0.38674063816122667,0,0,-0.2291818957541002,-1,-1,False,False,0,0,1,300,5,1,0.6,1000,False,3000,1000,0,0,0,30,1.016,False,50,0,0,0,5,30,1.3999971999999998,0,60.96,5,1000,1000,20,1.3999971999999998,1000,1000,False,10,3,50,5,1.3999971999999998,15.24,1000,1,1,1,1,1,A516 GR70,2.9762405
0,Mild Steel,A516 GR70,3.5000,Mild Steel,7800.035629,80,0,False,False,Mild Steel,4000,1000,2000,1000,0,88.89999999999999,True,136.077711,True,1378.951456,True,1,0,0,1.3999971999999998,0.2,6.35,12.7,0,0,,,0,,True,False,False,False,False,False,True,300,True,3800,True,50,25,1.3999971999999998,273,0,0,3.0479999999999996,350,True,3800,True,0,-0.38674063816122667,0,0,-0.2291818957541002,-1,-1,False,False,0,0,1,300,5,1,0.6,1000,False,3000,1000,0,0,0,30,1.016,False,50,0,0,0,5,30,1.3999971999999998,0,60.96,5,1000,1000,20,1.3999971999999998,1000,1000,False,10,3,50,5,1.3999971999999998,15.24,1000,1,1,1,1,1,A516 GR70,2.9762405
0,Mild Steel,A516 GR70,4.0000,Mild Steel,7800.035629,80,0,False,False,Mild Steel,4000,1000,2000,1000,0,101.6,True,136.077711,True,1378.951456,True,1,0,0,1.3999971999999998,0.2,6.35,12.7,0,0,,,0,,True,False,False,False,False,False,True,300,True,3800,True,50,25,1.3999971999999998,273,0,0,3.0479999999999996,350,True,3800,True,0,-0.38674063816122667,0,0,-0.2291818957541002,-1,-1,False,False,0,0,1,300,5,1,0.6,1000,False,3000,1000,0,0,0,30,1.016,False,50,0,0,0,5,30,1.3999971999999998,0,60.96,5,1000,1000,20,1.3999971999999998,1000,1000,False,10,3,50,5,1.3999971999999998,15.24,1000,1,1,1,1,1,A516 GR70,2.9762405
0,Mild Steel,A516 GR70,5.0000,Mild Steel,7800.035629,80,0,False,False,Mild Steel,4000,1000,2000,1000,0,127,True,136.077711,True,1378.951456,True,1,0,0,1.3999971999999998,0.2,6.35,12.7,0,0,,,0,,True,False,False,False,False,False,True,300,True,3800,True,50,25,1.3999971999999998,273,0,0,3.0479999999999996,350,True,3800,True,0,-0.38674063816122667,0,0,-0.2291818957541002,-1,-1,False,False,0,0,1,300,5,1,0.6,1000,False,3000,1000,0,0,0,30,1.016,False,50,0,0,0,5,30,1.3999971999999998,0,60.96,5,1000,1000,20,1.3999971999999998,1000,1000,False,10,3,50,5,1.3999971999999998,15.24,1000,1,1,1,1,1,A516 GR70,2.9762405
0,Mild Steel,A516 GR70,6.0000,Mild Steel,7800.035629,80,0,False,False,Mild Steel,4000,1000,2000,1000,0,152.39999999999998,True,136.077711,True,1378.951456,True,1,0,0,1.3999971999999998,0.2,6.35,12.7,0,0,,,0,,True,False,False,False,False,False,True,300,True,3800,True,50,25,1.3999971999999998,273,0,0,3.0479999999999996,350,True,3800,True,0,-0.38674063816122667,0,0,-0.2291818957541002,-1,-1,False,False,0,0,1,300,5,1,0.6,1000,False,3000,1000,0,0,0,30,1.016,False,50,0,0,0,5,30,1.3999971999999998,0,60.96,5,1000,1000,20,1.3999971999999998,1000,1000,False,10,3,50,5,1.3999971999999998,15.24,1000,1,1,1,1,1,A516 GR70,2.9762405
0,Mild Steel,A516 GR70,8.0000,Mild Steel,7800.035629,80,0,False,False,Mild Steel,4000,1000,2000,1000,0,203.2,True,136.077711,True,1378.951456,True,1,0,0,1.3999971999999998,0.2,6.35,12.7,0,0,,,0,,True,False,False,False,False,False,True,300,True,3800,True,50,25,1.3999971999999998,273,0,0,3.0479999999999996,350,True,3800,True,0,-0.38674063816122667,0,0,-0.2291818957541002,-1,-1,False,False,0,0,1,300,5,1,0.6,1000,False,3000,1000,0,0,0,30,1.016,False,50,0,0,0,5,30,1.3999971999999998,0,60.96,5,1000,1000,20,1.3999971999999998,1000,1000,False,10,3,50,5,1.3999971999999998,15.24,1000,1,1,1,1,1,A516 GR70,2.9762405
0,Mild Steel,AR400,0.0150,Mild Steel,7800.035629,80,0,False,False,Mild Steel,4000,1000,2000,1000,0,0.38099999999999995,True,136.077711,True,1378.951456,True,1,0,0,1.3999971999999998,0.254,3.8099999999999996,12.7,0,0,,,0,,True,False,False,False,False,False,True,300,True,3800,True,4,2,1.3999971999999998,273,0,0,45.466,350,True,3800,True,0,-4.129162870403211,0,0,-2.449662620127041,-1,-1,False,False,0,0,1,300,5,1,0.0561,1000,False,3000,1000,0,0,0,30,1.016,False,50,0,0,0,5,30,1.3999971999999998,0,5.69976,5,1000,1000,5,1.3999971999999998,1000,1000,False,10,3,50,5,1.3999971999999998,1.42494,1000,1,1,1,1,1,AR400,2.9762405
0,Mild Steel,AR400,0.0360,Mild Steel,7800.035629,80,0,False,False,Mild Steel,4000,1000,2000,1000,0,0.9143999999999999,True,136.077711,True,1378.951456,True,1,0,0,1.3999971999999998,0.254,3.8099999999999996,12.7,0,0,,,0,,True,False,False,False,False,False,True,300,True,3800,True,4,2,1.3999971999999998,273,0,0,45.466,350,True,3800,True,0,-4.129162870403211,0,0,-2.449662620127041,-1,-1,False,False,0,0,1,300,5,1,0.0561,1000,False,3000,1000,0,0,0,30,1.016,False,50,0,0,0,5,30,1.3999971999999998,0,5.69976,5,1000,1000,5,1.3999971999999998,1000,1000,False,10,3,50,5,1.3999971999999998,1.42494,1000,1,1,1,1,1,AR400,2.9762405
0,Mild Steel,AR400,0.0390,Mild Steel,7800.035629,80,0,False,False,Mild Steel,4000,1000,2000,1000,0,0.9905999999999999,True,136.077711,True,1378.951456,True,1,0,0,1.3999971999999998,0.254,3.8099999999999996,12.7,0,0,,,0,,True,False,False,False,False,False,True,300,True,3800,True,4,2,1.3999971999999998,273,0,0,45.466,350,True,3800,True,0,-4.129162870403211,0,0,-2.449662620127041,-1,-1,False,False,0,0,1,300,5,1,0.0561,1000,False,3000,1000,0,0,0,30,1.016,False,50,0,0,0,5,30,1.3999971999999998,0,5.69976,5,1000,1000,5,1.3999971999999998,1000,1000,False,10,3,50,5,1.3999971999999998,1.42494,1000,1,1,1,1,1,AR400,2.9762405
0,Mild Steel,AR400,0.0480,Mild Steel,7800.035629,80,0,False,False,Mild Steel,4000,1000,2000,1000,0,1.2192,True,136.077711,True,1378.951456,True,1,0,0,1.27,0.7111999999999999,4.7752,12.7,0,0,,,0,,True,False,False,False,False,False,True,300,True,3800,True,4,2,1.27,273,0,0,45.466,350,True,3800,True,0,-4.129162870403211,0,0,-2.449662620127041,-1,-1,False,False,0,0,1,300,5,1,0.0561,1000,False,3000,1000,0,0,0,30,1.016,False,50,0,0,0,5,30,1.3999971999999998,0,5.69976,5,1000,1000,5,1.3999971999999998,1000,1000,False,10,3,50,5,1.3999971999999998,1.42494,1000,1,1,1,1,1,AR400,2.9762405
0,Mild Steel,AR400,0.0600,Mild Steel,7800.035629,80,0,False,False,Mild Steel,4000,1000,2000,1000,0,1.5239999999999998,True,136.077711,True,1378.951456,True,1,0,0,1.3999971999999998,0.7111999999999999,3.8099999999999996,12.7,0,0,,,0,,True,False,False,False,False,False,True,300,True,3800,True,4,2,1.3999971999999998,273,0,0,45.466,350,True,3800,True,0,-4.129162870403211,0,0,-2.449662620127041,-1,-1,False,False,0,0,1,300,5,1,0.0561,1000,False,3000,1000,0,0,0,30,1.016,False,50,0,0,0,5,30,1.3999971999999998,0,5.69976,5,1000,1000,5,1.3999971999999998,1000,1000,False,10,3,50,5,1.3999971999999998,1.42494,1000,1,1,1,1,1,AR400,2.9762405
0,Mild Steel,AR400,0.0630,Mild Steel,7800.035629,80,0,False,False,Mild Steel,4000,1000,2000,1000,0,1.6002,True,136.077711,True,1378.951456,True,1,0,0,1.3999971999999998,0.7111999999999999,6.35,12.7,0,0,,,0,,True,False,False,False,False,False,True,300,True,3800,True,2,1,1.3999971999999998,273,0,0,157.48,350,True,3800,True,0,-5.44033203100551,0,0,-4.085616779974878,-1,-1,False,False,0,0,1,300,5,1,0.0189,1000,False,3000,1000,0,0,0,30,1.016,False,50,0,0,0,5,30,1.3999971999999998,0,1.92024,5,1000,1000,5,1.3999971999999998,1000,1000,False,10,3,50,5,1.3999971999999998,0.48006,1000,1,1,1,1,1,AR400,2.9762405
0,Mild Steel,AR400,0.0750,Mild Steel,7800.035629,80,0,False,False,Mild Steel,4000,1000,2000,1000,0,1.9049999999999998,True,136.077711,True,1378.951456,True,1,0,0,1.3999971999999998,0.635,3.8099999999999996,12.7,0,0,,,0,,True,False,False,False,False,False,True,300,True,3800,True,4,2,1.3999971999999998,273,0,0,45.466,350,True,3800,True,0,0,0,0,-1,-1,-1,False,False,0,0,1,300,5,1,0.0561,1000,False,3000,1000,0,0,0,30,1.016,False,50,0,0,0,5,30,1.3999971999999998,0,5.69976,5,1000,1000,5,1.3999971999999998,1000,1000,False,10,3,50,5,1.3999971999999998,1.42494,1000,1,1,1,1,1,AR400,2.9762405
0,Mild Steel,AR400,0.1090,Mild Steel,7800.035629,80,0,False,False,Mild Steel,4000,1000,2000,1000,0,2.7685999999999997,True,136.077711,True,1378.951456,True,1,0,0,1.3999971999999998,0.7111999999999999,3.8099999999999996,12.7,0,0,,,0,,True,False,False,False,False,False,True,300,True,3800,True,4,2,1.3999971999999998,273,0,0,45.466,350,True,3800,True,0,-4.129162870403211,0,0,-2.449662620127041,-1,-1,False,False,0,0,1,300,5,1,0.0561,1000,False,3000,1000,0,0,0,30,1.016,False,50,0,0,0,5,30,1.3999971999999998,0,5.69976,5,1000,1000,5,1.3999971999999998,1000,1000,False,10,3,50,5,1.3999971999999998,1.42494,1000,1,1,1,1,1,AR400,2.9762405
0,Mild Steel,AR400,0.1200,Mild Steel,7800.035629,80,0,False,False,Mild Steel,4000,1000,2000,1000,0,3.0479999999999996,True,136.077711,True,1378.951456,True,1,0,0,1.3999971999999998,0.635,3.8099999999999996,12.7,0,0,,,0,,True,False,False,False,False,False,True,300,True,3800,True,4,2,1.3999971999999998,273,0,0,45.466,350,True,3800,True,0,-4.129162870403211,0,0,-2.449662620127041,-1,-1,False,False,0,0,1,300,5,1,0.0561,1000,False,3000,1000,0,0,0,30,1.016,False,50,0,0,0,5,30,1.3999971999999998,0,5.69976,5,1000,1000,5,1.3999971999999998,1000,1000,False,10,3,50,5,1.3999971999999998,1.42494,1000,1,1,1,1,1,AR400,2.9762405
0,Mild Steel,AR400,0.1250,Mild Steel,7800.035629,80,0,False,False,Mild Steel,4000,1000,2000,1000,0,3.175,True,136.077711,True,1378.951456,True,1,0,0,1.3999971999999998,0.7111999999999999,4.7498,12.7,0,0,,,0,,True,False,False,False,False,False,True,300,True,3800,True,6,3,1.3999971999999998,273,0,0,71.11999999999999,350,True,3800,True,0,-5.710593137499642,0,0,-3.6619355755198,-1,-1,False,False,0,0,1,300,5,1,0.042,1000,False,3000,1000,0,0,0,30,1.016,False,50,0,0,0,5,30,1.3999971999999998,0,4.2672,5,1000,1000,5,1.3999971999999998,1000,1000,False,10,3,50,5,1.3999971999999998,1.0668,1000,1,1,1,1,1,AR400,2.9762405
0,Mild Steel,AR400,0.1350,Mild Steel,7800.035629,80,0,False,False,Mild Steel,4000,1000,2000,1000,0,3.429,True,136.077711,True,1378.951456,True,1,0,0,1.3999971999999998,0.508,2.54,12.7,0,0,,,0,,True,False,False,False,False,False,True,300,True,3800,True,6,3,1.3999971999999998,273,0,0,71.11999999999999,350,True,3800,True,0,-5.710593137499642,0,0,-3.6619355755198,-1,-1,False,False,0,0,1,300,5,1,0.042,1000,False,3000,1000,0,0,0,30,1.016,False,50,0,0,0,5,30,1.3999971999999998,0,4.2672,5,1000,1000,5,1.3999971999999998,1000,1000,False,10,3,50,5,1.3999971999999998,1.0668,1000,1,1,1,1,1,AR400,2.9762405
0,Mild Steel,AR400,0.1500,Mild Steel,7800.035629,80,0,False,False,Mild Steel,4000,1000,2000,1000,0,3.8099999999999996,True,136.077711,True,1378.951456,True,1,0,0,1.3999971999999998,0.2,2.54,12.7,0,0,,,0,,True,False,False,False,False,False,True,300,True,3800,True,6,3,1.3999971999999998,273,0,0,71.11999999999999,350,True,3800,True,0,-5.710593137499642,0,0,-3.6619355755198,-1,-1,False,False,0,0,1,300,5,1,0.042,1000,False,3000,1000,0,0,0,30,1.016,False,50,0,0,0,5,30,1.3999971999999998,0,4.2672,5,1000,1000,5,1.3999971999999998,1000,1000,False,10,3,50,5,1.3999971999999998,1.0668,1000,1,1,1,1,1,AR400,2.9762405
0,Mild Steel,AR400,0.1870,Mild Steel,7800.035629,80,0,False,False,Mild Steel,4000,1000,2000,1000,0,4.7498,True,136.077711,True,1378.951456,True,1,0,0,1.3999971999999998,0.6858,4.7498,12.7,0,0,,,0,,True,False,False,False,False,False,True,300,True,3800,True,4,2,1.3999971999999998,273,0,0,45.466,350,True,3800,True,0,-3.2137680868787575,0,0,-1.6846843178962854,-1,-1,False,False,0,0,1,300,5,1,0.0561,1000,False,3000,1000,0,0,0,30,1.016,False,50,0,0,0,5,30,1.3999971999999998,0,5.69976,5,1000,1000,5,1.3999971999999998,1000,1000,False,10,3,50,5,1.3999971999999998,1.42494,1000,1,1,1,1,1,AR400,2.9762405
0,Mild Steel,AR400,0.2500,Mild Steel,7800.035629,80,0,False,False,Mild Steel,4000,1000,2000,1000,0,6.35,True,136.077711,True,1378.951456,True,1,0,0,1.3999971999999998,0.7111999999999999,4.7752,12.7,0,0,,,0,,True,False,False,False,False,False,True,300,True,3800,True,3,2,1.3999971999999998,273,0,0,32.512,350,True,3800,True,0,-2.862405226111747,0,0,-1.6038627711549265,-1,-1,False,False,0,0,1,300,5,1,0.075,1000,False,3000,1000,0,0,0,30,1.016,False,50,0,0,0,5,30,1.3999971999999998,0,7.62,5,1000,1000,5,1.3999971999999998,1000,1000,False,10,3,50,5,1.3999971999999998,1.905,1000,1,1,1,1,1,AR400,2.9762405
0,Mild Steel,AR400,0.3120,Mild Steel,7800.035629,80,0,False,False,Mild Steel,4000,1000,2000,1000,0,7.9248,True,136.077711,True,1378.951456,True,1,0,0,1.3999971999999998,0.508,6.35,12.7,0,0,,,0,,True,False,False,False,False,False,True,300,True,3800,True,8,4,1.3999971999999998,273,0,0,25.4,350,True,3800,True,0,-2.202598161765807,0,0,-1.2852666069383183,-1,-1,False,False,0,0,1,300,5,1,0.0936,1000,False,3000,1000,0,0,0,30,1.016,False,50,0,0,0,5,30,1.3999971999999998,0,9.50976,5,1000,1000,5,1.3999971999999998,1000,1000,False,10,3,50,5,1.3999971999999998,2.37744,1000,1,1,1,1,1,AR400,2.9762405
0,Mild Steel,AR400,0.3750,Mild Steel,7800.035629,80,0,False,False,Mild Steel,4000,1000,2000,1000,0,9.525,True,136.077711,True,1378.951456,True,1,0,0,1.3999971999999998,0.7619999999999999,4.7498,12.7,0,0,,,0,,True,False,False,False,False,False,True,300,True,3800,True,4,1,1.3999971999999998,273,0,0,20.32,350,True,3800,True,0,-1.9091524329963754,0,0,-1.0693970206331145,-1,-1,False,False,0,0,1,300,5,1,0.1125,1000,False,3000,1000,0,0,0,30,1.016,False,50,0,0,0,5,30,1.3999971999999998,0,11.43,5,1000,1000,5,1.3999971999999998,1000,1000,False,10,3,50,5,1.3999971999999998,2.8575,1000,1,1,1,1,1,AR400,2.9762405
0,Mild Steel,AR400,0.5000,Mild Steel,7800.035629,80,0,False,False,Mild Steel,4000,1000,2000,1000,0,12.7,True,136.077711,True,1378.951456,True,1,0,0,1.3999971999999998,0.7111999999999999,4.7752,12.7,0,0,,,0,,True,False,False,False,False,False,True,300,True,3800,True,15,7,1.3999971999999998,273,0,0,14.731999999999998,350,True,3800,True,0,-1.7183580016554585,0,0,-0.8593722436446815,-1,-1,False,False,0,0,1,300,5,1,0.15,1000,False,3000,1000,0,0,0,30,1.016,False,50,0,0,0,5,30,1.3999971999999998,0,15.24,5,1000,1000,5,1.3999971999999998,1000,1000,False,10,3,50,5,1.3999971999999998,3.81,1000,1,1,1,1,1,AR400,2.9762405
0,Mild Steel,AR400,0.6250,Mild Steel,7800.035629,80,0,False,False,Mild Steel,4000,1000,2000,1000,0,15.875,True,136.077711,True,1378.951456,True,1,0,0,1.3999971999999998,0.6858,4.7498,12.7,0,0,,,0,,True,False,False,False,False,False,True,300,True,3800,True,15,7,1.3999971999999998,273,0,0,11.43,350,True,3800,True,0,-1.6038627711549296,0,0,-0.8708287873026269,-1,-1,False,False,0,0,1,300,5,1,0.1875,1000,False,3000,1000,0,0,0,30,1.016,False,50,0,0,0,5,30,1.3999971999999998,0,19.05,5,1000,1000,5,1.3999971999999998,1000,1000,False,10,3,50,5,1.3999971999999998,4.7625,1000,1,1,1,1,1,AR400,2.9762405
0,Mild Steel,AR400,0.7500,Mild Steel,7800.035629,80,0,False,False,Mild Steel,4000,1000,2000,1000,0,19.05,True,136.077711,True,1378.951456,True,1,0,0,1.3999971999999998,0.7619999999999999,4.7498,12.7,0,0,,,0,,True,False,False,False,False,False,True,300,True,3800,True,10,5,1.3999971999999998,273,0,0,9.143999999999998,350,True,3800,True,0,-1.0312126698879533,0,0,-0.6111318044365194,-1,-1,False,False,0,0,1,300,5,1,0.225,1000,False,3000,1000,0,0,0,30,1.016,False,50,0,0,0,5,30,1.3999971999999998,0,22.86,5,1000,1000,5,1.3999971999999998,1000,1000,False,10,3,50,5,1.3999971999999998,5.715,1000,1,1,1,1,1,AR400,2.9762405
0,Mild Steel,AR400,0.8750,Mild Steel,7800.035629,80,0,False,False,Mild Steel,4000,1000,2000,1000,0,22.225,True,136.077711,True,1378.951456,True,1,0,0,1.3999971999999998,0,6.35,12.7,0,0,,,0,,True,False,False,False,False,False,True,300,True,3800,True,10,5,1.3999971999999998,273,0,0,7.619999999999999,350,True,3800,True,0,-0.8839218947283454,0,0,-0.5238325312609574,-1,-1,False,False,0,0,1,300,5,1,0.2625,1000,False,3000,1000,0,0,0,30,1.016,False,50,0,0,0,5,30,1.3999971999999998,0,26.67,5,1000,1000,5,1.3999971999999998,1000,1000,False,10,3,50,5,1.3999971999999998,6.6675,1000,1,1,1,1,1,AR400,2.9762405
0,Mild Steel,AR400,1.0000,Mild Steel,7800.035629,80,0,False,False,Mild Steel,4000,1000,2000,1000,0,25.4,True,136.077711,True,1378.951456,True,1,0,0,1.3999971999999998,0.8128,4.7498,12.7,0,0,,,0,,True,False,False,False,False,False,True,300,True,3800,True,30,10,1.3999971999999998,273,0,0,6.604,350,True,3800,True,0,-1.5179828891198932,0,0,-0.6015835773408369,-1,-1,False,False,0,0,1,300,5,1,0.3,1000,False,3000,1000,0,0,0,30,1.016,False,50,0,0,0,5,30,1.3999971999999998,0,30.48,5,1000,1000,5,1.3999971999999998,1000,1000,False,10,3,50,5,1.3999971999999998,7.62,1000,1,1,1,1,1,AR400,2.9762405
0,Mild Steel,AR400,1.1250,Mild Steel,7800.035629,80,0,False,False,Mild Steel,4000,1000,2000,1000,0,28.575,True,136.077711,True,1378.951456,True,1,0,0,1.3999971999999998,0.508,6.35,12.7,0,0,,,0,,True,False,False,False,False,False,True,300,True,3800,True,35,17,1.3999971999999998,273,0,0,5.08,350,True,3800,True,0,-1.1228535080486308,0,0,-0.6875163546391002,-1,-1,False,False,0,0,1,300,5,1,0.375,1000,False,3000,1000,0,0,0,30,1.016,False,50,0,0,0,5,30,1.3999971999999998,0,38.1,5,1000,1000,5,1.3999971999999998,1000,1000,False,10,3,50,5,1.3999971999999998,9.525,1000,1,1,1,1,1,AR400,2.9762405
0,Mild Steel,AR400,1.2500,Mild Steel,7800.035629,80,0,False,False,Mild Steel,4000,1000,2000,1000,0,31.75,True,136.077711,True,1378.951456,True,1,0,0,1.3999971999999998,0.7111999999999999,6.35,12.7,0,0,,,0,,True,False,False,False,False,False,True,300,True,3800,True,35,17,1.3999971999999998,273,0,0,5.08,350,True,3800,True,0,-1.1228535080486308,0,0,-0.6875163546391002,-1,-1,False,False,0,0,1,300,5,1,0.375,1000,False,3000,1000,0,0,0,30,1.016,False,50,0,0,0,5,30,1.3999971999999998,0,38.1,5,1000,1000,5,1.3999971999999998,1000,1000,False,10,3,50,5,1.3999971999999998,9.525,1000,1,1,1,1,1,AR400,2.9762405
0,Mild Steel,AR400,1.3750,Mild Steel,7800.035629,80,0,False,False,Mild Steel,4000,1000,2000,1000,0,34.925,True,136.077711,True,1378.951456,True,1,0,0,1.3999971999999998,0.7111999999999999,6.35,12.7,0,0,,,0,,True,False,False,False,False,False,True,300,True,3800,True,35,17,1.3999971999999998,273,0,0,5.08,350,True,3800,True,0,-1.1228535080486308,0,0,-0.6875163546391002,-1,-1,False,False,0,0,1,300,5,1,0.375,1000,False,3000,1000,0,0,0,30,1.016,False,50,0,0,0,5,30,1.3999971999999998,0,38.1,5,1000,1000,5,1.3999971999999998,1000,1000,False,10,3,50,5,1.3999971999999998,9.525,1000,1,1,1,1,1,AR400,2.9762405
0,Mild Steel,AR400,1.5000,Mild Steel,7800.035629,80,0,False,False,Mild Steel,4000,1000,2000,1000,0,38.1,True,136.077711,True,1378.951456,True,1,0,0,1.3999971999999998,0.6858,6.35,12.7,0,0,,,0,,True,False,False,False,False,False,True,300,True,3800,True,40,20,1.3999971999999998,273,0,0,4.064,350,True,3800,True,0,-0.5156480934199321,0,0,-0.3055745934585659,-1,-1,False,False,0,0,1,300,5,1,0.45,1000,False,3000,1000,0,0,0,30,1.016,False,50,0,0,0,5,30,1.3999971999999998,0,45.72,5,1000,1000,20,1.3999971999999998,1000,800,False,10,3,50,5,1.3999971999999998,11.43,1000,1,1,1,1,1,AR400,2.9762405
0,Mild Steel,AR400,1.6250,Mild Steel,7800.035629,80,0,False,False,Mild Steel,4000,1000,2000,1000,0,41.275,True,136.077711,True,1378.951456,True,1,0,0,1.3999971999999998,0.2,6.35,12.7,0,0,,,0,,True,False,False,False,False,False,True,300,True,3800,True,45,22,1.3999971999999998,273,0,0,3.556,350,True,3800,True,0,-0.4419872459420313,0,0,-0.26192173895527376,-1,-1,False,False,0,0,1,300,5,1,0.525,1000,False,3000,1000,0,0,0,30,1.016,False,50,0,0,0,5,30,1.3999971999999998,0,53.34,5,1000,1000,5,1.3999971999999998,1000,1000,False,10,3,50,5,1.3999971999999998,13.335,1000,1,1,1,1,1,AR400,2.9762405
0,Mild Steel,AR400,1.7500,Mild Steel,7800.035629,80,0,False,False,Mild Steel,4000,1000,2000,1000,0,44.45,True,136.077711,True,1378.951456,True,1,0,0,1.3999971999999998,0.2,6.35,12.7,0,0,,,0,,True,False,False,False,False,False,True,300,True,3800,True,45,22,1.3999971999999998,273,0,0,3.556,350,True,3800,True,0,-0.4419872459420313,0,0,-0.26192173895527376,-1,-1,False,False,0,0,1,300,5,1,0.525,1000,False,3000,1000,0,0,0,30,1.016,False,50,0,0,0,5,30,1.3999971999999998,0,53.34,5,1000,1000,5,1.3999971999999998,1000,1000,False,10,3,50,5,1.3999971999999998,13.335,1000,1,1,1,1,1,AR400,2.9762405
0,Mild Steel,AR400,1.8750,Mild Steel,7800.035629,80,0,False,False,Mild Steel,4000,1000,2000,1000,0,47.625,True,136.077711,True,1378.951456,True,1,0,0,1.3999971999999998,0.38099999999999995,6.35,12.7,0,0,,,0,,True,False,False,False,False,False,True,300,True,3800,True,50,25,1.3999971999999998,273,0,0,3.0479999999999996,350,True,3800,True,0,-0.38674063816122667,0,0,-0.2291818957541002,-1,-1,False,False,0,0,1,300,5,1,0.6,1000,False,3000,1000,0,0,0,30,1.016,False,50,0,0,0,5,30,1.3999971999999998,0,60.96,5,1000,1000,20,1.3999971999999998,1000,1000,False,10,3,50,5,1.3999971999999998,15.24,1000,1,1,1,1,1,AR400,2.9762405
0,Mild Steel,AR400,2.0000,Mild Steel,7800.035629,80,0,False,False,Mild Steel,4000,1000,2000,1000,0,50.8,True,136.077711,True,1378.951456,True,1,0,0,1.3999971999999998,0.7111999999999999,6.35,12.7,0,0,,,0,,True,False,False,False,False,False,True,300,True,3800,True,50,25,1.3999971999999998,273,0,0,3.0479999999999996,350,True,3800,True,0,-0.38674063816122667,0,0,-0.2291818957541002,-1,-1,False,False,0,0,1,300,5,1,0.6,1000,False,3000,1000,0,0,0,30,1.016,False,50,0,0,0,5,30,1.3999971999999998,0,60.96,5,1000,1000,20,1.3999971999999998,1000,1000,False,10,3,50,5,1.3999971999999998,15.24,1000,1,1,1,1,1,AR400,2.9762405
0,Mild Steel,AR400,2.2500,Mild Steel,7800.035629,80,0,False,False,Mild Steel,4000,1000,2000,1000,0,57.15,True,136.077711,True,1378.951456,True,1,0,0,1.3999971999999998,0.38099999999999995,6.35,12.7,0,0,,,0,,True,False,False,False,False,False,True,300,True,3800,True,50,25,1.3999971999999998,273,0,0,3.0479999999999996,350,True,3800,True,0,-0.38674063816122667,0,0,-0.2291818957541002,-1,-1,False,False,0,0,1,300,5,1,0.6,1000,False,3000,1000,0,0,0,30,1.016,False,50,0,0,0,5,30,1.3999971999999998,0,60.96,5,1000,1000,20,1.3999971999999998,1000,1000,False,10,3,50,5,1.3999971999999998,15.24,1000,1,1,1,1,1,AR400,2.9762405
0,Mild Steel,AR400,2.5000,Mild Steel,7800.035629,80,0,False,False,Mild Steel,4000,1000,2000,1000,0,63.5,True,136.077711,True,1378.951456,True,1,0,0,1.3999971999999998,0.7111999999999999,6.35,12.7,0,0,,,0,,True,False,False,False,False,False,True,300,True,3800,True,15,7,1.3999971999999998,273,0,0,14.731999999999998,350,True,3800,True,0,-1.6038627711549347,0,0,-0.9739344366011572,-1,-1,False,False,0,0,1,300,5,1,0.15,1000,False,3000,1000,0,0,0,30,1.016,False,50,0,0,0,5,30,1.3999971999999998,0,15.24,5,1000,1000,5,1.3999971999999998,1000,1000,False,10,3,50,5,1.3999971999999998,3.81,1000,1,1,1,1,1,AR400,2.9762405
0,Mild Steel,AR400,2.7500,Mild Steel,7800.035629,80,0,False,False,Mild Steel,4000,1000,2000,1000,0,69.85,True,136.077711,True,1378.951456,True,1,0,0,1.3999971999999998,0.45719999999999994,6.35,12.7,0,0,,,0,,True,False,False,False,False,False,True,300,True,3800,True,15,7,1.3999971999999998,273,0,0,14.731999999999998,350,True,3800,True,0,-1.6038627711549347,0,0,-0.9739344366011572,-1,-1,False,False,0,0,1,300,5,1,0.15,1000,False,3000,1000,0,0,0,30,1.016,False,50,0,0,0,5,30,1.3999971999999998,0,15.24,5,1000,1000,5,1.3999971999999998,1000,1000,False,10,3,50,5,1.3999971999999998,3.81,1000,1,1,1,1,1,AR400,2.9762405
0,Mild Steel,AR400,3.0000,Mild Steel,7800.035629,80,0,False,False,Mild Steel,4000,1000,2000,1000,0,76.19999999999999,True,136.077711,True,1378.951456,True,1,0,0,1.3999971999999998,0.2,6.35,12.7,0,0,,,0,,True,False,False,False,False,False,True,300,True,3800,True,50,25,1.3999971999999998,273,0,0,3.0479999999999996,350,True,3800,True,0,-0.38674063816122667,0,0,-0.2291818957541002,-1,-1,False,False,0,0,1,300,5,1,0.6,1000,False,3000,1000,0,0,0,30,1.016,False,50,0,0,0,5,30,1.3999971999999998,0,60.96,5,1000,1000,20,1.3999971999999998,1000,1000,False,10,3,50,5,1.3999971999999998,15.24,1000,1,1,1,1,1,AR400,2.9762405
0,Mild Steel,AR400,3.5000,Mild Steel,7800.035629,80,0,False,False,Mild Steel,4000,1000,2000,1000,0,88.89999999999999,True,136.077711,True,1378.951456,True,1,0,0,1.3999971999999998,0.2,6.35,12.7,0,0,,,0,,True,False,False,False,False,False,True,300,True,3800,True,50,25,1.3999971999999998,273,0,0,3.0479999999999996,350,True,3800,True,0,-0.38674063816122667,0,0,-0.2291818957541002,-1,-1,False,False,0,0,1,300,5,1,0.6,1000,False,3000,1000,0,0,0,30,1.016,False,50,0,0,0,5,30,1.3999971999999998,0,60.96,5,1000,1000,20,1.3999971999999998,1000,1000,False,10,3,50,5,1.3999971999999998,15.24,1000,1,1,1,1,1,AR400,2.9762405
0,Mild Steel,AR400,4.0000,Mild Steel,7800.035629,80,0,False,False,Mild Steel,4000,1000,2000,1000,0,101.6,True,136.077711,True,1378.951456,True,1,0,0,1.3999971999999998,0.2,6.35,12.7,0,0,,,0,,True,False,False,False,False,False,True,300,True,3800,True,50,25,1.3999971999999998,273,0,0,3.0479999999999996,350,True,3800,True,0,-0.38674063816122667,0,0,-0.2291818957541002,-1,-1,False,False,0,0,1,300,5,1,0.6,1000,False,3000,1000,0,0,0,30,1.016,False,50,0,0,0,5,30,1.3999971999999998,0,60.96,5,1000,1000,20,1.3999971999999998,1000,1000,False,10,3,50,5,1.3999971999999998,15.24,1000,1,1,1,1,1,AR400,2.9762405
0,Mild Steel,AR400,5.0000,Mild Steel,7800.035629,80,0,False,False,Mild Steel,4000,1000,2000,1000,0,127,True,136.077711,True,1378.951456,True,1,0,0,1.3999971999999998,0.2,6.35,12.7,0,0,,,0,,True,False,False,False,False,False,True,300,True,3800,True,50,25,1.3999971999999998,273,0,0,3.0479999999999996,350,True,3800,True,0,-0.38674063816122667,0,0,-0.2291818957541002,-1,-1,False,False,0,0,1,300,5,1,0.6,1000,False,3000,1000,0,0,0,30,1.016,False,50,0,0,0,5,30,1.3999971999999998,0,60.96,5,1000,1000,20,1.3999971999999998,1000,1000,False,10,3,50,5,1.3999971999999998,15.24,1000,1,1,1,1,1,AR400,2.9762405
0,Mild Steel,AR400,6.0000,Mild Steel,7800.035629,80,0,False,False,Mild Steel,4000,1000,2000,1000,0,152.39999999999998,True,136.077711,True,1378.951456,True,1,0,0,1.3999971999999998,0.2,6.35,12.7,0,0,,,0,,True,False,False,False,False,False,True,300,True,3800,True,50,25,1.3999971999999998,273,0,0,3.0479999999999996,350,True,3800,True,0,-0.38674063816122667,0,0,-0.2291818957541002,-1,-1,False,False,0,0,1,300,5,1,0.6,1000,False,3000,1000,0,0,0,30,1.016,False,50,0,0,0,5,30,1.3999971999999998,0,60.96,5,1000,1000,20,1.3999971999999998,1000,1000,False,10,3,50,5,1.3999971999999998,15.24,1000,1,1,1,1,1,AR400,2.9762405
0,Mild Steel,AR400,8.0000,Mild Steel,7800.035629,80,0,False,False,Mild Steel,4000,1000,2000,1000,0,203.2,True,136.077711,True,1378.951456,True,1,0,0,1.3999971999999998,0.2,6.35,12.7,0,0,,,0,,True,False,False,False,False,False,True,300,True,3800,True,50,25,1.3999971999999998,273,0,0,3.0479999999999996,350,True,3800,True,0,-0.38674063816122667,0,0,-0.2291818957541002,-1,-1,False,False,0,0,1,300,5,1,0.6,1000,False,3000,1000,0,0,0,30,1.016,False,50,0,0,0,5,30,1.3999971999999998,0,60.96,5,1000,1000,20,1.3999971999999998,1000,1000,False,10,3,50,5,1.3999971999999998,15.24,1000,1,1,1,1,1,AR400,2.9762405
0,Mild Steel,Galvanized,0.0150,Mild Steel,7800.035629,80,0,False,False,Mild Steel,4000,1000,2000,1000,0,0.38099999999999995,True,136.077711,True,1378.951456,True,1,0,0,1.3999971999999998,0.254,3.8099999999999996,12.7,0,0,,,0,,True,False,False,False,False,False,True,300,True,3800,True,4,2,1.3999971999999998,273,0,0,45.466,350,True,3800,True,0,-4.129162870403211,0,0,-2.449662620127041,-1,-1,False,False,0,0,1,300,5,1,0.0561,1000,False,3000,1000,0,0,0,30,1.016,False,50,0,0,0,5,30,1.3999971999999998,0,5.69976,5,1000,1000,5,1.3999971999999998,1000,1000,False,10,3,50,5,1.3999971999999998,1.42494,1000,1,1,1,1,1,Galvanized,2.9762405
0,Mild Steel,Galvanized,0.0360,Mild Steel,7800.035629,80,0,False,False,Mild Steel,4000,1000,2000,1000,0,0.9143999999999999,True,136.077711,True,1378.951456,True,1,0,0,1.3999971999999998,0.254,3.8099999999999996,12.7,0,0,,,0,,True,False,False,False,False,False,True,300,True,3800,True,4,2,1.3999971999999998,273,0,0,45.466,350,True,3800,True,0,-4.129162870403211,0,0,-2.449662620127041,-1,-1,False,False,0,0,1,300,5,1,0.0561,1000,False,3000,1000,0,0,0,30,1.016,False,50,0,0,0,5,30,1.3999971999999998,0,5.69976,5,1000,1000,5,1.3999971999999998,1000,1000,False,10,3,50,5,1.3999971999999998,1.42494,1000,1,1,1,1,1,Galvanized,2.9762405
0,Mild Steel,Galvanized,0.0390,Mild Steel,7800.035629,80,0,False,False,Mild Steel,4000,1000,2000,1000,0,0.9905999999999999,True,136.077711,True,1378.951456,True,1,0,0,1.3999971999999998,0.254,3.8099999999999996,12.7,0,0,,,0,,True,False,False,False,False,False,True,300,True,3800,True,4,2,1.3999971999999998,273,0,0,45.466,350,True,3800,True,0,-4.129162870403211,0,0,-2.449662620127041,-1,-1,False,False,0,0,1,300,5,1,0.0561,1000,False,3000,1000,0,0,0,30,1.016,False,50,0,0,0,5,30,1.3999971999999998,0,5.69976,5,1000,1000,5,1.3999971999999998,1000,1000,False,10,3,50,5,1.3999971999999998,1.42494,1000,1,1,1,1,1,Galvanized,2.9762405
0,Mild Steel,Galvanized,0.0480,Mild Steel,7800.035629,80,0,False,False,Mild Steel,4000,1000,2000,1000,0,1.2192,True,136.077711,True,1378.951456,True,1,0,0,1.27,0.7111999999999999,4.7752,12.7,0,0,,,0,,True,False,False,False,False,False,True,300,True,3800,True,4,2,1.27,273,0,0,45.466,350,True,3800,True,0,-4.129162870403211,0,0,-2.449662620127041,-1,-1,False,False,0,0,1,300,5,1,0.0561,1000,False,3000,1000,0,0,0,30,1.016,False,50,0,0,0,5,30,1.3999971999999998,0,5.69976,5,1000,1000,5,1.3999971999999998,1000,1000,False,10,3,50,5,1.3999971999999998,1.42494,1000,1,1,1,1,1,Galvanized,2.9762405
0,Mild Steel,Galvanized,0.0600,Mild Steel,7800.035629,80,0,False,False,Mild Steel,4000,1000,2000,1000,0,1.5239999999999998,True,136.077711,True,1378.951456,True,1,0,0,1.3999971999999998,0.7111999999999999,3.8099999999999996,12.7,0,0,,,0,,True,False,False,False,False,False,True,300,True,3800,True,4,2,1.3999971999999998,273,0,0,45.466,350,True,3800,True,0,-4.129162870403211,0,0,-2.449662620127041,-1,-1,False,False,0,0,1,300,5,1,0.0561,1000,False,3000,1000,0,0,0,30,1.016,False,50,0,0,0,5,30,1.3999971999999998,0,5.69976,5,1000,1000,5,1.3999971999999998,1000,1000,False,10,3,50,5,1.3999971999999998,1.42494,1000,1,1,1,1,1,Galvanized,2.9762405
0,Mild Steel,Galvanized,0.0630,Mild Steel,7800.035629,80,0,False,False,Mild Steel,4000,1000,2000,1000,0,1.6002,True,136.077711,True,1378.951456,True,1,0,0,1.3999971999999998,0.7111999999999999,6.35,12.7,0,0,,,0,,True,False,False,False,False,False,True,300,True,3800,True,2,1,1.3999971999999998,273,0,0,157.48,350,True,3800,True,0,-5.44033203100551,0,0,-4.085616779974878,-1,-1,False,False,0,0,1,300,5,1,0.0189,1000,False,3000,1000,0,0,0,30,1.016,False,50,0,0,0,5,30,1.3999971999999998,0,1.92024,5,1000,1000,5,1.3999971999999998,1000,1000,False,10,3,50,5,1.3999971999999998,0.48006,1000,1,1,1,1,1,Galvanized,2.9762405
0,Mild Steel,Galvanized,0.0750,Mild Steel,7800.035629,80,0,False,False,Mild Steel,4000,1000,2000,1000,0,1.9049999999999998,True,136.077711,True,1378.951456,True,1,0,0,1.3999971999999998,0.635,3.8099999999999996,12.7,0,0,,,0,,True,False,False,False,False,False,True,300,True,3800,True,4,2,1.3999971999999998,273,0,0,45.466,350,True,3800,True,0,0,0,0,-1,-1,-1,False,False,0,0,1,300,5,1,0.0561,1000,False,3000,1000,0,0,0,30,1.016,False,50,0,0,0,5,30,1.3999971999999998,0,5.69976,5,1000,1000,5,1.3999971999999998,1000,1000,False,10,3,50,5,1.3999971999999998,1.42494,1000,1,1,1,1,1,Galvanized,2.9762405
0,Mild Steel,Galvanized,0.1090,Mild Steel,7800.035629,80,0,False,False,Mild Steel,4000,1000,2000,1000,0,2.7685999999999997,True,136.077711,True,1378.951456,True,1,0,0,1.3999971999999998,0.7111999999999999,3.8099999999999996,12.7,0,0,,,0,,True,False,False,False,False,False,True,300,True,3800,True,4,2,1.3999971999999998,273,0,0,45.466,350,True,3800,True,0,-4.129162870403211,0,0,-2.449662620127041,-1,-1,False,False,0,0,1,300,5,1,0.0561,1000,False,3000,1000,0,0,0,30,1.016,False,50,0,0,0,5,30,1.3999971999999998,0,5.69976,5,1000,1000,5,1.3999971999999998,1000,1000,False,10,3,50,5,1.3999971999999998,1.42494,1000,1,1,1,1,1,Galvanized,2.9762405
0,Mild Steel,Galvanized,0.1200,Mild Steel,7800.035629,80,0,False,False,Mild Steel,4000,1000,2000,1000,0,3.0479999999999996,True,136.077711,True,1378.951456,True,1,0,0,1.3999971999999998,0.635,3.8099999999999996,12.7,0,0,,,0,,True,False,False,False,False,False,True,300,True,3800,True,4,2,1.3999971999999998,273,0,0,45.466,350,True,3800,True,0,-4.129162870403211,0,0,-2.449662620127041,-1,-1,False,False,0,0,1,300,5,1,0.0561,1000,False,3000,1000,0,0,0,30,1.016,False,50,0,0,0,5,30,1.3999971999999998,0,5.69976,5,1000,1000,5,1.3999971999999998,1000,1000,False,10,3,50,5,1.3999971999999998,1.42494,1000,1,1,1,1,1,Galvanized,2.9762405
0,Mild Steel,Galvanized,0.1250,Mild Steel,7800.035629,80,0,False,False,Mild Steel,4000,1000,2000,1000,0,3.175,True,136.077711,True,1378.951456,True,1,0,0,1.3999971999999998,0.7111999999999999,4.7498,12.7,0,0,,,0,,True,False,False,False,False,False,True,300,True,3800,True,6,3,1.3999971999999998,273,0,0,71.11999999999999,350,True,3800,True,0,-5.710593137499642,0,0,-3.6619355755198,-1,-1,False,False,0,0,1,300,5,1,0.042,1000,False,3000,1000,0,0,0,30,1.016,False,50,0,0,0,5,30,1.3999971999999998,0,4.2672,5,1000,1000,5,1.3999971999999998,1000,1000,False,10,3,50,5,1.3999971999999998,1.0668,1000,1,1,1,1,1,Galvanized,2.9762405
0,Mild Steel,Galvanized,0.1350,Mild Steel,7800.035629,80,0,False,False,Mild Steel,4000,1000,2000,1000,0,3.429,True,136.077711,True,1378.951456,True,1,0,0,1.3999971999999998,0.508,2.54,12.7,0,0,,,0,,True,False,False,False,False,False,True,300,True,3800,True,6,3,1.3999971999999998,273,0,0,71.11999999999999,350,True,3800,True,0,-5.710593137499642,0,0,-3.6619355755198,-1,-1,False,False,0,0,1,300,5,1,0.042,1000,False,3000,1000,0,0,0,30,1.016,False,50,0,0,0,5,30,1.3999971999999998,0,4.2672,5,1000,1000,5,1.3999971999999998,1000,1000,False,10,3,50,5,1.3999971999999998,1.0668,1000,1,1,1,1,1,Galvanized,2.9762405
0,Mild Steel,Galvanized,0.1500,Mild Steel,7800.035629,80,0,False,False,Mild Steel,4000,1000,2000,1000,0,3.8099999999999996,True,136.077711,True,1378.951456,True,1,0,0,1.3999971999999998,0.2,2.54,12.7,0,0,,,0,,True,False,False,False,False,False,True,300,True,3800,True,6,3,1.3999971999999998,273,0,0,71.11999999999999,350,True,3800,True,0,-5.710593137499642,0,0,-3.6619355755198,-1,-1,False,False,0,0,1,300,5,1,0.042,1000,False,3000,1000,0,0,0,30,1.016,False,50,0,0,0,5,30,1.3999971999999998,0,4.2672,5,1000,1000,5,1.3999971999999998,1000,1000,False,10,3,50,5,1.3999971999999998,1.0668,1000,1,1,1,1,1,Galvanized,2.9762405
0,Mild Steel,Galvanized,0.1870,Mild Steel,7800.035629,80,0,False,False,Mild Steel,4000,1000,2000,1000,0,4.7498,True,136.077711,True,1378.951456,True,1,0,0,1.3999971999999998,0.6858,4.7498,12.7,0,0,,,0,,True,False,False,False,False,False,True,300,True,3800,True,4,2,1.3999971999999998,273,0,0,45.466,350,True,3800,True,0,-3.2137680868787575,0,0,-1.6846843178962854,-1,-1,False,False,0,0,1,300,5,1,0.0561,1000,False,3000,1000,0,0,0,30,1.016,False,50,0,0,0,5,30,1.3999971999999998,0,5.69976,5,1000,1000,5,1.3999971999999998,1000,1000,False,10,3,50,5,1.3999971999999998,1.42494,1000,1,1,1,1,1,Galvanized,2.9762405
0,Mild Steel,Galvanized,0.2500,Mild Steel,7800.035629,80,0,False,False,Mild Steel,4000,1000,2000,1000,0,6.35,True,136.077711,True,1378.951456,True,1,0,0,1.3999971999999998,0.7111999999999999,4.7752,12.7,0,0,,,0,,True,False,False,False,False,False,True,300,True,3800,True,3,2,1.3999971999999998,273,0,0,32.512,350,True,3800,True,0,-2.862405226111747,0,0,-1.6038627711549265,-1,-1,False,False,0,0,1,300,5,1,0.075,1000,False,3000,1000,0,0,0,30,1.016,False,50,0,0,0,5,30,1.3999971999999998,0,7.62,5,1000,1000,5,1.3999971999999998,1000,1000,False,10,3,50,5,1.3999971999999998,1.905,1000,1,1,1,1,1,Galvanized,2.9762405
0,Mild Steel,Galvanized,0.3120,Mild Steel,7800.035629,80,0,False,False,Mild Steel,4000,1000,2000,1000,0,7.9248,True,136.077711,True,1378.951456,True,1,0,0,1.3999971999999998,0.508,6.35,12.7,0,0,,,0,,True,False,False,False,False,False,True,300,True,3800,True,8,4,1.3999971999999998,273,0,0,25.4,350,True,3800,True,0,-2.202598161765807,0,0,-1.2852666069383183,-1,-1,False,False,0,0,1,300,5,1,0.0936,1000,False,3000,1000,0,0,0,30,1.016,False,50,0,0,0,5,30,1.3999971999999998,0,9.50976,5,1000,1000,5,1.3999971999999998,1000,1000,False,10,3,50,5,1.3999971999999998,2.37744,1000,1,1,1,1,1,Galvanized,2.9762405
0,Mild Steel,Galvanized,0.3750,Mild Steel,7800.035629,80,0,False,False,Mild Steel,4000,1000,2000,1000,0,9.525,True,136.077711,True,1378.951456,True,1,0,0,1.3999971999999998,0.7619999999999999,4.7498,12.7,0,0,,,0,,True,False,False,False,False,False,True,300,True,3800,True,4,1,1.3999971999999998,273,0,0,20.32,350,True,3800,True,0,-1.9091524329963754,0,0,-1.0693970206331145,-1,-1,False,False,0,0,1,300,5,1,0.1125,1000,False,3000,1000,0,0,0,30,1.016,False,50,0,0,0,5,30,1.3999971999999998,0,11.43,5,1000,1000,5,1.3999971999999998,1000,1000,False,10,3,50,5,1.3999971999999998,2.8575,1000,1,1,1,1,1,Galvanized,2.9762405
0,Mild Steel,Galvanized,0.5000,Mild Steel,7800.035629,80,0,False,False,Mild Steel,4000,1000,2000,1000,0,12.7,True,136.077711,True,1378.951456,True,1,0,0,1.3999971999999998,0.7111999999999999,4.7752,12.7,0,0,,,0,,True,False,False,False,False,False,True,300,True,3800,True,15,7,1.3999971999999998,273,0,0,14.731999999999998,350,True,3800,True,0,-1.7183580016554585,0,0,-0.8593722436446815,-1,-1,False,False,0,0,1,300,5,1,0.15,1000,False,3000,1000,0,0,0,30,1.016,False,50,0,0,0,5,30,1.3999971999999998,0,15.24,5,1000,1000,5,1.3999971999999998,1000,1000,False,10,3,50,5,1.3999971999999998,3.81,1000,1,1,1,1,1,Galvanized,2.9762405
0,Mild Steel,Galvanized,0.6250,Mild Steel,7800.035629,80,0,False,False,Mild Steel,4000,1000,2000,1000,0,15.875,True,136.077711,True,1378.951456,True,1,0,0,1.3999971999999998,0.6858,4.7498,12.7,0,0,,,0,,True,False,False,False,False,False,True,300,True,3800,True,15,7,1.3999971999999998,273,0,0,11.43,350,True,3800,True,0,-1.6038627711549296,0,0,-0.8708287873026269,-1,-1,False,False,0,0,1,300,5,1,0.1875,1000,False,3000,1000,0,0,0,30,1.016,False,50,0,0,0,5,30,1.3999971999999998,0,19.05,5,1000,1000,5,1.3999971999999998,1000,1000,False,10,3,50,5,1.3999971999999998,4.7625,1000,1,1,1,1,1,Galvanized,2.9762405
0,Mild Steel,Galvanized,0.7500,Mild Steel,7800.035629,80,0,False,False,Mild Steel,4000,1000,2000,1000,0,19.05,True,136.077711,True,1378.951456,True,1,0,0,1.3999971999999998,0.7619999999999999,4.7498,12.7,0,0,,,0,,True,False,False,False,False,False,True,300,True,3800,True,10,5,1.3999971999999998,273,0,0,9.143999999999998,350,True,3800,True,0,-1.0312126698879533,0,0,-0.6111318044365194,-1,-1,False,False,0,0,1,300,5,1,0.225,1000,False,3000,1000,0,0,0,30,1.016,False,50,0,0,0,5,30,1.3999971999999998,0,22.86,5,1000,1000,5,1.3999971999999998,1000,1000,False,10,3,50,5,1.3999971999999998,5.715,1000,1,1,1,1,1,Galvanized,2.9762405
0,Mild Steel,Galvanized,0.8750,Mild Steel,7800.035629,80,0,False,False,Mild Steel,4000,1000,2000,1000,0,22.225,True,136.077711,True,1378.951456,True,1,0,0,1.3999971999999998,0,6.35,12.7,0,0,,,0,,True,False,False,False,False,False,True,300,True,3800,True,10,5,1.3999971999999998,273,0,0,7.619999999999999,350,True,3800,True,0,-0.8839218947283454,0,0,-0.5238325312609574,-1,-1,False,False,0,0,1,300,5,1,0.2625,1000,False,3000,1000,0,0,0,30,1.016,False,50,0,0,0,5,30,1.3999971999999998,0,26.67,5,1000,1000,5,1.3999971999999998,1000,1000,False,10,3,50,5,1.3999971999999998,6.6675,1000,1,1,1,1,1,Galvanized,2.9762405
0,Mild Steel,Galvanized,1.0000,Mild Steel,7800.035629,80,0,False,False,Mild Steel,4000,1000,2000,1000,0,25.4,True,136.077711,True,1378.951456,True,1,0,0,1.3999971999999998,0.8128,4.7498,12.7,0,0,,,0,,True,False,False,False,False,False,True,300,True,3800,True,30,10,1.3999971999999998,273,0,0,6.604,350,True,3800,True,0,-1.5179828891198932,0,0,-0.6015835773408369,-1,-1,False,False,0,0,1,300,5,1,0.3,1000,False,3000,1000,0,0,0,30,1.016,False,50,0,0,0,5,30,1.3999971999999998,0,30.48,5,1000,1000,5,1.3999971999999998,1000,1000,False,10,3,50,5,1.3999971999999998,7.62,1000,1,1,1,1,1,Galvanized,2.9762405
0,Mild Steel,Galvanized,1.1250,Mild Steel,7800.035629,80,0,False,False,Mild Steel,4000,1000,2000,1000,0,28.575,True,136.077711,True,1378.951456,True,1,0,0,1.3999971999999998,0.508,6.35,12.7,0,0,,,0,,True,False,False,False,False,False,True,300,True,3800,True,35,17,1.3999971999999998,273,0,0,5.08,350,True,3800,True,0,-1.1228535080486308,0,0,-0.6875163546391002,-1,-1,False,False,0,0,1,300,5,1,0.375,1000,False,3000,1000,0,0,0,30,1.016,False,50,0,0,0,5,30,1.3999971999999998,0,38.1,5,1000,1000,5,1.3999971999999998,1000,1000,False,10,3,50,5,1.3999971999999998,9.525,1000,1,1,1,1,1,Galvanized,2.9762405
0,Mild Steel,Galvanized,1.2500,Mild Steel,7800.035629,80,0,False,False,Mild Steel,4000,1000,2000,1000,0,31.75,True,136.077711,True,1378.951456,True,1,0,0,1.3999971999999998,0.7111999999999999,6.35,12.7,0,0,,,0,,True,False,False,False,False,False,True,300,True,3800,True,35,17,1.3999971999999998,273,0,0,5.08,350,True,3800,True,0,-1.1228535080486308,0,0,-0.6875163546391002,-1,-1,False,False,0,0,1,300,5,1,0.375,1000,False,3000,1000,0,0,0,30,1.016,False,50,0,0,0,5,30,1.3999971999999998,0,38.1,5,1000,1000,5,1.3999971999999998,1000,1000,False,10,3,50,5,1.3999971999999998,9.525,1000,1,1,1,1,1,Galvanized,2.9762405
0,Mild Steel,Galvanized,1.3750,Mild Steel,7800.035629,80,0,False,False,Mild Steel,4000,1000,2000,1000,0,34.925,True,136.077711,True,1378.951456,True,1,0,0,1.3999971999999998,0.7111999999999999,6.35,12.7,0,0,,,0,,True,False,False,False,False,False,True,300,True,3800,True,35,17,1.3999971999999998,273,0,0,5.08,350,True,3800,True,0,-1.1228535080486308,0,0,-0.6875163546391002,-1,-1,False,False,0,0,1,300,5,1,0.375,1000,False,3000,1000,0,0,0,30,1.016,False,50,0,0,0,5,30,1.3999971999999998,0,38.1,5,1000,1000,5,1.3999971999999998,1000,1000,False,10,3,50,5,1.3999971999999998,9.525,1000,1,1,1,1,1,Galvanized,2.9762405
0,Mild Steel,Galvanized,1.5000,Mild Steel,7800.035629,80,0,False,False,Mild Steel,4000,1000,2000,1000,0,38.1,True,136.077711,True,1378.951456,True,1,0,0,1.3999971999999998,0.6858,6.35,12.7,0,0,,,0,,True,False,False,False,False,False,True,300,True,3800,True,40,20,1.3999971999999998,273,0,0,4.064,350,True,3800,True,0,-0.5156480934199321,0,0,-0.3055745934585659,-1,-1,False,False,0,0,1,300,5,1,0.45,1000,False,3000,1000,0,0,0,30,1.016,False,50,0,0,0,5,30,1.3999971999999998,0,45.72,5,1000,1000,20,1.3999971999999998,1000,800,False,10,3,50,5,1.3999971999999998,11.43,1000,1,1,1,1,1,Galvanized,2.9762405
0,Mild Steel,Galvanized,1.6250,Mild Steel,7800.035629,80,0,False,False,Mild Steel,4000,1000,2000,1000,0,41.275,True,136.077711,True,1378.951456,True,1,0,0,1.3999971999999998,0.2,6.35,12.7,0,0,,,0,,True,False,False,False,False,False,True,300,True,3800,True,45,22,1.3999971999999998,273,0,0,3.556,350,True,3800,True,0,-0.4419872459420313,0,0,-0.26192173895527376,-1,-1,False,False,0,0,1,300,5,1,0.525,1000,False,3000,1000,0,0,0,30,1.016,False,50,0,0,0,5,30,1.3999971999999998,0,53.34,5,1000,1000,5,1.3999971999999998,1000,1000,False,10,3,50,5,1.3999971999999998,13.335,1000,1,1,1,1,1,Galvanized,2.9762405
0,Mild Steel,Galvanized,1.7500,Mild Steel,7800.035629,80,0,False,False,Mild Steel,4000,1000,2000,1000,0,44.45,True,136.077711,True,1378.951456,True,1,0,0,1.3999971999999998,0.2,6.35,12.7,0,0,,,0,,True,False,False,False,False,False,True,300,True,3800,True,45,22,1.3999971999999998,273,0,0,3.556,350,True,3800,True,0,-0.4419872459420313,0,0,-0.26192173895527376,-1,-1,False,False,0,0,1,300,5,1,0.525,1000,False,3000,1000,0,0,0,30,1.016,False,50,0,0,0,5,30,1.3999971999999998,0,53.34,5,1000,1000,5,1.3999971999999998,1000,1000,False,10,3,50,5,1.3999971999999998,13.335,1000,1,1,1,1,1,Galvanized,2.9762405
0,Mild Steel,Galvanized,1.8750,Mild Steel,7800.035629,80,0,False,False,Mild Steel,4000,1000,2000,1000,0,47.625,True,136.077711,True,1378.951456,True,1,0,0,1.3999971999999998,0.38099999999999995,6.35,12.7,0,0,,,0,,True,False,False,False,False,False,True,300,True,3800,True,50,25,1.3999971999999998,273,0,0,3.0479999999999996,350,True,3800,True,0,-0.38674063816122667,0,0,-0.2291818957541002,-1,-1,False,False,0,0,1,300,5,1,0.6,1000,False,3000,1000,0,0,0,30,1.016,False,50,0,0,0,5,30,1.3999971999999998,0,60.96,5,1000,1000,20,1.3999971999999998,1000,1000,False,10,3,50,5,1.3999971999999998,15.24,1000,1,1,1,1,1,Galvanized,2.9762405
0,Mild Steel,Galvanized,2.0000,Mild Steel,7800.035629,80,0,False,False,Mild Steel,4000,1000,2000,1000,0,50.8,True,136.077711,True,1378.951456,True,1,0,0,1.3999971999999998,0.7111999999999999,6.35,12.7,0,0,,,0,,True,False,False,False,False,False,True,300,True,3800,True,50,25,1.3999971999999998,273,0,0,3.0479999999999996,350,True,3800,True,0,-0.38674063816122667,0,0,-0.2291818957541002,-1,-1,False,False,0,0,1,300,5,1,0.6,1000,False,3000,1000,0,0,0,30,1.016,False,50,0,0,0,5,30,1.3999971999999998,0,60.96,5,1000,1000,20,1.3999971999999998,1000,1000,False,10,3,50,5,1.3999971999999998,15.24,1000,1,1,1,1,1,Galvanized,2.9762405
0,Mild Steel,Galvanized,2.2500,Mild Steel,7800.035629,80,0,False,False,Mild Steel,4000,1000,2000,1000,0,57.15,True,136.077711,True,1378.951456,True,1,0,0,1.3999971999999998,0.38099999999999995,6.35,12.7,0,0,,,0,,True,False,False,False,False,False,True,300,True,3800,True,50,25,1.3999971999999998,273,0,0,3.0479999999999996,350,True,3800,True,0,-0.38674063816122667,0,0,-0.2291818957541002,-1,-1,False,False,0,0,1,300,5,1,0.6,1000,False,3000,1000,0,0,0,30,1.016,False,50,0,0,0,5,30,1.3999971999999998,0,60.96,5,1000,1000,20,1.3999971999999998,1000,1000,False,10,3,50,5,1.3999971999999998,15.24,1000,1,1,1,1,1,Galvanized,2.9762405
0,Mild Steel,Galvanized,2.5000,Mild Steel,7800.035629,80,0,False,False,Mild Steel,4000,1000,2000,1000,0,63.5,True,136.077711,True,1378.951456,True,1,0,0,1.3999971999999998,0.7111999999999999,6.35,12.7,0,0,,,0,,True,False,False,False,False,False,True,300,True,3800,True,15,7,1.3999971999999998,273,0,0,14.731999999999998,350,True,3800,True,0,-1.6038627711549347,0,0,-0.9739344366011572,-1,-1,False,False,0,0,1,300,5,1,0.15,1000,False,3000,1000,0,0,0,30,1.016,False,50,0,0,0,5,30,1.3999971999999998,0,15.24,5,1000,1000,5,1.3999971999999998,1000,1000,False,10,3,50,5,1.3999971999999998,3.81,1000,1,1,1,1,1,Galvanized,2.9762405
0,Mild Steel,Galvanized,2.7500,Mild Steel,7800.035629,80,0,False,False,Mild Steel,4000,1000,2000,1000,0,69.85,True,136.077711,True,1378.951456,True,1,0,0,1.3999971999999998,0.45719999999999994,6.35,12.7,0,0,,,0,,True,False,False,False,False,False,True,300,True,3800,True,15,7,1.3999971999999998,273,0,0,14.731999999999998,350,True,3800,True,0,-1.6038627711549347,0,0,-0.9739344366011572,-1,-1,False,False,0,0,1,300,5,1,0.15,1000,False,3000,1000,0,0,0,30,1.016,False,50,0,0,0,5,30,1.3999971999999998,0,15.24,5,1000,1000,5,1.3999971999999998,1000,1000,False,10,3,50,5,1.3999971999999998,3.81,1000,1,1,1,1,1,Galvanized,2.9762405
0,Mild Steel,Galvanized,3.0000,Mild Steel,7800.035629,80,0,False,False,Mild Steel,4000,1000,2000,1000,0,76.19999999999999,True,136.077711,True,1378.951456,True,1,0,0,1.3999971999999998,0.2,6.35,12.7,0,0,,,0,,True,False,False,False,False,False,True,300,True,3800,True,50,25,1.3999971999999998,273,0,0,3.0479999999999996,350,True,3800,True,0,-0.38674063816122667,0,0,-0.2291818957541002,-1,-1,False,False,0,0,1,300,5,1,0.6,1000,False,3000,1000,0,0,0,30,1.016,False,50,0,0,0,5,30,1.3999971999999998,0,60.96,5,1000,1000,20,1.3999971999999998,1000,1000,False,10,3,50,5,1.3999971999999998,15.24,1000,1,1,1,1,1,Galvanized,2.9762405
0,Mild Steel,Galvanized,3.5000,Mild Steel,7800.035629,80,0,False,False,Mild Steel,4000,1000,2000,1000,0,88.89999999999999,True,136.077711,True,1378.951456,True,1,0,0,1.3999971999999998,0.2,6.35,12.7,0,0,,,0,,True,False,False,False,False,False,True,300,True,3800,True,50,25,1.3999971999999998,273,0,0,3.0479999999999996,350,True,3800,True,0,-0.38674063816122667,0,0,-0.2291818957541002,-1,-1,False,False,0,0,1,300,5,1,0.6,1000,False,3000,1000,0,0,0,30,1.016,False,50,0,0,0,5,30,1.3999971999999998,0,60.96,5,1000,1000,20,1.3999971999999998,1000,1000,False,10,3,50,5,1.3999971999999998,15.24,1000,1,1,1,1,1,Galvanized,2.9762405
0,Mild Steel,Galvanized,4.0000,Mild Steel,7800.035629,80,0,False,False,Mild Steel,4000,1000,2000,1000,0,101.6,True,136.077711,True,1378.951456,True,1,0,0,1.3999971999999998,0.2,6.35,12.7,0,0,,,0,,True,False,False,False,False,False,True,300,True,3800,True,50,25,1.3999971999999998,273,0,0,3.0479999999999996,350,True,3800,True,0,-0.38674063816122667,0,0,-0.2291818957541002,-1,-1,False,False,0,0,1,300,5,1,0.6,1000,False,3000,1000,0,0,0,30,1.016,False,50,0,0,0,5,30,1.3999971999999998,0,60.96,5,1000,1000,20,1.3999971999999998,1000,1000,False,10,3,50,5,1.3999971999999998,15.24,1000,1,1,1,1,1,Galvanized,2.9762405
0,Mild Steel,Galvanized,5.0000,Mild Steel,7800.035629,80,0,False,False,Mild Steel,4000,1000,2000,1000,0,127,True,136.077711,True,1378.951456,True,1,0,0,1.3999971999999998,0.2,6.35,12.7,0,0,,,0,,True,False,False,False,False,False,True,300,True,3800,True,50,25,1.3999971999999998,273,0,0,3.0479999999999996,350,True,3800,True,0,-0.38674063816122667,0,0,-0.2291818957541002,-1,-1,False,False,0,0,1,300,5,1,0.6,1000,False,3000,1000,0,0,0,30,1.016,False,50,0,0,0,5,30,1.3999971999999998,0,60.96,5,1000,1000,20,1.3999971999999998,1000,1000,False,10,3,50,5,1.3999971999999998,15.24,1000,1,1,1,1,1,Galvanized,2.9762405
0,Mild Steel,Galvanized,6.0000,Mild Steel,7800.035629,80,0,False,False,Mild Steel,4000,1000,2000,1000,0,152.39999999999998,True,136.077711,True,1378.951456,True,1,0,0,1.3999971999999998,0.2,6.35,12.7,0,0,,,0,,True,False,False,False,False,False,True,300,True,3800,True,50,25,1.3999971999999998,273,0,0,3.0479999999999996,350,True,3800,True,0,-0.38674063816122667,0,0,-0.2291818957541002,-1,-1,False,False,0,0,1,300,5,1,0.6,1000,False,3000,1000,0,0,0,30,1.016,False,50,0,0,0,5,30,1.3999971999999998,0,60.96,5,1000,1000,20,1.3999971999999998,1000,1000,False,10,3,50,5,1.3999971999999998,15.24,1000,1,1,1,1,1,Galvanized,2.9762405
0,Mild Steel,Galvanized,8.0000,Mild Steel,7800.035629,80,0,False,False,Mild Steel,4000,1000,2000,1000,0,203.2,True,136.077711,True,1378.951456,True,1,0,0,1.3999971999999998,0.2,6.35,12.7,0,0,,,0,,True,False,False,False,False,False,True,300,True,3800,True,50,25,1.3999971999999998,273,0,0,3.0479999999999996,350,True,3800,True,0,-0.38674063816122667,0,0,-0.2291818957541002,-1,-1,False,False,0,0,1,300,5,1,0.6,1000,False,3000,1000,0,0,0,30,1.016,False,50,0,0,0,5,30,1.3999971999999998,0,60.96,5,1000,1000,20,1.3999971999999998,1000,1000,False,10,3,50,5,1.3999971999999998,15.24,1000,1,1,1,1,1,Galvanized,2.9762405
0,Mild Steel,Standard,0.0150,Mild Steel,7800.035629,80,0,False,False,Mild Steel,4000,1000,2000,1000,0,0.38099999999999995,True,136.077711,True,1378.951456,True,1,0,0,1.3999971999999998,0.254,3.8099999999999996,12.7,0,0,,,0,,True,False,False,False,False,False,True,300,True,3800,True,4,2,1.3999971999999998,273,0,0,45.466,350,True,3800,True,0,-4.129162870403211,0,0,-2.449662620127041,-1,-1,False,False,0,0,1,300,5,1,0.0561,1000,False,3000,1000,0,0,0,30,1.016,False,50,0,0,0,5,30,1.3999971999999998,0,5.69976,5,1000,1000,5,1.3999971999999998,1000,1000,False,10,3,50,5,1.3999971999999998,1.42494,1000,1,1,1,1,1,Standard,2.9762405
0,Mild Steel,Standard,0.0360,Mild Steel,7800.035629,80,0,False,False,Mild Steel,4000,1000,2000,1000,0,0.9143999999999999,True,136.077711,True,1378.951456,True,1,0,0,1.3999971999999998,0.254,3.8099999999999996,12.7,0,0,,,0,,True,False,False,False,False,False,True,300,True,3800,True,4,2,1.3999971999999998,273,0,0,45.466,350,True,3800,True,0,-4.129162870403211,0,0,-2.449662620127041,-1,-1,False,False,0,0,1,300,5,1,0.0561,1000,False,3000,1000,0,0,0,30,1.016,False,50,0,0,0,5,30,1.3999971999999998,0,5.69976,5,1000,1000,5,1.3999971999999998,1000,1000,False,10,3,50,5,1.3999971999999998,1.42494,1000,1,1,1,1,1,Standard,2.9762405
0,Mild Steel,Standard,0.0390,Mild Steel,7800.035629,80,0,False,False,Mild Steel,4000,1000,2000,1000,0,0.9905999999999999,True,136.077711,True,1378.951456,True,1,0,0,1.3999971999999998,0.254,3.8099999999999996,12.7,0,0,,,0,,True,False,False,False,False,False,True,300,True,3800,True,4,2,1.3999971999999998,273,0,0,45.466,350,True,3800,True,0,-4.129162870403211,0,0,-2.449662620127041,-1,-1,False,False,0,0,1,300,5,1,0.0561,1000,False,3000,1000,0,0,0,30,1.016,False,50,0,0,0,5,30,1.3999971999999998,0,5.69976,5,1000,1000,5,1.3999971999999998,1000,1000,False,10,3,50,5,1.3999971999999998,1.42494,1000,1,1,1,1,1,Standard,2.9762405
0,Mild Steel,Standard,0.0480,Mild Steel,7800.035629,80,0,False,False,Mild Steel,4000,1000,2000,1000,0,1.2192,True,136.077711,True,1378.951456,True,1,0,0,1.27,0.7111999999999999,4.7752,12.7,0,0,,,0,,True,False,False,False,False,False,True,300,True,3800,True,4,2,1.27,273,0,0,45.466,350,True,3800,True,0,-4.129162870403211,0,0,-2.449662620127041,-1,-1,False,False,0,0,1,300,5,1,0.0561,1000,False,3000,1000,0,0,0,30,1.016,False,50,0,0,0,5,30,1.3999971999999998,0,5.69976,5,1000,1000,5,1.3999971999999998,1000,1000,False,10,3,50,5,1.3999971999999998,1.42494,1000,1,1,1,1,1,Standard,2.9762405
0,Mild Steel,Standard,0.0600,Mild Steel,7800.035629,80,0,False,False,Mild Steel,4000,1000,2000,1000,0,1.5239999999999998,True,136.077711,True,1378.951456,True,1,0,0,1.3999971999999998,0.7111999999999999,3.8099999999999996,12.7,0,0,,,0,,True,False,False,False,False,False,True,300,True,3800,True,4,2,1.3999971999999998,273,0,0,45.466,350,True,3800,True,0,-4.129162870403211,0,0,-2.449662620127041,-1,-1,False,False,0,0,1,300,5,1,0.0561,1000,False,3000,1000,0,0,0,30,1.016,False,50,0,0,0,5,30,1.3999971999999998,0,5.69976,5,1000,1000,5,1.3999971999999998,1000,1000,False,10,3,50,5,1.3999971999999998,1.42494,1000,1,1,1,1,1,Standard,2.9762405
0,Mild Steel,Standard,0.0630,Mild Steel,7800.035629,80,0,False,False,Mild Steel,4000,1000,2000,1000,0,1.6002,True,136.077711,True,1378.951456,True,1,0,0,1.3999971999999998,0.7111999999999999,6.35,12.7,0,0,,,0,,True,False,False,False,False,False,True,300,True,3800,True,2,1,1.3999971999999998,273,0,0,157.48,350,True,3800,True,0,-5.44033203100551,0,0,-4.085616779974878,-1,-1,False,False,0,0,1,300,5,1,0.0189,1000,False,3000,1000,0,0,0,30,1.016,False,50,0,0,0,5,30,1.3999971999999998,0,1.92024,5,1000,1000,5,1.3999971999999998,1000,1000,False,10,3,50,5,1.3999971999999998,0.48006,1000,1,1,1,1,1,Standard,2.9762405
0,Mild Steel,Standard,0.0750,Mild Steel,7800.035629,80,0,False,False,Mild Steel,4000,1000,2000,1000,0,1.9049999999999998,True,136.077711,True,1378.951456,True,1,0,0,1.3999971999999998,0.635,3.8099999999999996,12.7,0,0,,,0,,True,False,False,False,False,False,True,300,True,3800,True,4,2,1.3999971999999998,273,0,0,45.466,350,True,3800,True,0,0,0,0,-1,-1,-1,False,False,0,0,1,300,5,1,0.0561,1000,False,3000,1000,0,0,0,30,1.016,False,50,0,0,0,5,30,1.3999971999999998,0,5.69976,5,1000,1000,5,1.3999971999999998,1000,1000,False,10,3,50,5,1.3999971999999998,1.42494,1000,1,1,1,1,1,Standard,2.9762405
0,Mild Steel,Standard,0.1090,Mild Steel,7800.035629,80,0,False,False,Mild Steel,4000,1000,2000,1000,0,2.7685999999999997,True,136.077711,True,1378.951456,True,1,0,0,1.3999971999999998,0.7111999999999999,3.8099999999999996,12.7,0,0,,,0,,True,False,False,False,False,False,True,300,True,3800,True,4,2,1.3999971999999998,273,0,0,45.466,350,True,3800,True,0,-4.129162870403211,0,0,-2.449662620127041,-1,-1,False,False,0,0,1,300,5,1,0.0561,1000,False,3000,1000,0,0,0,30,1.016,False,50,0,0,0,5,30,1.3999971999999998,0,5.69976,5,1000,1000,5,1.3999971999999998,1000,1000,False,10,3,50,5,1.3999971999999998,1.42494,1000,1,1,1,1,1,Standard,2.9762405
0,Mild Steel,Standard,0.1200,Mild Steel,7800.035629,80,0,False,False,Mild Steel,4000,1000,2000,1000,0,3.0479999999999996,True,136.077711,True,1378.951456,True,1,0,0,1.3999971999999998,0.635,3.8099999999999996,12.7,0,0,,,0,,True,False,False,False,False,False,True,300,True,3800,True,4,2,1.3999971999999998,273,0,0,45.466,350,True,3800,True,0,-4.129162870403211,0,0,-2.449662620127041,-1,-1,False,False,0,0,1,300,5,1,0.0561,1000,False,3000,1000,0,0,0,30,1.016,False,50,0,0,0,5,30,1.3999971999999998,0,5.69976,5,1000,1000,5,1.3999971999999998,1000,1000,False,10,3,50,5,1.3999971999999998,1.42494,1000,1,1,1,1,1,Standard,2.9762405
0,Mild Steel,Standard,0.1250,Mild Steel,7800.035629,80,0,False,False,Mild Steel,4000,1000,2000,1000,0,3.175,True,136.077711,True,1378.951456,True,1,0,0,1.3999971999999998,0.7111999999999999,4.7498,12.7,0,0,,,0,,True,False,False,False,False,False,True,300,True,3800,True,6,3,1.3999971999999998,273,0,0,71.11999999999999,350,True,3800,True,0,-5.710593137499642,0,0,-3.6619355755198,-1,-1,False,False,0,0,1,300,5,1,0.042,1000,False,3000,1000,0,0,0,30,1.016,False,50,0,0,0,5,30,1.3999971999999998,0,4.2672,5,1000,1000,5,1.3999971999999998,1000,1000,False,10,3,50,5,1.3999971999999998,1.0668,1000,1,1,1,1,1,Standard,2.9762405
0,Mild Steel,Standard,0.1350,Mild Steel,7800.035629,80,0,False,False,Mild Steel,4000,1000,2000,1000,0,3.429,True,136.077711,True,1378.951456,True,1,0,0,1.3999971999999998,0.508,2.54,12.7,0,0,,,0,,True,False,False,False,False,False,True,300,True,3800,True,6,3,1.3999971999999998,273,0,0,71.11999999999999,350,True,3800,True,0,-5.710593137499642,0,0,-3.6619355755198,-1,-1,False,False,0,0,1,300,5,1,0.042,1000,False,3000,1000,0,0,0,30,1.016,False,50,0,0,0,5,30,1.3999971999999998,0,4.2672,5,1000,1000,5,1.3999971999999998,1000,1000,False,10,3,50,5,1.3999971999999998,1.0668,1000,1,1,1,1,1,Standard,2.9762405
0,Mild Steel,Standard,0.1500,Mild Steel,7800.035629,80,0,False,False,Mild Steel,4000,1000,2000,1000,0,3.8099999999999996,True,136.077711,True,1378.951456,True,1,0,0,1.3999971999999998,0.2,2.54,12.7,0,0,,,0,,True,False,False,False,False,False,True,300,True,3800,True,6,3,1.3999971999999998,273,0,0,71.11999999999999,350,True,3800,True,0,-5.710593137499642,0,0,-3.6619355755198,-1,-1,False,False,0,0,1,300,5,1,0.042,1000,False,3000,1000,0,0,0,30,1.016,False,50,0,0,0,5,30,1.3999971999999998,0,4.2672,5,1000,1000,5,1.3999971999999998,1000,1000,False,10,3,50,5,1.3999971999999998,1.0668,1000,1,1,1,1,1,Standard,2.9762405
0,Mild Steel,Standard,0.1870,Mild Steel,7800.035629,80,0,False,False,Mild Steel,4000,1000,2000,1000,0,4.7498,True,136.077711,True,1378.951456,True,1,0,0,1.3999971999999998,0.6858,4.7498,12.7,0,0,,,0,,True,False,False,False,False,False,True,300,True,3800,True,4,2,1.3999971999999998,273,0,0,45.466,350,True,3800,True,0,-3.2137680868787575,0,0,-1.6846843178962854,-1,-1,False,False,0,0,1,300,5,1,0.0561,1000,False,3000,1000,0,0,0,30,1.016,False,50,0,0,0,5,30,1.3999971999999998,0,5.69976,5,1000,1000,5,1.3999971999999998,1000,1000,False,10,3,50,5,1.3999971999999998,1.42494,1000,1,1,1,1,1,Standard,2.9762405
0,Mild Steel,Standard,0.2500,Mild Steel,7800.035629,80,0,False,False,Mild Steel,4000,1000,2000,1000,0,6.35,True,136.077711,True,1378.951456,True,1,0,0,1.3999971999999998,0.7111999999999999,4.7752,12.7,0,0,,,0,,True,False,False,False,False,False,True,300,True,3800,True,3,2,1.3999971999999998,273,0,0,32.512,350,True,3800,True,0,-2.862405226111747,0,0,-1.6038627711549265,-1,-1,False,False,0,0,1,300,5,1,0.075,1000,False,3000,1000,0,0,0,30,1.016,False,50,0,0,0,5,30,1.3999971999999998,0,7.62,5,1000,1000,5,1.3999971999999998,1000,1000,False,10,3,50,5,1.3999971999999998,1.905,1000,1,1,1,1,1,Standard,2.9762405
0,Mild Steel,Standard,0.3120,Mild Steel,7800.035629,80,0,False,False,Mild Steel,4000,1000,2000,1000,0,7.9248,True,136.077711,True,1378.951456,True,1,0,0,1.3999971999999998,0.508,6.35,12.7,0,0,,,0,,True,False,False,False,False,False,True,300,True,3800,True,8,4,1.3999971999999998,273,0,0,25.4,350,True,3800,True,0,-2.202598161765807,0,0,-1.2852666069383183,-1,-1,False,False,0,0,1,300,5,1,0.0936,1000,False,3000,1000,0,0,0,30,1.016,False,50,0,0,0,5,30,1.3999971999999998,0,9.50976,5,1000,1000,5,1.3999971999999998,1000,1000,False,10,3,50,5,1.3999971999999998,2.37744,1000,1,1,1,1,1,Standard,2.9762405
0,Mild Steel,Standard,0.3750,Mild Steel,7800.035629,80,0,False,False,Mild Steel,4000,1000,2000,1000,0,9.525,True,136.077711,True,1378.951456,True,1,0,0,1.3999971999999998,0.7619999999999999,4.7498,12.7,0,0,,,0,,True,False,False,False,False,False,True,300,True,3800,True,4,1,1.3999971999999998,273,0,0,20.32,350,True,3800,True,0,-1.9091524329963754,0,0,-1.0693970206331145,-1,-1,False,False,0,0,1,300,5,1,0.1125,1000,False,3000,1000,0,0,0,30,1.016,False,50,0,0,0,5,30,1.3999971999999998,0,11.43,5,1000,1000,5,1.3999971999999998,1000,1000,False,10,3,50,5,1.3999971999999998,2.8575,1000,1,1,1,1,1,Standard,2.9762405
0,Mild Steel,Standard,0.5000,Mild Steel,7800.035629,80,0,False,False,Mild Steel,4000,1000,2000,1000,0,12.7,True,136.077711,True,1378.951456,True,1,0,0,1.3999971999999998,0.7111999999999999,4.7752,12.7,0,0,,,0,,True,False,False,False,False,False,True,300,True,3800,True,15,7,1.3999971999999998,273,0,0,14.731999999999998,350,True,3800,True,0,-1.7183580016554585,0,0,-0.8593722436446815,-1,-1,False,False,0,0,1,300,5,1,0.15,1000,False,3000,1000,0,0,0,30,1.016,False,50,0,0,0,5,30,1.3999971999999998,0,15.24,5,1000,1000,5,1.3999971999999998,1000,1000,False,10,3,50,5,1.3999971999999998,3.81,1000,1,1,1,1,1,Standard,2.9762405
0,Mild Steel,Standard,0.6250,Mild Steel,7800.035629,80,0,False,False,Mild Steel,4000,1000,2000,1000,0,15.875,True,136.077711,True,1378.951456,True,1,0,0,1.3999971999999998,0.6858,4.7498,12.7,0,0,,,0,,True,False,False,False,False,False,True,300,True,3800,True,15,7,1.3999971999999998,273,0,0,11.43,350,True,3800,True,0,-1.6038627711549296,0,0,-0.8708287873026269,-1,-1,False,False,0,0,1,300,5,1,0.1875,1000,False,3000,1000,0,0,0,30,1.016,False,50,0,0,0,5,30,1.3999971999999998,0,19.05,5,1000,1000,5,1.3999971999999998,1000,1000,False,10,3,50,5,1.3999971999999998,4.7625,1000,1,1,1,1,1,Standard,2.9762405
0,Mild Steel,Standard,0.7500,Mild Steel,7800.035629,80,0,False,False,Mild Steel,4000,1000,2000,1000,0,19.05,True,136.077711,True,1378.951456,True,1,0,0,1.3999971999999998,0.7619999999999999,4.7498,12.7,0,0,,,0,,True,False,False,False,False,False,True,300,True,3800,True,10,5,1.3999971999999998,273,0,0,9.143999999999998,350,True,3800,True,0,-1.0312126698879533,0,0,-0.6111318044365194,-1,-1,False,False,0,0,1,300,5,1,0.225,1000,False,3000,1000,0,0,0,30,1.016,False,50,0,0,0,5,30,1.3999971999999998,0,22.86,5,1000,1000,5,1.3999971999999998,1000,1000,False,10,3,50,5,1.3999971999999998,5.715,1000,1,1,1,1,1,Standard,2.9762405
0,Mild Steel,Standard,0.8750,Mild Steel,7800.035629,80,0,False,False,Mild Steel,4000,1000,2000,1000,0,22.225,True,136.077711,True,1378.951456,True,1,0,0,1.3999971999999998,0,6.35,12.7,0,0,,,0,,True,False,False,False,False,False,True,300,True,3800,True,10,5,1.3999971999999998,273,0,0,7.619999999999999,350,True,3800,True,0,-0.8839218947283454,0,0,-0.5238325312609574,-1,-1,False,False,0,0,1,300,5,1,0.2625,1000,False,3000,1000,0,0,0,30,1.016,False,50,0,0,0,5,30,1.3999971999999998,0,26.67,5,1000,1000,5,1.3999971999999998,1000,1000,False,10,3,50,5,1.3999971999999998,6.6675,1000,1,1,1,1,1,Standard,2.9762405
0,Mild Steel,Standard,1.0000,Mild Steel,7800.035629,80,0,False,False,Mild Steel,4000,1000,2000,1000,0,25.4,True,136.077711,True,1378.951456,True,1,0,0,1.3999971999999998,0.8128,4.7498,12.7,0,0,,,0,,True,False,False,False,False,False,True,300,True,3800,True,30,10,1.3999971999999998,273,0,0,6.604,350,True,3800,True,0,-1.5179828891198932,0,0,-0.6015835773408369,-1,-1,False,False,0,0,1,300,5,1,0.3,1000,False,3000,1000,0,0,0,30,1.016,False,50,0,0,0,5,30,1.3999971999999998,0,30.48,5,1000,1000,5,1.3999971999999998,1000,1000,False,10,3,50,5,1.3999971999999998,7.62,1000,1,1,1,1,1,Standard,2.9762405
0,Mild Steel,Standard,1.1250,Mild Steel,7800.035629,80,0,False,False,Mild Steel,4000,1000,2000,1000,0,28.575,True,136.077711,True,1378.951456,True,1,0,0,1.3999971999999998,0.508,6.35,12.7,0,0,,,0,,True,False,False,False,False,False,True,300,True,3800,True,35,17,1.3999971999999998,273,0,0,5.08,350,True,3800,True,0,-1.1228535080486308,0,0,-0.6875163546391002,-1,-1,False,False,0,0,1,300,5,1,0.375,1000,False,3000,1000,0,0,0,30,1.016,False,50,0,0,0,5,30,1.3999971999999998,0,38.1,5,1000,1000,5,1.3999971999999998,1000,1000,False,10,3,50,5,1.3999971999999998,9.525,1000,1,1,1,1,1,Standard,2.9762405
0,Mild Steel,Standard,1.2500,Mild Steel,7800.035629,80,0,False,False,Mild Steel,4000,1000,2000,1000,0,31.75,True,136.077711,True,1378.951456,True,1,0,0,1.3999971999999998,0.7111999999999999,6.35,12.7,0,0,,,0,,True,False,False,False,False,False,True,300,True,3800,True,35,17,1.3999971999999998,273,0,0,5.08,350,True,3800,True,0,-1.1228535080486308,0,0,-0.6875163546391002,-1,-1,False,False,0,0,1,300,5,1,0.375,1000,False,3000,1000,0,0,0,30,1.016,False,50,0,0,0,5,30,1.3999971999999998,0,38.1,5,1000,1000,5,1.3999971999999998,1000,1000,False,10,3,50,5,1.3999971999999998,9.525,1000,1,1,1,1,1,Standard,2.9762405
0,Mild Steel,Standard,1.3750,Mild Steel,7800.035629,80,0,False,False,Mild Steel,4000,1000,2000,1000,0,34.925,True,136.077711,True,1378.951456,True,1,0,0,1.3999971999999998,0.7111999999999999,6.35,12.7,0,0,,,0,,True,False,False,False,False,False,True,300,True,3800,True,35,17,1.3999971999999998,273,0,0,5.08,350,True,3800,True,0,-1.1228535080486308,0,0,-0.6875163546391002,-1,-1,False,False,0,0,1,300,5,1,0.375,1000,False,3000,1000,0,0,0,30,1.016,False,50,0,0,0,5,30,1.3999971999999998,0,38.1,5,1000,1000,5,1.3999971999999998,1000,1000,False,10,3,50,5,1.3999971999999998,9.525,1000,1,1,1,1,1,Standard,2.9762405
0,Mild Steel,Standard,1.5000,Mild Steel,7800.035629,80,0,False,False,Mild Steel,4000,1000,2000,1000,0,38.1,True,136.077711,True,1378.951456,True,1,0,0,1.3999971999999998,0.6858,6.35,12.7,0,0,,,0,,True,False,False,False,False,False,True,300,True,3800,True,40,20,1.3999971999999998,273,0,0,4.064,350,True,3800,True,0,-0.5156480934199321,0,0,-0.3055745934585659,-1,-1,False,False,0,0,1,300,5,1,0.45,1000,False,3000,1000,0,0,0,30,1.016,False,50,0,0,0,5,30,1.3999971999999998,0,45.72,5,1000,1000,20,1.3999971999999998,1000,800,False,10,3,50,5,1.3999971999999998,11.43,1000,1,1,1,1,1,Standard,2.9762405
0,Mild Steel,Standard,1.6250,Mild Steel,7800.035629,80,0,False,False,Mild Steel,4000,1000,2000,1000,0,41.275,True,136.077711,True,1378.951456,True,1,0,0,1.3999971999999998,0.2,6.35,12.7,0,0,,,0,,True,False,False,False,False,False,True,300,True,3800,True,45,22,1.3999971999999998,273,0,0,3.556,350,True,3800,True,0,-0.4419872459420313,0,0,-0.26192173895527376,-1,-1,False,False,0,0,1,300,5,1,0.525,1000,False,3000,1000,0,0,0,30,1.016,False,50,0,0,0,5,30,1.3999971999999998,0,53.34,5,1000,1000,5,1.3999971999999998,1000,1000,False,10,3,50,5,1.3999971999999998,13.335,1000,1,1,1,1,1,Standard,2.9762405
0,Mild Steel,Standard,1.7500,Mild Steel,7800.035629,80,0,False,False,Mild Steel,4000,1000,2000,1000,0,44.45,True,136.077711,True,1378.951456,True,1,0,0,1.3999971999999998,0.2,6.35,12.7,0,0,,,0,,True,False,False,False,False,False,True,300,True,3800,True,45,22,1.3999971999999998,273,0,0,3.556,350,True,3800,True,0,-0.4419872459420313,0,0,-0.26192173895527376,-1,-1,False,False,0,0,1,300,5,1,0.525,1000,False,3000,1000,0,0,0,30,1.016,False,50,0,0,0,5,30,1.3999971999999998,0,53.34,5,1000,1000,5,1.3999971999999998,1000,1000,False,10,3,50,5,1.3999971999999998,13.335,1000,1,1,1,1,1,Standard,2.9762405
0,Mild Steel,Standard,1.8750,Mild Steel,7800.035629,80,0,False,False,Mild Steel,4000,1000,2000,1000,0,47.625,True,136.077711,True,1378.951456,True,1,0,0,1.3999971999999998,0.38099999999999995,6.35,12.7,0,0,,,0,,True,False,False,False,False,False,True,300,True,3800,True,50,25,1.3999971999999998,273,0,0,3.0479999999999996,350,True,3800,True,0,-0.38674063816122667,0,0,-0.2291818957541002,-1,-1,False,False,0,0,1,300,5,1,0.6,1000,False,3000,1000,0,0,0,30,1.016,False,50,0,0,0,5,30,1.3999971999999998,0,60.96,5,1000,1000,20,1.3999971999999998,1000,1000,False,10,3,50,5,1.3999971999999998,15.24,1000,1,1,1,1,1,Standard,2.9762405
0,Mild Steel,Standard,2.0000,Mild Steel,7800.035629,80,0,False,False,Mild Steel,4000,1000,2000,1000,0,50.8,True,136.077711,True,1378.951456,True,1,0,0,1.3999971999999998,0.7111999999999999,6.35,12.7,0,0,,,0,,True,False,False,False,False,False,True,300,True,3800,True,50,25,1.3999971999999998,273,0,0,3.0479999999999996,350,True,3800,True,0,-0.38674063816122667,0,0,-0.2291818957541002,-1,-1,False,False,0,0,1,300,5,1,0.6,1000,False,3000,1000,0,0,0,30,1.016,False,50,0,0,0,5,30,1.3999971999999998,0,60.96,5,1000,1000,20,1.3999971999999998,1000,1000,False,10,3,50,5,1.3999971999999998,15.24,1000,1,1,1,1,1,Standard,2.9762405
0,Mild Steel,Standard,2.2500,Mild Steel,7800.035629,80,0,False,False,Mild Steel,4000,1000,2000,1000,0,57.15,True,136.077711,True,1378.951456,True,1,0,0,1.3999971999999998,0.38099999999999995,6.35,12.7,0,0,,,0,,True,False,False,False,False,False,True,300,True,3800,True,50,25,1.3999971999999998,273,0,0,3.0479999999999996,350,True,3800,True,0,-0.38674063816122667,0,0,-0.2291818957541002,-1,-1,False,False,0,0,1,300,5,1,0.6,1000,False,3000,1000,0,0,0,30,1.016,False,50,0,0,0,5,30,1.3999971999999998,0,60.96,5,1000,1000,20,1.3999971999999998,1000,1000,False,10,3,50,5,1.3999971999999998,15.24,1000,1,1,1,1,1,Standard,2.9762405
0,Mild Steel,Standard,2.5000,Mild Steel,7800.035629,80,0,False,False,Mild Steel,4000,1000,2000,1000,0,63.5,True,136.077711,True,1378.951456,True,1,0,0,1.3999971999999998,0.7111999999999999,6.35,12.7,0,0,,,0,,True,False,False,False,False,False,True,300,True,3800,True,15,7,1.3999971999999998,273,0,0,14.731999999999998,350,True,3800,True,0,-1.6038627711549347,0,0,-0.9739344366011572,-1,-1,False,False,0,0,1,300,5,1,0.15,1000,False,3000,1000,0,0,0,30,1.016,False,50,0,0,0,5,30,1.3999971999999998,0,15.24,5,1000,1000,5,1.3999971999999998,1000,1000,False,10,3,50,5,1.3999971999999998,3.81,1000,1,1,1,1,1,Standard,2.9762405
0,Mild Steel,Standard,2.7500,Mild Steel,7800.035629,80,0,False,False,Mild Steel,4000,1000,2000,1000,0,69.85,True,136.077711,True,1378.951456,True,1,0,0,1.3999971999999998,0.45719999999999994,6.35,12.7,0,0,,,0,,True,False,False,False,False,False,True,300,True,3800,True,15,7,1.3999971999999998,273,0,0,14.731999999999998,350,True,3800,True,0,-1.6038627711549347,0,0,-0.9739344366011572,-1,-1,False,False,0,0,1,300,5,1,0.15,1000,False,3000,1000,0,0,0,30,1.016,False,50,0,0,0,5,30,1.3999971999999998,0,15.24,5,1000,1000,5,1.3999971999999998,1000,1000,False,10,3,50,5,1.3999971999999998,3.81,1000,1,1,1,1,1,Standard,2.9762405
0,Mild Steel,Standard,3.0000,Mild Steel,7800.035629,80,0,False,False,Mild Steel,4000,1000,2000,1000,0,76.19999999999999,True,136.077711,True,1378.951456,True,1,0,0,1.3999971999999998,0.2,6.35,12.7,0,0,,,0,,True,False,False,False,False,False,True,300,True,3800,True,50,25,1.3999971999999998,273,0,0,3.0479999999999996,350,True,3800,True,0,-0.38674063816122667,0,0,-0.2291818957541002,-1,-1,False,False,0,0,1,300,5,1,0.6,1000,False,3000,1000,0,0,0,30,1.016,False,50,0,0,0,5,30,1.3999971999999998,0,60.96,5,1000,1000,20,1.3999971999999998,1000,1000,False,10,3,50,5,1.3999971999999998,15.24,1000,1,1,1,1,1,Standard,2.9762405
0,Mild Steel,Standard,3.5000,Mild Steel,7800.035629,80,0,False,False,Mild Steel,4000,1000,2000,1000,0,88.89999999999999,True,136.077711,True,1378.951456,True,1,0,0,1.3999971999999998,0.2,6.35,12.7,0,0,,,0,,True,False,False,False,False,False,True,300,True,3800,True,50,25,1.3999971999999998,273,0,0,3.0479999999999996,350,True,3800,True,0,-0.38674063816122667,0,0,-0.2291818957541002,-1,-1,False,False,0,0,1,300,5,1,0.6,1000,False,3000,1000,0,0,0,30,1.016,False,50,0,0,0,5,30,1.3999971999999998,0,60.96,5,1000,1000,20,1.3999971999999998,1000,1000,False,10,3,50,5,1.3999971999999998,15.24,1000,1,1,1,1,1,Standard,2.9762405
0,Mild Steel,Standard,4.0000,Mild Steel,7800.035629,80,0,False,False,Mild Steel,4000,1000,2000,1000,0,101.6,True,136.077711,True,1378.951456,True,1,0,0,1.3999971999999998,0.2,6.35,12.7,0,0,,,0,,True,False,False,False,False,False,True,300,True,3800,True,50,25,1.3999971999999998,273,0,0,3.0479999999999996,350,True,3800,True,0,-0.38674063816122667,0,0,-0.2291818957541002,-1,-1,False,False,0,0,1,300,5,1,0.6,1000,False,3000,1000,0,0,0,30,1.016,False,50,0,0,0,5,30,1.3999971999999998,0,60.96,5,1000,1000,20,1.3999971999999998,1000,1000,False,10,3,50,5,1.3999971999999998,15.24,1000,1,1,1,1,1,Standard,2.9762405
0,Mild Steel,Standard,5.0000,Mild Steel,7800.035629,80,0,False,False,Mild Steel,4000,1000,2000,1000,0,127,True,136.077711,True,1378.951456,True,1,0,0,1.3999971999999998,0.2,6.35,12.7,0,0,,,0,,True,False,False,False,False,False,True,300,True,3800,True,50,25,1.3999971999999998,273,0,0,3.0479999999999996,350,True,3800,True,0,-0.38674063816122667,0,0,-0.2291818957541002,-1,-1,False,False,0,0,1,300,5,1,0.6,1000,False,3000,1000,0,0,0,30,1.016,False,50,0,0,0,5,30,1.3999971999999998,0,60.96,5,1000,1000,20,1.3999971999999998,1000,1000,False,10,3,50,5,1.3999971999999998,15.24,1000,1,1,1,1,1,Standard,2.9762405
0,Mild Steel,Standard,6.0000,Mild Steel,7800.035629,80,0,False,False,Mild Steel,4000,1000,2000,1000,0,152.39999999999998,True,136.077711,True,1378.951456,True,1,0,0,1.3999971999999998,0.2,6.35,12.7,0,0,,,0,,True,False,False,False,False,False,True,300,True,3800,True,50,25,1.3999971999999998,273,0,0,3.0479999999999996,350,True,3800,True,0,-0.38674063816122667,0,0,-0.2291818957541002,-1,-1,False,False,0,0,1,300,5,1,0.6,1000,False,3000,1000,0,0,0,30,1.016,False,50,0,0,0,5,30,1.3999971999999998,0,60.96,5,1000,1000,20,1.3999971999999998,1000,1000,False,10,3,50,5,1.3999971999999998,15.24,1000,1,1,1,1,1,Standard,2.9762405
0,Mild Steel,Standard,8.0000,Mild Steel,7800.035629,80,0,False,False,Mild Steel,4000,1000,2000,1000,0,203.2,True,136.077711,True,1378.951456,True,1,0,0,1.3999971999999998,0.2,6.35,12.7,0,0,,,0,,True,False,False,False,False,False,True,300,True,3800,True,50,25,1.3999971999999998,273,0,0,3.0479999999999996,350,True,3800,True,0,-0.38674063816122667,0,0,-0.2291818957541002,-1,-1,False,False,0,0,1,300,5,1,0.6,1000,False,3000,1000,0,0,0,30,1.016,False,50,0,0,0,5,30,1.3999971999999998,0,60.96,5,1000,1000,20,1.3999971999999998,1000,1000,False,10,3,50,5,1.3999971999999998,15.24,1000,1,1,1,1,1,Standard,2.9762405
0,NEOPRENE2PLY,Standard,0.0630,NEOPRENE2PLY,1368.120932523853,650,0,False,False,NEOPRENE2PLY,4000,1000,2000,1000,0,1.6002,True,1000,True,3800,True,1,0,0,1.3999971999999998,0.2,6.35,25.4,0,0,,,0,,True,True,False,False,False,False,True,300,True,3800,True,2,1,1.3999971999999998,273,0,0,1000,350,True,3800,True,0,0,0,0,-1,-1,-1,False,False,0,0,1,300,5,1,0.0189,1000,False,3000,1000,0,0,0,30,1.016,False,50,0,0,0,5,30,1.3999971999999998,0,1.92024,5,1000,1000,5,1.3999971999999998,1000,1000,False,10,3,50,5,1.3999971999999998,0.48006,1000,1,1,1,1,1,Standard,1
0,NEOPRENE2PLY,Standard,0.0740,NEOPRENE2PLY,1368.120932523853,650,0,False,False,NEOPRENE2PLY,4000,1000,2000,1000,0,1.8796,True,1000,True,3800,True,1,0,0,1.3999971999999998,0.2,6.35,25.4,0,0,,,0,,True,True,False,False,False,False,True,300,True,3800,True,2,1,1.3999971999999998,273,0,0,1000,350,True,3800,True,0,0,0,0,-1,-1,-1,False,False,0,0,1,300,5,1,0.0222,1000,False,3000,1000,0,0,0,30,1.016,False,50,0,0,0,5,30,1.3999971999999998,0,2.25552,5,1000,1000,5,1.3999971999999998,1000,1000,False,10,3,50,5,1.3999971999999998,0.56388,1000,1,1,1,1,1,Standard,1
0,NEOPRENE2PLY,Standard,0.0980,NEOPRENE2PLY,1368.120932523853,650,0,False,False,NEOPRENE2PLY,4000,1000,2000,1000,0,2.4892,True,1000,True,3800,True,1,0,0,1.3999971999999998,0.2,6.35,25.4,0,0,,,0,,True,True,False,False,False,False,True,300,True,3800,True,1,1,1.3999971999999998,273,0,0,1000,350,True,3800,True,0,0,0,0,-1,-1,-1,False,False,0,0,1,300,5,1,0.0294,1000,False,3000,1000,0,0,0,30,1.016,False,50,0,0,0,5,30,1.3999971999999998,0,2.98704,5,1000,1000,5,1.3999971999999998,1000,1000,False,10,3,50,5,1.3999971999999998,0.74676,1000,1,1,1,1,1,Standard,1
0,NEOPRENE2PLY,Standard,0.1000,NEOPRENE2PLY,1368.120932523853,650,0,False,False,NEOPRENE2PLY,4000,1000,2000,1000,0,2.54,True,1000,True,3800,True,1,0,0,1.3999971999999998,0.2,6.35,25.4,0,0,,,0,,True,True,False,False,False,False,True,300,True,3800,True,3,1,1.3999971999999998,273,0,0,1000,350,True,3800,True,0,0,0,0,-1,-1,-1,False,False,0,0,1,300,5,1,0.03,1000,False,3000,1000,0,0,0,30,1.016,False,50,0,0,0,5,30,1.3999971999999998,0,3.048,5,1000,1000,5,1.3999971999999998,1000,1000,False,10,3,50,5,1.3999971999999998,0.762,1000,1,1,1,1,1,Standard,1
0,NEOPRENE2PLY,Standard,0.1250,NEOPRENE2PLY,1368.120932523853,650,0,False,False,NEOPRENE2PLY,4000,1000,2000,1000,0,3.175,True,1000,True,3800,True,1,0,0,1.3999971999999998,0.2,6.35,25.4,0,0,,,0,,True,True,False,False,False,False,True,300,True,3800,True,2,3,1.3999971999999998,273,0,0,1000,350,True,3800,True,0,0,0,0,-1,-1,-1,False,False,0,0,1,300,5,1,0.042,1000,False,3000,1000,0,0,0,30,1.016,False,50,0,0,0,5,30,1.3999971999999998,0,4.2672,5,1000,1000,5,1.3999971999999998,1000,1000,False,10,3,50,5,1.3999971999999998,1.0668,1000,1,1,1,1,1,Standard,1
0,NEOPRENE2PLY,Standard,0.1400,NEOPRENE2PLY,1368.120932523853,650,0,False,False,NEOPRENE2PLY,4000,1000,2000,1000,0,3.556,True,1000,True,3800,True,1,0,0,1.3999971999999998,0.2,2.54,25.4,0,0,,,0,,True,True,False,False,False,False,True,300,True,3800,True,6,3,1.3999971999999998,273,0,0,1000,350,True,3800,True,0,0,0,0,-1,-1,-1,False,False,0,0,1,300,5,1,0.042,1000,False,3000,1000,0,0,0,30,1.016,False,50,0,0,0,5,30,1.3999971999999998,0,4.2672,5,1000,1000,5,1.3999971999999998,1000,1000,False,10,3,50,5,1.3999971999999998,1.0668,1000,1,1,1,1,1,Standard,1
0,NEOPRENE2PLY,Standard,0.1870,NEOPRENE2PLY,1368.120932523853,650,0,False,False,NEOPRENE2PLY,4000,1000,2000,1000,0,4.7498,True,1000,True,3800,True,1,0,0,1.3999971999999998,0.2,6.35,25.4,0,0,,,0,,True,True,False,False,False,False,True,300,True,3800,True,4,2,1.3999971999999998,273,0,0,1000,350,True,3800,True,0,0,0,0,-1,-1,-1,False,False,0,0,1,300,5,1,0.0561,1000,False,3000,1000,0,0,0,30,1.016,False,50,0,0,0,5,30,1.3999971999999998,0,5.69976,5,1000,1000,5,1.3999971999999998,1000,1000,False,10,3,50,5,1.3999971999999998,1.42494,1000,1,1,1,1,1,Standard,1
0,NEOPRENE2PLY,Standard,0.2500,NEOPRENE2PLY,1368.120932523853,650,0,False,False,NEOPRENE2PLY,4000,1000,2000,1000,0,6.35,True,1000,True,3800,True,1,0,0,1.3999971999999998,1.016,6.35,25.4,0,0,,,0,,True,True,False,False,False,False,True,300,True,3800,True,4,2,1.3999971999999998,273,0,0,1000,350,True,3800,True,0,0,0,0,-1,-1,-1,False,False,0,0,1,300,5,1,0.075,1000,False,3000,1000,0,0,0,30,1.016,False,50,0,0,0,5,30,1.3999971999999998,0,7.62,5,1000,1000,5,1.3999971999999998,1000,1000,False,10,3,50,5,1.3999971999999998,1.905,1000,1,1,1,1,1,Standard,1
0,NEOPRENE2PLY,Standard,0.3120,NEOPRENE2PLY,1368.120932523853,650,0,False,False,NEOPRENE2PLY,4000,1000,2000,1000,0,7.9248,True,1000,True,3800,True,1,0,0,1.3999971999999998,0.2,6.35,25.4,0,0,,,0,,True,True,False,False,False,False,True,300,True,3800,True,8,4,1.3999971999999998,273,0,0,1000,350,True,3800,True,0,0,0,0,-1,-1,-1,False,False,0,0,1,300,5,1,0.0936,1000,False,3000,1000,0,0,0,30,1.016,False,50,0,0,0,5,30,1.3999971999999998,0,9.50976,5,1000,1000,5,1.3999971999999998,1000,1000,False,10,3,50,5,1.3999971999999998,2.37744,1000,1,1,1,1,1,Standard,1
0,NEOPRENE2PLY,Standard,0.3150,NEOPRENE2PLY,1368.120932523853,650,0,False,False,NEOPRENE2PLY,4000,1000,2000,1000,0,8.001,True,1000,True,3800,True,1,0,0,1.3999971999999998,0.2,6.35,25.4,0,0,,,0,,True,True,False,False,False,False,True,300,True,3800,True,8,4,1.3999971999999998,273,0,0,1000,350,True,3800,True,0,0,0,0,-1,-1,-1,False,False,0,0,1,300,5,1,0.0945,1000,False,3000,1000,0,0,0,30,1.016,False,50,0,0,0,5,30,1.3999971999999998,0,9.6012,5,1000,1000,5,1.3999971999999998,1000,1000,False,10,3,50,5,1.3999971999999998,2.4003,1000,1,1,1,1,1,Standard,1
0,NEOPRENE2PLY,Standard,0.3750,NEOPRENE2PLY,1368.120932523853,650,0,False,False,NEOPRENE2PLY,4000,1000,2000,1000,0,9.525,True,1000,True,3800,True,1,0,0,1.3999971999999998,0.9652,6.35,25.4,0,0,,,0,,True,True,False,False,False,False,True,300,True,1378.951456,True,2,1,1.3999971999999998,273,0,0,914.4,350,True,3800,True,0,0,0,0,-1,-1,-1,False,False,0,0,1,300,5,1,0.1125,508,True,508,304.79999999999995,3,3,0,30,1.016,False,50,0,0,0,5,30,1.3999971999999998,0,11.43,5,1000,1000,5,1.3999971999999998,1000,1000,False,10,3,50,5,1.3999971999999998,2.8575,1000,1,1,1,1,1,Standard,1
0,NEOPRENE2PLY,Standard,0.5000,NEOPRENE2PLY,1368.120932523853,650,0,False,False,NEOPRENE2PLY,4000,1000,2000,1000,0,12.7,True,1000,True,3800,True,1,0,0,1.3999971999999998,0.38099999999999995,6.35,25.4,0,0,,,0,,True,True,False,False,False,False,True,300,True,3800,True,3,3,1.3999971999999998,273,0,0,660.4,350,True,3800,True,0,0,0,0,-1,-1,-1,False,False,0,0,1,300,5,1,0.15,1000,True,241.29999999999998,139.7,0,0,0,30,1.016,False,50,0,0,0,5,30,1.3999971999999998,0,15.24,5,1000,1000,5,1.3999971999999998,1000,1000,False,10,3,50,5,1.3999971999999998,3.81,1000,1,1,1,1,1,Standard,1
0,NEOPRENE2PLY,Standard,0.6250,NEOPRENE2PLY,1368.120932523853,650,0,False,False,NEOPRENE2PLY,4000,1000,2000,1000,0,15.875,True,1000,True,3800,True,1,0,0,1.3999971999999998,0.2,6.35,25.4,0,0,,,0,,True,True,False,False,False,False,True,300,True,3800,True,15,7,1.3999971999999998,273,0,0,1000,350,True,3800,True,0,0,0,0,-1,-1,-1,False,False,0,0,1,300,5,1,0.1875,1000,True,228.6,114.3,0,0,0,30,1.016,False,50,0,0,0,5,30,1.3999971999999998,0,19.05,5,1000,1000,5,1.3999971999999998,1000,1000,False,10,3,50,5,1.3999971999999998,4.7625,1000,1,1,1,1,1,Standard,1
0,NEOPRENE2PLY,Standard,0.6300,NEOPRENE2PLY,1368.120932523853,650,0,False,False,NEOPRENE2PLY,4000,1000,2000,1000,0,16.002,True,1000,True,3800,True,1,0,0,1.3999971999999998,0.2,6.35,25.4,0,0,,,0,,True,True,False,False,False,False,True,300,True,3800,True,20,10,1.3999971999999998,273,0,0,1000,350,True,3800,True,0,0,0,0,-1,-1,-1,False,False,0,0,1,300,5,1,0.189,1000,False,3000,1000,0,0,0,30,1.016,False,50,0,0,0,5,30,1.3999971999999998,0,19.2024,5,1000,1000,5,1.3999971999999998,1000,1000,False,10,3,50,5,1.3999971999999998,4.8006,1000,1,1,1,1,1,Standard,1
0,NEOPRENE2PLY,Standard,0.6896,NEOPRENE2PLY,1368.120932523853,650,0,False,False,NEOPRENE2PLY,4000,1000,2000,1000,0,17.51584,True,1000,True,3800,True,1,0,0,1.3999971999999998,0.2,6.35,25.4,0,0,,,0,,True,True,False,False,False,False,True,300,True,1378.951456,False,25,12,1.3999971999999998,273,0,0,1000,350,True,3800,True,0,0,0,0,-1,-1,-1,False,False,0,0,1,300,5,1,0.20688,1000,False,3000,1000,0,0,0,30,1.016,False,50,0,0,0,5,30,1.3999971999999998,0,21.019008,5,1000,1000,5,1.3999971999999998,1000,1000,False,10,3,50,5,1.3999971999999998,5.254752,1000,1,1,1,1,1,Standard,1
0,NEOPRENE2PLY,Standard,0.7500,NEOPRENE2PLY,1368.120932523853,650,0,False,False,NEOPRENE2PLY,4000,1000,2000,1000,0,19.05,True,1000,True,3800,True,1,0,0,1.3999971999999998,0.2,6.35,25.4,0,0,,,0,,True,True,False,False,False,False,True,300,True,1378.951456,False,12,12,1.3999971999999998,273,0,0,406.4,350,True,3800,True,0,0,0,0,-1,-1,-1,False,False,0,0,1,300,5,1,0.225,1000,False,3000,1000,0,0,0,30,1.016,False,50,0,0,0,5,30,1.3999971999999998,0,22.86,5,1000,1000,5,1.3999971999999998,1000,1000,False,10,3,50,5,1.3999971999999998,5.715,1000,1,1,1,1,1,Standard,1
0,NEOPRENE2PLY,Standard,0.8750,NEOPRENE2PLY,1368.120932523853,650,0,False,False,NEOPRENE2PLY,4000,1000,2000,1000,0,22.225,True,1000,True,3800,True,1,0,0,1.3999971999999998,0.2,6.35,25.4,0,0,,,0,,True,True,False,False,False,False,True,300,True,1378.951456,False,12,12,1.3999971999999998,273,0,0,1000,350,True,3800,True,0,0,0,0,-1,-1,-1,False,False,0,0,1,300,5,1,0.2625,1000,False,3000,1000,0,0,0,30,1.016,False,50,0,0,0,5,30,1.3999971999999998,0,26.67,5,1000,1000,5,1.3999971999999998,1000,1000,False,10,3,50,5,1.3999971999999998,6.6675,1000,1,1,1,1,1,Standard,1
0,NEOPRENE2PLY,Standard,1.0000,NEOPRENE2PLY,1368.120932523853,650,0,False,False,NEOPRENE2PLY,4000,1000,2000,1000,0,25.4,True,1000,True,3800,True,1,0,0,1.3999971999999998,1.016,6.35,25.4,0,0,,,0,,True,True,False,False,False,False,True,300,True,3800,False,15,15,1.3999971999999998,273,0,0,279.4,350,True,3800,True,0,0,0,0,-1,-1,-1,False,False,0,0,1,300,5,1,0.3,1000,False,3000,1000,0,0,0,30,1.016,False,50,0,0,0,5,30,1.3999971999999998,0,30.48,5,1000,1000,5,1.3999971999999998,1000,1000,False,10,3,50,5,1.3999971999999998,7.62,1000,1,1,1,1,1,Standard,1
0,NEOPRENE2PLY,Standard,1.2500,NEOPRENE2PLY,1368.120932523853,650,0,False,False,NEOPRENE2PLY,4000,1000,2000,1000,0,31.75,True,1000,True,3800,True,1,0,0,1.3999971999999998,0.2,6.35,25.4,0,0,,,0,,True,True,False,False,False,False,True,300,True,3800,True,35,17,1.3999971999999998,273,0,0,228.6,350,True,3800,True,0,0,0,0,-1,-1,-1,False,False,0,0,1,300,5,1,0.375,1000,False,3000,1000,0,0,0,30,1.016,False,50,0,0,0,5,30,1.3999971999999998,0,38.1,5,1000,1000,5,1.3999971999999998,1000,1000,False,10,3,50,5,1.3999971999999998,9.525,1000,1,1,1,1,1,Standard,1
0,NEOPRENE2PLY,Standard,1.5000,NEOPRENE2PLY,1368.120932523853,650,0,False,False,NEOPRENE2PLY,4000,1000,2000,1000,0,38.1,True,1000,True,3800,True,1,0,0,1.3999971999999998,0.508,6.35,25.4,0,0,,,0,,True,True,False,False,False,False,True,300,True,3800,True,40,20,1.3999971999999998,273,0,0,177.79999999999998,350,True,3800,True,0,0,0,0,-1,-1,-1,False,False,0,0,1,300,5,1,0.45,1000,False,3000,1000,0,0,0,30,1.016,False,50,0,0,0,5,30,1.3999971999999998,0,45.72,5,1000,1000,20,1.3999971999999998,1000,800,False,10,3,50,5,1.3999971999999998,11.43,1000,1,1,1,1,1,Standard,1
0,NEOPRENE2PLY,Standard,1.6250,NEOPRENE2PLY,1368.120932523853,650,0,False,False,NEOPRENE2PLY,4000,1000,2000,1000,0,41.275,True,1000,True,3800,True,1,0,0,1.3999971999999998,0.2,6.35,25.4,0,0,,,0,,True,True,False,False,False,False,True,300,True,3800,True,45,22,1.3999971999999998,273,0,0,1000,350,True,3800,True,0,0,0,0,-1,-1,-1,False,False,0,0,1,300,5,1,0.525,1000,False,3000,1000,0,0,0,30,1.016,False,50,0,0,0,5,30,1.3999971999999998,0,53.34,5,1000,1000,5,1.3999971999999998,1000,1000,False,10,3,50,5,1.3999971999999998,13.335,1000,1,1,1,1,1,Standard,1
0,NEOPRENE2PLY,Standard,1.7500,NEOPRENE2PLY,1368.120932523853,650,0,False,False,NEOPRENE2PLY,4000,1000,2000,1000,0,44.45,True,1000,True,3800,True,1,0,0,1.3999971999999998,0.2,6.35,25.4,0,0,,,0,,True,True,False,False,False,False,True,300,True,3800,True,45,22,1.3999971999999998,273,0,0,1000,350,True,3800,True,0,0,0,0,-1,-1,-1,False,False,0,0,1,300,5,1,0.525,1000,False,3000,1000,0,0,0,30,1.016,False,50,0,0,0,5,30,1.3999971999999998,0,53.34,5,1000,1000,5,1.3999971999999998,1000,1000,False,10,3,50,5,1.3999971999999998,13.335,1000,1,1,1,1,1,Standard,1
0,NEOPRENE2PLY,Standard,2.0000,NEOPRENE2PLY,1368.120932523853,650,0,False,False,NEOPRENE2PLY,4000,1000,2000,1000,0,50.8,True,1000,True,3800,True,1,0,0,1.3999971999999998,0.2,6.35,25.4,0,0,,,0,,True,True,False,False,False,False,True,300,True,3800,True,50,25,1.3999971999999998,273,0,0,127,350,True,3800,True,0,0,0,0,-1,-1,-1,False,False,0,0,1,300,5,1,0.6,1000,False,3000,1000,0,0,0,30,1.016,False,50,0,0,0,5,30,1.3999971999999998,0,60.96,5,1000,1000,20,1.3999971999999998,1000,1000,False,10,3,50,5,1.3999971999999998,15.24,1000,1,1,1,1,1,Standard,1
0,NEOPRENE2PLY,Standard,2.5000,NEOPRENE2PLY,1368.120932523853,650,0,False,False,NEOPRENE2PLY,4000,1000,2000,1000,0,63.5,True,1000,True,3800,True,1,0,0,1.3999971999999998,0.2,6.35,25.4,0,0,,,0,,True,True,False,False,False,False,True,300,True,3800,True,55,27,1.3999971999999998,273,0,0,101.6,350,True,3800,True,0,0,0,0,-1,-1,-1,False,False,0,0,1,300,5,1,0.75,1000,False,3000,1000,0,0,0,30,1.016,False,50,0,0,0,5,30,1.3999971999999998,0,76.2,5,1000,1000,5,1.3999971999999998,1000,1000,False,10,3,50,5,1.3999971999999998,19.05,1000,1,1,1,1,1,Standard,1
0,NEOPRENE2PLY,Standard,2.7500,NEOPRENE2PLY,1368.120932523853,650,0,False,False,NEOPRENE2PLY,4000,1000,2000,1000,0,69.85,True,1000,True,3800,True,1,0,0,1.3999971999999998,0.2,6.35,25.4,0,0,,,0,,True,True,False,False,False,False,True,300,True,3800,True,2,1,1.3999971999999998,273,0,0,1000,350,True,3800,True,0,0,0,0,-1,-1,-1,False,False,0,0,1,300,5,1,0.825,1000,False,3000,1000,0,0,0,30,1.016,False,50,0,0,0,5,30,1.3999971999999998,0,83.82,5,1000,1000,5,1.3999971999999998,1000,1000,False,10,3,50,5,1.3999971999999998,20.955,1000,1,1,1,1,1,Standard,1
0,NEOPRENE2PLY,Standard,3.0000,NEOPRENE2PLY,1368.120932523853,650,0,False,False,NEOPRENE2PLY,4000,1000,2000,1000,0,76.2,True,1000,True,3800,True,1,0,0,1.3999971999999998,0.254,6.35,25.4,0,0,,,0,,True,True,False,False,False,False,True,300,True,3800,True,60,30,1.3999971999999998,273,0,0,76.19999999999999,350,True,3800,True,0,0,0,0,-1,-1,-1,False,False,0,0,1,300,5,1,0.9,1000,False,3000,1000,0,0,0,30,1.016,False,50,0,0,0,5,30,1.3999971999999998,0,91.44,5,1000,1000,5,1.3999971999999998,1000,1000,False,10,3,50,5,1.3999971999999998,22.86,1000,1,1,1,1,1,Standard,1
0,NEOPRENE2PLY,Standard,3.5000,NEOPRENE2PLY,1368.120932523853,650,0,False,False,NEOPRENE2PLY,4000,1000,2000,1000,0,88.9,True,1000,True,3800,True,1,0,0,1.3999971999999998,0.2,6.35,25.4,0,0,,,0,,True,True,False,False,False,False,True,300,True,3800,True,60,30,1.3999971999999998,273,0,0,1000,350,True,3800,True,0,0,0,0,-1,-1,-1,False,False,0,0,1,300,5,1,1.05,1000,False,3000,1000,0,0,0,30,1.016,False,50,0,0,0,5,30,1.3999971999999998,0,106.68,5,1000,1000,5,1.3999971999999998,1000,1000,False,10,3,50,5,1.3999971999999998,26.67,1000,1,1,1,1,1,Standard,1
0,NEOPRENE2PLY,Standard,4.0000,NEOPRENE2PLY,1368.120932523853,650,0,False,False,NEOPRENE2PLY,4000,1000,2000,1000,0,101.6,True,1000,True,3800,True,1,0,0,1.3999971999999998,0.2,6.35,25.4,0,0,,,0,,True,True,False,False,False,False,True,300,True,3800,True,60,30,1.3999971999999998,273,0,0,1000,350,True,3800,True,0,0,0,0,-1,-1,-1,False,False,0,0,1,300,5,1,1.2,1000,False,3000,1000,0,0,0,30,1.016,False,50,0,0,0,5,30,1.3999971999999998,0,121.92,5,1000,1000,5,1.3999971999999998,1000,1000,False,10,3,50,5,1.3999971999999998,30.48,1000,1,1,1,1,1,Standard,1
0,Nickel Alloy (Magnetic Shield),Standard,0.0670,Nickel Alloy (Magnetic Shield),8550.038144,60,0,False,False,Nickel Alloy (Magnetic Shield),5000,1000,2000,1000,0,1.7018,True,1000,True,3800,True,1,0,0,1.3999971999999998,0.2,6.35,12.7,0,0,,,0,,True,False,False,False,False,False,True,300,True,3800,True,1.5,1,1.3999971999999998,273,0,0,381,350,True,3800,True,0,0,0,0,-1,-1,-1,False,False,0,0,1,300,5,1,0.0201,1000,False,3000,1000,0,0,0,30,1.016,False,50,0,0,0,5,30,1.3999971999999998,0,2.04216,5,1000,1000,5,1.3999971999999998,1000,1000,False,10,3,50,5,1.3999971999999998,0.51054,1000,1,1,1,1,1,Standard,1
0,Nickel Alloy (Magnetic Shield),Standard,0.0790,Nickel Alloy (Magnetic Shield),8550.038144,60,0,False,False,Nickel Alloy (Magnetic Shield),5000,1000,2000,1000,0,2.0065999999999997,True,1000,True,3800,True,1,0,0,1.3999971999999998,0.2,6.35,12.7,0,0,,,0,,True,False,False,False,False,False,True,300,True,3800,True,1.5,1,1.3999971999999998,273,0,0,381,350,True,3800,True,0,0,0,0,-1,-1,-1,False,False,0,0,1,300,5,1,0.0201,1000,False,3000,1000,0,0,0,30,1.016,False,50,0,0,0,5,30,1.3999971999999998,0,2.04216,5,1000,1000,5,1.3999971999999998,1000,1000,False,10,3,50,5,1.3999971999999998,0.51054,1000,1,1,1,1,1,Standard,1
0,Nickel Alloy (Magnetic Shield),Standard,0.1880,Nickel Alloy (Magnetic Shield),8550.038144,60,0,False,False,Nickel Alloy (Magnetic Shield),5000,1000,2000,1000,0,4.7752,True,1000,True,3800,True,1,0,0,1.3999971999999998,0.38099999999999995,6.35,12.7,0,0,,,0,,True,False,False,False,False,False,True,300,True,3800,True,1.5,1,1.3999971999999998,273,0,0,381,350,True,3800,True,0,0,0,0,-1,-1,-1,False,False,0,0,1,300,5,1,0.0201,1000,False,3000,1000,0,0,0,30,1.016,False,50,0,0,0,5,30,1.3999971999999998,0,2.04216,5,1000,1000,5,1.3999971999999998,1000,1000,False,10,3,50,5,1.3999971999999998,0.51054,1000,1,1,1,1,1,Standard,1
0,Nickel Alloy (Magnetic Shield),Standard,0.2500,Nickel Alloy (Magnetic Shield),8550.038144,60,0,False,False,Nickel Alloy (Magnetic Shield),5000,1000,2000,1000,0,6.35,True,1000,True,3800,True,1,0,0,1.3999971999999998,0.2,6.35,12.7,0,0,,,0,,True,False,False,False,False,False,True,300,True,3800,True,1.5,1,1.3999971999999998,273,0,0,381,350,True,3800,True,0,0,0,0,-1,-1,-1,False,False,0,0,1,300,5,1,0.0201,1000,False,3000,1000,0,0,0,30,1.016,False,50,0,0,0,5,30,1.3999971999999998,0,2.04216,5,1000,1000,5,1.3999971999999998,1000,1000,False,10,3,50,5,1.3999971999999998,0.51054,1000,1,1,1,1,1,Standard,1
0,Nickel Alloy (Magnetic Shield),Standard,0.2540,Nickel Alloy (Magnetic Shield),8550.038144,60,0,False,False,Nickel Alloy (Magnetic Shield),5000,1000,2000,1000,0,6.4516,True,1000,True,3800,True,1,0,0,1.3999971999999998,0.2,6.35,12.7,0,0,,,0,,True,False,False,False,False,False,True,300,True,3800,True,1.5,1,1.3999971999999998,273,0,0,381,350,True,3800,True,0,0,0,0,-1,-1,-1,False,False,0,0,1,300,5,1,0.0201,1000,False,3000,1000,0,0,0,30,1.016,False,50,0,0,0,5,30,1.3999971999999998,0,2.04216,5,1000,1000,5,1.3999971999999998,1000,1000,False,10,3,50,5,1.3999971999999998,0.51054,1000,1,1,1,1,1,Standard,1
0,Nickel Alloy (Magnetic Shield),Standard,0.3750,Nickel Alloy (Magnetic Shield),8550.038144,60,0,False,False,Nickel Alloy (Magnetic Shield),5000,1000,2000,1000,0,9.524999999999999,True,1000,True,3800,True,1,0,0,1.3999971999999998,0.38099999999999995,6.35,12.7,0,0,,,0,,True,False,False,False,False,False,True,300,True,3800,True,1.5,1,1.3999971999999998,273,0,0,381,350,True,3800,True,0,0,0,0,-1,-1,-1,False,False,0,0,1,300,5,1,0.0201,1000,False,3000,1000,0,0,0,30,1.016,False,50,0,0,0,5,30,1.3999971999999998,0,2.04216,5,1000,1000,5,1.3999971999999998,1000,1000,False,10,3,50,5,1.3999971999999998,0.51054,1000,1,1,1,1,1,Standard,1
0,Nickel Alloy (Magnetic Shield),Standard,0.5000,Nickel Alloy (Magnetic Shield),8550.038144,60,0,False,False,Nickel Alloy (Magnetic Shield),5000,1000,2000,1000,0,12.7,True,1000,True,3800,True,1,0,0,1.3999971999999998,0.2,6.35,12.7,0,0,,,0,,True,False,False,False,False,False,True,300,True,3800,True,1.5,1,1.3999971999999998,273,0,0,381,350,True,3800,True,0,0,0,0,-1,-1,-1,False,False,0,0,1,300,5,1,0.0201,1000,False,3000,1000,0,0,0,30,1.016,False,50,0,0,0,5,30,1.3999971999999998,0,2.04216,5,1000,1000,5,1.3999971999999998,1000,1000,False,10,3,50,5,1.3999971999999998,0.51054,1000,1,1,1,1,1,Standard,1
0,Nickel Alloy (Magnetic Shield),Standard,0.6250,Nickel Alloy (Magnetic Shield),8550.038144,60,0,False,False,Nickel Alloy (Magnetic Shield),5000,1000,2000,1000,0,15.875,True,1000,True,3800,True,1,0,0,1.3999971999999998,0.2,6.35,12.7,0,0,,,0,,True,False,False,False,False,False,True,300,True,3800,True,1.5,1,1.3999971999999998,273,0,0,381,350,True,3800,True,0,0,0,0,-1,-1,-1,False,False,0,0,1,300,5,1,0.0201,1000,False,3000,1000,0,0,0,30,1.016,False,50,0,0,0,5,30,1.3999971999999998,0,2.04216,5,1000,1000,5,1.3999971999999998,1000,1000,False,10,3,50,5,1.3999971999999998,0.51054,1000,1,1,1,1,1,Standard,1
0,Nickel Alloy (Magnetic Shield),Standard,1.2500,Nickel Alloy (Magnetic Shield),8550.038144,60,0,False,False,Nickel Alloy (Magnetic Shield),5000,1000,2000,1000,0,31.75,True,1000,True,3800,True,1,0,0,1.3999971999999998,0.2,6.35,12.7,0,0,,,0,,True,False,False,False,False,False,True,300,True,3800,True,1.5,1,1.3999971999999998,273,0,0,381,350,True,3800,True,0,0,0,0,-1,-1,-1,False,False,0,0,1,300,5,1,0.0201,1000,False,3000,1000,0,0,0,30,1.016,False,50,0,0,0,5,30,1.3999971999999998,0,2.04216,5,1000,1000,5,1.3999971999999998,1000,1000,False,10,3,50,5,1.3999971999999998,0.51054,1000,1,1,1,1,1,Standard,1
0,Nickel Alloy (Magnetic Shield),Standard,1.7500,Nickel Alloy (Magnetic Shield),8550.038144,60,0,False,False,Nickel Alloy (Magnetic Shield),5000,1000,2000,1000,0,44.449999999999996,True,1000,True,3800,True,1,0,0,1.3999971999999998,0.2,6.35,12.7,0,0,,,0,,True,False,False,False,False,False,True,300,True,3800,True,1.5,1,1.3999971999999998,273,0,0,381,350,True,3800,True,0,0,0,0,-1,-1,-1,False,False,0,0,1,300,5,1,0.0201,1000,False,3000,1000,0,0,0,30,1.016,False,50,0,0,0,5,30,1.3999971999999998,0,2.04216,5,1000,1000,5,1.3999971999999998,1000,1000,False,10,3,50,5,1.3999971999999998,0.51054,1000,1,1,1,1,1,Standard,1
0,Nickel Alloy (Magnetic Shield),Standard,3.0000,Nickel Alloy (Magnetic Shield),8550.038144,60,0,False,False,Nickel Alloy (Magnetic Shield),5000,1000,2000,1000,0,76.2,True,1000,True,3800,True,1,0,0,1.3999971999999998,0.2,6.35,12.7,0,0,,,0,,True,False,False,False,False,False,True,300,True,3800,True,1.5,1,1.3999971999999998,273,0,0,6.095999999999999,350,True,3800,True,0,0,0,0,-1,-1,-1,False,False,0,0,1,300,5,1,0.9,1000,False,3000,1000,0,0,0,30,1.016,False,50,0,0,0,5,30,1.3999971999999998,0,91.44,5,1000,1000,5,1.3999971999999998,1000,1000,False,10,3,50,5,1.3999971999999998,22.86,1000,1,1,1,1,1,Standard,1
0,Nylon,Standard,0.1250,Nylon,1150.1256653890414,450,0,False,False,Nylon,4000,1000,2000,1000,0,3.175,True,1000,True,3800,True,1,0,0,1.3999971999999998,0.889,6.35,12.7,0,0,,,0,,True,False,False,False,False,False,True,300,True,2000,True,3,1,1.3999971999999998,273,0,0,25.4,350,True,3800,True,0,0,0,0,-1,-1,-1,False,False,0,0,1,300,5,1,0.45,1000,False,3000,1000,0,0,0,30,1.016,False,50,0,0,0,5,30,1.3999971999999998,0,45.72,5,1000,1000,5,1.3999971999999998,1000,1000,False,10,3,50,5,1.3999971999999998,11.43,1000,1,1,1,1,1,Standard,0
0,Nylon,Standard,0.2500,Nylon,1150.1256653890414,450,0,False,False,Nylon,4000,1000,2000,1000,0,6.35,True,1000,True,3800,True,1,0,0,1.3999971999999998,0.889,6.35,12.7,0,0,,,0,,True,False,False,False,False,False,True,300,True,2000,True,3,1,1.3999971999999998,273,0,0,25.4,350,True,3800,True,0,0,0,0,-1,-1,-1,False,False,0,0,1,300,5,1,0.45,1000,False,3000,1000,0,0,0,30,1.016,False,50,0,0,0,5,30,1.3999971999999998,0,45.72,5,1000,1000,5,1.3999971999999998,1000,1000,False,10,3,50,5,1.3999971999999998,11.43,1000,1,1,1,1,1,Standard,0
0,Nylon,Standard,0.3750,Nylon,1150.1256653890414,450,0,False,False,Nylon,4000,1000,2000,1000,0,9.524999999999999,True,1000,True,3800,True,1,0,0,1.3999971999999998,0.889,4.7498,12.7,0,0,,,0,,True,False,False,False,False,False,True,300,True,2000,True,3,1,1.3999971999999998,273,0,0,25.4,350,True,3800,True,0,0,0,0,-1,-1,-1,False,False,0,0,1,300,5,1,0.45,1000,False,3000,1000,0,0,0,30,1.016,False,50,0,0,0,5,30,1.3999971999999998,0,45.72,5,1000,1000,5,1.3999971999999998,1000,1000,False,10,3,50,5,1.3999971999999998,11.43,1000,1,1,1,1,1,Standard,0
0,Nylon,Standard,0.5000,Nylon,1150.1256653890414,450,0,False,False,Nylon,4000,1000,2000,1000,0,12.7,True,1000,True,3800,True,1,0,0,1.3999971999999998,1.1429999999999998,4.7498,12.7,0,0,,,0,,True,False,False,False,False,False,True,300,True,2000,True,3,1,1.3999971999999998,273,0,0,25.4,350,True,3800,True,0,0,0,0,-1,-1,-1,False,False,0,0,1,300,5,1,0.45,1000,False,3000,1000,0,0,0,30,1.016,False,50,0,0,0,5,30,1.3999971999999998,0,45.72,5,1000,1000,5,1.3999971999999998,1000,1000,False,10,3,50,5,1.3999971999999998,11.43,1000,1,1,1,1,1,Standard,0
0,Nylon,Standard,0.6250,Nylon,1150.1256653890414,450,0,False,False,Nylon,4000,1000,2000,1000,0,15.875,True,1000,True,3800,True,1,0,0,1.3999971999999998,0.889,4.7498,12.7,0,0,,,0,,True,False,False,False,False,False,True,300,True,2000,True,3,1,1.3999971999999998,273,0,0,25.4,350,True,3800,True,0,0,0,0,-1,-1,-1,False,False,0,0,1,300,5,1,0.45,1000,False,3000,1000,0,0,0,30,1.016,False,50,0,0,0,5,30,1.3999971999999998,0,45.72,5,1000,1000,5,1.3999971999999998,1000,1000,False,10,3,50,5,1.3999971999999998,11.43,1000,1,1,1,1,1,Standard,0
0,Nylon,Standard,0.7500,Nylon,1150.1256653890414,450,0,False,False,Nylon,4000,1000,2000,1000,0,19.049999999999997,True,1000,True,3800,True,1,0,0,1.3999971999999998,0.889,6.35,12.7,0,0,,,0,,True,False,False,False,False,False,True,300,True,2000,True,3,1,1.3999971999999998,273,0,0,25.4,350,True,3800,True,0,0,0,0,-1,-1,-1,False,False,0,0,1,300,5,1,0.45,1000,False,3000,1000,0,0,0,30,1.016,False,50,0,0,0,5,30,1.3999971999999998,0,45.72,5,1000,1000,5,1.3999971999999998,1000,1000,False,10,3,50,5,1.3999971999999998,11.43,1000,1,1,1,1,1,Standard,0
0,Nylon,Standard,1.0000,Nylon,1150.1256653890414,450,0,False,False,Nylon,4000,1000,2000,1000,0,25.4,True,1000,True,3800,True,1,0,0,1.3999971999999998,1.27,6.35,12.7,0,0,,,0,,True,False,False,False,False,False,True,300,True,2000,True,3,1,1.3999971999999998,273,0,0,25.4,350,True,3800,True,0,0,0,0,-1,-1,-1,False,False,0,0,1,300,5,1,0.45,1000,False,3000,1000,0,0,0,30,1.016,False,50,0,0,0,5,30,1.3999971999999998,0,45.72,5,1000,1000,5,1.3999971999999998,1000,1000,False,10,3,50,5,1.3999971999999998,11.43,1000,1,1,1,1,1,Standard,0
0,Nylon,Standard,1.2500,Nylon,1150.1256653890414,450,0,False,False,Nylon,4000,1000,2000,1000,0,31.75,True,1000,True,3800,True,1,0,0,1.3999971999999998,0.889,6.35,12.7,0,0,,,0,,True,False,False,False,False,False,True,300,True,2000,True,3,1,1.3999971999999998,273,0,0,25.4,350,True,3800,True,0,0,0,0,-1,-1,-1,False,False,0,0,1,300,5,1,0.45,1000,False,3000,1000,0,0,0,30,1.016,False,50,0,0,0,5,30,1.3999971999999998,0,45.72,5,1000,1000,5,1.3999971999999998,1000,1000,False,10,3,50,5,1.3999971999999998,11.43,1000,1,1,1,1,1,Standard,0
0,Nylon,Standard,1.5000,Nylon,1150.1256653890414,450,0,False,False,Nylon,4000,1000,2000,1000,0,38.1,True,1000,True,3800,True,1,0,0,1.3999971999999998,0.889,6.35,12.7,0,0,,,0,,True,False,False,False,False,False,True,300,True,2000,True,3,1,1.3999971999999998,273,0,0,25.4,350,True,3800,True,0,0,0,0,-1,-1,-1,False,False,0,0,1,300,5,1,0.45,1000,False,3000,1000,0,0,0,30,1.016,False,50,0,0,0,5,30,1.3999971999999998,0,45.72,5,1000,1000,5,1.3999971999999998,1000,1000,False,10,3,50,5,1.3999971999999998,11.43,1000,1,1,1,1,1,Standard,0
0,Nylon,Standard,2.0000,Nylon,1150.1256653890414,450,0,False,False,Nylon,4000,1000,2000,1000,0,50.8,True,1000,True,3800,True,1,0,0,1.3999971999999998,0.889,6.35,12.7,0,0,,,0,,True,False,False,False,False,False,True,300,True,2000,True,3,1,1.3999971999999998,273,0,0,25.4,350,True,3800,True,0,0,0,0,-1,-1,-1,False,False,0,0,1,300,5,1,0.45,1000,False,3000,1000,0,0,0,30,1.016,False,50,0,0,0,5,30,1.3999971999999998,0,45.72,5,1000,1000,5,1.3999971999999998,1000,1000,False,10,3,50,5,1.3999971999999998,11.43,1000,1,1,1,1,1,Standard,0
0,Nylon,Standard,2.2500,Nylon,1150.1256653890414,450,0,False,False,Nylon,4000,1000,2000,1000,0,57.15,True,1000,True,3800,True,1,0,0,1.3999971999999998,0.889,6.35,12.7,0,0,,,0,,True,False,False,False,False,False,True,300,True,2000,True,3,1,1.3999971999999998,273,0,0,25.4,350,True,3800,True,0,0,0,0,-1,-1,-1,False,False,0,0,1,300,5,1,0.45,1000,False,3000,1000,0,0,0,30,1.016,False,50,0,0,0,5,30,1.3999971999999998,0,45.72,5,1000,1000,5,1.3999971999999998,1000,1000,False,10,3,50,5,1.3999971999999998,11.43,1000,1,1,1,1,1,Standard,0
0,Nylon,Standard,2.5000,Nylon,1150.1256653890414,450,0,False,False,Nylon,4000,1000,2000,1000,0,63.5,True,1000,True,3800,True,1,0,0,1.3999971999999998,0.889,6.35,12.7,0,0,,,0,,True,False,False,False,False,False,True,300,True,2000,True,3,1,1.3999971999999998,273,0,0,25.4,350,True,3800,True,0,0,0,0,-1,-1,-1,False,False,0,0,1,300,5,1,0.45,1000,False,3000,1000,0,0,0,30,1.016,False,50,0,0,0,5,30,1.3999971999999998,0,45.72,5,1000,1000,5,1.3999971999999998,1000,1000,False,10,3,50,5,1.3999971999999998,11.43,1000,1,1,1,1,1,Standard,0
0,Nylon,Standard,2.7500,Nylon,1150.1256653890414,450,0,False,False,Nylon,4000,1000,2000,1000,0,69.85,True,1000,True,3800,True,1,0,0,1.3999971999999998,0.889,6.35,12.7,0,0,,,0,,True,False,False,False,False,False,True,300,True,2000,True,3,1,1.3999971999999998,273,0,0,25.4,350,True,3800,True,0,0,0,0,-1,-1,-1,False,False,0,0,1,300,5,1,0.45,1000,False,3000,1000,0,0,0,30,1.016,False,50,0,0,0,5,30,1.3999971999999998,0,45.72,5,1000,1000,5,1.3999971999999998,1000,1000,False,10,3,50,5,1.3999971999999998,11.43,1000,1,1,1,1,1,Standard,0
0,Nylon,Standard,3.0000,Nylon,1150.1256653890414,450,0,False,False,Nylon,4000,1000,2000,1000,0,76.19999999999999,True,1000,True,3800,True,1,0,0,1.3999971999999998,0.889,6.35,12.7,0,0,,,0,,True,False,False,False,False,False,True,300,True,2000,True,3,1,1.3999971999999998,273,0,0,25.4,350,True,3800,True,0,0,0,0,-1,-1,-1,False,False,0,0,1,300,5,1,0.45,1000,False,3000,1000,0,0,0,30,1.016,False,50,0,0,0,5,30,1.3999971999999998,0,45.72,5,1000,1000,5,1.3999971999999998,1000,1000,False,10,3,50,5,1.3999971999999998,11.43,1000,1,1,1,1,1,Standard,0
0,PEEK,Standard,0.1250,PEEK,7800.035533,125,0,False,False,PEEK,4000,1000,2000,1000,0,3.175,True,1000,True,3800,True,1,0,0,1.3999971999999998,0,6.35,12.7,0,0,,,0,,True,False,False,False,False,False,True,300,True,2000,True,3,1,1.3999971999999998,273,0,0,25.4,350,True,3800,True,0,0,0,0,-1,-1,-1,False,False,0,0,1,300,5,1,0.45,1000,False,3000,1000,0,0,0,30,1.016,False,50,0,0,0,5,30,1.3999971999999998,0,45.72,5,1000,1000,5,1.3999971999999998,1000,1000,False,10,3,50,5,1.3999971999999998,11.43,1000,1,1,1,1,1,Standard,0
0,PEEK,Standard,0.2500,PEEK,7800.035533,125,0,False,False,PEEK,4000,1000,2000,1000,0,6.35,True,1000,True,3800,True,1,0,0,1.3999971999999998,0,6.35,12.7,0,0,,,0,,True,False,False,False,False,False,True,300,True,2000,True,3,1,1.3999971999999998,273,0,0,25.4,350,True,3800,True,0,0,0,0,-1,-1,-1,False,False,0,0,1,300,5,1,0.45,1000,False,3000,1000,0,0,0,30,1.016,False,50,0,0,0,5,30,1.3999971999999998,0,45.72,5,1000,1000,5,1.3999971999999998,1000,1000,False,10,3,50,5,1.3999971999999998,11.43,1000,1,1,1,1,1,Standard,0
0,PEEK,Standard,0.5000,PEEK,7800.035533,125,0,False,False,PEEK,4000,1000,2000,1000,0,12.7,True,1000,True,3800,True,1,0,0,1.3999971999999998,0,6.35,12.7,0,0,,,0,,True,False,False,False,False,False,True,300,True,2000,True,3,1,1.3999971999999998,273,0,0,25.4,350,True,3800,True,0,0,0,0,-1,-1,-1,False,False,0,0,1,300,5,1,0.45,1000,False,3000,1000,0,0,0,30,1.016,False,50,0,0,0,5,30,1.3999971999999998,0,45.72,5,1000,1000,5,1.3999971999999998,1000,1000,False,10,3,50,5,1.3999971999999998,11.43,1000,1,1,1,1,1,Standard,0
0,PEEK,Standard,1.5000,PEEK,7800.035533,125,0,False,False,PEEK,4000,1000,2000,1000,0,38.1,True,1000,True,3800,True,1,0,0,1.3999971999999998,0.2,6.35,12.7,0,0,,,0,,True,False,False,False,False,False,True,300,True,2000,True,3,1,1.3999971999999998,273,0,0,25.4,350,True,3800,True,0,0,0,0,-1,-1,-1,False,False,0,0,1,300,5,1,0.45,1000,False,3000,1000,0,0,0,30,1.016,False,50,0,0,0,5,30,1.3999971999999998,0,45.72,5,1000,1000,5,1.3999971999999998,1000,1000,False,10,3,50,5,1.3999971999999998,11.43,1000,1,1,1,1,1,Standard,0
0,PET (Water only),Standard,0.0630,PET (Water only),2600.011276,220,0,False,False,PET (Water only),1270,1000,2000,1000,0,1.6001999999999998,True,1000,True,3800,True,1,0,0,1.27,0.2,6.35,12.7,0,0,,,0,,True,True,False,False,False,False,True,300,True,3800,True,6,6,1.27,127,0,0,1000,350,True,3800,True,0,0,0,0,-1,-1,-1,False,False,0,0,1,300,5,1,0.0375,1000,False,3000,1000,0,0,0,30,1.016,False,50,0,0,0,5,30,1.3999971999999998,0,3.81,5,1000,1000,5,1.3999971999999998,1000,1000,False,10,3,50,5,1.3999971999999998,0.9525,1000,1,1,1,1,1,Standard,1
0,PET (Water only),Standard,0.1250,PET (Water only),2600.011276,220,0,False,False,PET (Water only),1270,1000,2000,1000,0,3.175,True,1000,True,3800,True,1,0,0,1.27,0.2,6.35,12.7,0,0,,,0,,True,True,False,False,False,False,True,300,True,3800,True,6,6,1.27,127,0,0,1000,350,True,3800,True,0,0,0,0,-1,-1,-1,False,False,0,0,1,300,5,1,0.0375,1000,False,3000,1000,0,0,0,30,1.016,False,50,0,0,0,5,30,1.3999971999999998,0,3.81,5,1000,1000,5,1.3999971999999998,1000,1000,False,10,3,50,5,1.3999971999999998,0.9525,1000,1,1,1,1,1,Standard,1
0,PET (Water only),Standard,0.1875,PET (Water only),2600.011276,220,0,False,False,PET (Water only),1270,1000,2000,1000,0,4.762499999999999,True,1000,True,3800,True,1,0,0,1.27,0,6.35,12.7,0,0,,,0,,True,True,False,False,False,False,True,300,True,3800,True,6,6,1.27,127,0,0,1000,350,True,3800,True,0,0,0,0,-1,-1,-1,False,False,0,0,1,300,5,1,0.0375,1000,False,3000,1000,0,0,0,30,1.016,False,50,0,0,0,5,30,1.3999971999999998,0,3.81,5,1000,1000,5,1.3999971999999998,1000,1000,False,10,3,50,5,1.3999971999999998,0.9525,1000,1,1,1,1,1,Standard,1
0,PET (Water only),Standard,0.2500,PET (Water only),2600.011276,220,0,False,False,PET (Water only),1270,1000,2000,1000,0,6.35,True,1000,True,3800,True,1,0,0,1.27,0.2,6.35,12.7,0,0,,,0,,True,True,False,False,False,False,True,300,True,3800,True,6,6,1.27,127,0,0,1000,350,True,3800,True,0,0,0,0,-1,-1,-1,False,False,0,0,1,300,5,1,0.0375,1000,False,3000,1000,0,0,0,30,1.016,False,50,0,0,0,5,30,1.3999971999999998,0,3.81,5,1000,1000,5,1.3999971999999998,1000,1000,False,10,3,50,5,1.3999971999999998,0.9525,1000,1,1,1,1,1,Standard,1
0,PET (Water only),Standard,1.2500,PET (Water only),2600.011276,220,0,False,False,PET (Water only),1270,1000,2000,1000,0,31.75,True,1000,True,3800,True,1,0,0,1.27,0.2,6.35,12.7,0,0,,,0,,True,True,False,False,False,False,True,300,True,3800,False,6,6,1.27,127,0,0,1000,350,True,3800,True,0,0,0,0,-1,-1,-1,False,False,0,0,1,300,5,1,0.0375,1000,False,3000,1000,0,0,0,30,1.016,False,50,0,0,0,5,30,1.3999971999999998,0,3.81,5,1000,1000,5,1.3999971999999998,1000,1000,False,10,3,50,5,1.3999971999999998,0.9525,1000,1,1,1,1,1,Standard,1
0,PHENOLIQUE,Standard,0.0630,PHENOLIQUE,7800.035629,260,0,True,False,PHENOLIQUE,4000,1000,2000,1000,0,1.6002,True,1000,True,3800,True,1,0,0,1.3999971999999998,0.45719999999999994,6.35,12.7,0,0,,,0,,True,False,False,False,False,False,True,300,True,3800,True,2,1,1.3999971999999998,273,0,0,1000,350,True,3800,True,0,0,0,0,-1,-1,-1,False,False,0,0,1,300,5,1,0.0189,1000,False,3000,1000,0,0,0,30,1,False,50,0,0,0,5,30,1.3999971999999998,0,1.92024,5,1000,1000,5,1.3999971999999998,1000,1000,False,10,3,50,5,1.3999971999999998,0.48006,1000,1,1,1,1,1,Standard,0
0,PHENOLIQUE,Standard,0.0740,PHENOLIQUE,7800.035629,260,0,True,False,PHENOLIQUE,4000,1000,2000,1000,0,1.8796,True,1000,True,3800,True,1,0,0,1.3999971999999998,0.2,6.35,12.7,0,0,,,0,,True,False,False,False,False,False,True,300,True,3800,True,2,1,1.3999971999999998,273,0,0,1000,350,True,3800,True,0,0,0,0,-1,-1,-1,False,False,0,0,1,300,5,1,0.0222,1000,False,3000,1000,0,0,0,30,1,False,50,0,0,0,5,30,1.3999971999999998,0,2.25552,5,1000,1000,5,1.3999971999999998,1000,1000,False,10,3,50,5,1.3999971999999998,0.56388,1000,1,1,1,1,1,Standard,0
0,PHENOLIQUE,Standard,0.0980,PHENOLIQUE,7800.035629,260,0,True,False,PHENOLIQUE,4000,1000,2000,1000,0,2.4892,True,1000,True,3800,True,1,0,0,1.3999971999999998,0.889,6.35,12.7,0,0,,,0,,True,False,False,False,False,False,True,300,True,1378.951456,True,1,1,1.3999971999999998,273,0,0,1000,350,True,3800,True,0,0,0,0,-1,-1,-1,False,False,0,0,1,300,5,1,0.0294,1000,False,3000,1000,0,0,0,30,1.016,False,50,0,0,0,5,30,1.3999971999999998,0,2.98704,5,1000,1000,5,1.3999971999999998,1000,1000,False,10,3,50,5,1.3999971999999998,0.74676,1000,1,1,1,1,1,Standard,0
0,PHENOLIQUE,Standard,0.1000,PHENOLIQUE,7800.035629,260,0,True,False,PHENOLIQUE,4000,1000,2000,1000,0,2.54,True,1000,True,3800,True,1,0,0,1.3999971999999998,0.2,6.35,12.7,0,0,,,0,,True,False,False,False,False,False,True,300,True,3800,True,3,1,1.3999971999999998,273,0,0,1000,350,True,3800,True,0,0,0,0,-1,-1,-1,False,False,0,0,1,300,5,1,0.03,1000,False,3000,1000,0,0,0,30,1,False,50,0,0,0,5,30,1.3999971999999998,0,3.048,5,1000,1000,5,1.3999971999999998,1000,1000,False,10,3,50,5,1.3999971999999998,0.762,1000,1,1,1,1,1,Standard,0
0,PHENOLIQUE,Standard,0.1250,PHENOLIQUE,7800.035629,260,0,True,False,PHENOLIQUE,4000,1000,2000,1000,0,3.175,True,1000,True,3800,True,1,0,0,1.3999971999999998,0.889,6.35,12.7,0,0,,,0,,True,False,False,False,False,False,True,300,True,1378.951456,False,6,3,1.3999971999999998,273,0,0,1000,350,True,3800,True,0,0,0,0,-1,-1,-1,False,False,0,0,1,300,5,1,0.042,1000,False,3000,1000,0,0,0,30,1.016,False,50,0,0,0,5,30,1.3999971999999998,0,4.2672,5,1000,1000,5,1.3999971999999998,1000,1000,False,10,3,50,5,1.3999971999999998,1.0668,1000,1,1,1,1,1,Standard,0
0,PHENOLIQUE,Standard,0.1400,PHENOLIQUE,7800.035629,260,0,True,False,PHENOLIQUE,4000,1000,2000,1000,0,3.556,True,1000,True,3800,True,1,0,0,1.3999971999999998,0.2,2.54,12.7,0,0,,,0,,True,False,False,False,False,False,True,300,True,3800,True,6,3,1.3999971999999998,273,0,0,1000,350,True,3800,True,0,0,0,0,-1,-1,-1,False,False,0,0,1,300,5,1,0.042,1000,False,3000,1000,0,0,0,30,1,False,50,0,0,0,5,30,1.3999971999999998,0,4.2672,5,1000,1000,5,1.3999971999999998,1000,1000,False,10,3,50,5,1.3999971999999998,1.0668,1000,1,1,1,1,1,Standard,0
0,PHENOLIQUE,Standard,0.1870,PHENOLIQUE,7800.035629,260,0,True,False,PHENOLIQUE,4000,1000,2000,1000,0,4.7498,True,1000,True,3800,True,1,0,0,1.3999971999999998,0,3.8099999999999996,12.7,0,0,,,0,,True,False,False,False,False,False,True,300,True,3800,True,4,2,1.3999971999999998,273,0,0,1000,350,True,3800,True,0,0,0,0,-1,-1,-1,False,False,0,0,1,300,5,1,0.0561,1000,False,3000,1000,0,0,0,30,1,False,50,0,0,0,5,30,1.3999971999999998,0,5.69976,5,1000,1000,5,1.3999971999999998,1000,1000,False,10,3,50,5,1.3999971999999998,1.42494,1000,1,1,1,1,1,Standard,0
0,PHENOLIQUE,Standard,0.2500,PHENOLIQUE,7800.035629,260,0,True,False,PHENOLIQUE,4000,1000,2000,1000,0,6.35,True,1000,True,3800,True,1,0,0,1.3999971999999998,0.508,3.8099999999999996,12.7,0,0,,,0,,True,False,False,False,False,False,True,300,True,1378.951456,False,4,2,1.3999971999999998,273,0,0,1000,350,True,3800,True,0,0,0,0,-1,-1,-1,False,False,0,0,1,300,5,1,0.075,1000,False,3000,1000,0,0,0,30,1,False,50,0,0,0,5,30,1.3999971999999998,0,7.62,5,1000,1000,5,1.3999971999999998,1000,1000,False,10,3,50,5,1.3999971999999998,1.905,1000,1,1,1,1,1,Standard,0
0,PHENOLIQUE,Standard,0.3120,PHENOLIQUE,7800.035629,260,0,True,False,PHENOLIQUE,4000,1000,2000,1000,0,7.9248,True,1000,True,3800,True,1,0,0,1.3999971999999998,0.2,6.35,12.7,0,0,,,0,,True,False,False,False,False,False,True,300,True,3800,True,8,4,1.3999971999999998,273,0,0,1000,350,True,3800,True,0,0,0,0,-1,-1,-1,False,False,0,0,1,300,5,1,0.0936,1000,False,3000,1000,0,0,0,30,1,False,50,0,0,0,5,30,1.3999971999999998,0,9.50976,5,1000,1000,5,1.3999971999999998,1000,1000,False,10,3,50,5,1.3999971999999998,2.37744,1000,1,1,1,1,1,Standard,0
0,PHENOLIQUE,Standard,0.3150,PHENOLIQUE,7800.035629,260,0,True,False,PHENOLIQUE,4000,1000,2000,1000,0,8.001,True,1000,True,3800,True,1,0,0,1.3999971999999998,0.2,6.35,12.7,0,0,,,0,,True,False,False,False,False,False,True,300,True,3800,True,8,4,1.3999971999999998,273,0,0,1000,350,True,3800,True,0,0,0,0,-1,-1,-1,False,False,0,0,1,300,5,1,0.0945,1000,False,3000,1000,0,0,0,30,1,False,50,0,0,0,5,30,1.3999971999999998,0,9.6012,5,1000,1000,5,1.3999971999999998,1000,1000,False,10,3,50,5,1.3999971999999998,2.4003,1000,1,1,1,1,1,Standard,0
0,PHENOLIQUE,Standard,0.3750,PHENOLIQUE,7800.035629,260,0,True,False,PHENOLIQUE,4000,1000,2000,1000,0,9.525,True,1000,True,3800,True,1,0,0,1.3999971999999998,0.889,6.35,12.7,0,0,,,0,,True,False,False,False,False,False,True,300,True,1378.951456,False,2,1,1.3999971999999998,273,0,0,914.4,350,True,3800,True,0,0,0,0,-1,-1,-1,False,False,0,0,1,300,5,1,0.1125,1000,False,3000,1000,0,0,0,30,1.016,False,50,0,0,0,5,30,1.3999971999999998,0,11.43,5,1000,1000,5,1.3999971999999998,1000,1000,False,10,3,50,5,1.3999971999999998,2.8575,1000,1,1,1,1,1,Standard,0
0,PHENOLIQUE,Standard,0.5000,PHENOLIQUE,7800.035629,260,0,True,False,PHENOLIQUE,4000,1000,2000,1000,0,12.7,True,1000,True,3800,True,1,0,0,1.3999971999999998,0,6.35,12.7,0,0,,,0,,True,False,False,False,False,False,True,300,True,3800,True,15,7,1.3999971999999998,273,0,0,660.4,350,True,3800,True,0,0,0,0,-1,-1,-1,False,False,0,0,1,300,5,1,0.15,1000,False,3000,1000,0,0,0,30,1.016,False,50,0,0,0,5,30,1.3999971999999998,0,15.24,5,1000,1000,5,1.3999971999999998,1000,1000,False,10,3,50,5,1.3999971999999998,3.81,1000,1,1,1,1,1,Standard,0
0,PHENOLIQUE,Standard,0.6250,PHENOLIQUE,7800.035629,260,0,True,False,PHENOLIQUE,4000,1000,2000,1000,0,15.875,True,1000,True,3800,True,1,0,0,1.3999971999999998,0.2,6.35,12.7,0,0,,,0,,True,False,False,False,False,False,True,300,True,3800,True,15,7,1.3999971999999998,273,0,0,1000,350,True,3800,True,0,0,0,0,-1,-1,-1,False,False,0,0,1,300,5,1,0.1875,1000,False,3000,1000,0,0,0,30,1,False,50,0,0,0,5,30,1.3999971999999998,0,19.05,5,1000,1000,5,1.3999971999999998,1000,1000,False,10,3,50,5,1.3999971999999998,4.7625,1000,1,1,1,1,1,Standard,0
0,PHENOLIQUE,Standard,0.6300,PHENOLIQUE,7800.035629,260,0,True,False,PHENOLIQUE,4000,1000,2000,1000,0,16.002,True,1000,True,3800,True,1,0,0,1.3999971999999998,0.2,6.35,12.7,0,0,,,0,,True,False,False,False,False,False,True,300,True,3800,True,20,10,1.3999971999999998,273,0,0,1000,350,True,3800,True,0,0,0,0,-1,-1,-1,False,False,0,0,1,300,5,1,0.189,1000,False,3000,1000,0,0,0,30,1,False,50,0,0,0,5,30,1.3999971999999998,0,19.2024,5,1000,1000,5,1.3999971999999998,1000,1000,False,10,3,50,5,1.3999971999999998,4.8006,1000,1,1,1,1,1,Standard,0
0,PHENOLIQUE,Standard,0.6896,PHENOLIQUE,7800.035629,260,0,True,False,PHENOLIQUE,4000,1000,2000,1000,0,17.51584,True,1000,True,3800,True,1,0,0,1.3999971999999998,0.2,6.35,12.7,0,0,,,0,,True,False,False,False,False,False,True,300,True,3800,True,25,12,1.3999971999999998,273,0,0,1000,350,True,3800,True,0,0,0,0,-1,-1,-1,False,False,0,0,1,300,5,1,0.20688,1000,False,3000,1000,0,0,0,30,1,False,50,0,0,0,5,30,1.3999971999999998,0,21.019008,5,1000,1000,5,1.3999971999999998,1000,1000,False,10,3,50,5,1.3999971999999998,5.254752,1000,1,1,1,1,1,Standard,0
0,PHENOLIQUE,Standard,0.7500,PHENOLIQUE,7800.035629,260,0,True,False,PHENOLIQUE,4000,1000,2000,1000,0,19.05,True,1000,True,3800,True,1,0,0,1.3999971999999998,0.2,6.35,12.7,0,0,,,0,,True,False,False,False,False,False,True,300,True,3800,True,10,5,1.3999971999999998,273,0,0,406.4,350,True,3800,True,0,0,0,0,-1,-1,-1,False,False,0,0,1,300,5,1,0.225,1000,False,3000,1000,0,0,0,30,1.016,False,50,0,0,0,5,30,1.3999971999999998,0,22.86,5,1000,1000,5,1.3999971999999998,1000,1000,False,10,3,50,5,1.3999971999999998,5.715,1000,1,1,1,1,1,Standard,0
0,PHENOLIQUE,Standard,0.8750,PHENOLIQUE,7800.035629,260,0,True,False,PHENOLIQUE,4000,1000,2000,1000,0,22.225,True,1000,True,3800,True,1,0,0,1.3999971999999998,0.2,6.35,12.7,0,0,,,0,,True,False,False,False,False,False,True,300,True,3800,True,10,5,1.3999971999999998,273,0,0,1000,350,True,3800,True,0,0,0,0,-1,-1,-1,False,False,0,0,1,300,5,1,0.2625,1000,False,3000,1000,0,0,0,30,1,False,50,0,0,0,5,30,1.3999971999999998,0,26.67,5,1000,1000,5,1.3999971999999998,1000,1000,False,10,3,50,5,1.3999971999999998,6.6675,1000,1,1,1,1,1,Standard,0
0,PHENOLIQUE,Standard,1.0000,PHENOLIQUE,7800.035629,260,0,True,False,PHENOLIQUE,4000,1000,2000,1000,0,25.4,True,1000,True,3800,True,1,0,0,1.3999971999999998,0.2,6.35,12.7,0,0,,,0,,True,False,False,False,False,False,True,300,True,3800,True,30,15,1.3999971999999998,273,0,0,279.4,350,True,3800,True,0,0,0,0,-1,-1,-1,False,False,0,0,1,300,5,1,0.3,1000,False,3000,1000,0,0,0,30,1.016,False,50,0,0,0,5,30,1.3999971999999998,0,30.48,5,1000,1000,5,1.3999971999999998,1000,1000,False,10,3,50,5,1.3999971999999998,7.62,1000,1,1,1,1,1,Standard,0
0,PHENOLIQUE,Standard,1.2500,PHENOLIQUE,7800.035629,260,0,True,False,PHENOLIQUE,4000,1000,2000,1000,0,31.75,True,1000,True,3800,True,1,0,0,1.3999971999999998,0.2,6.35,12.7,0,0,,,0,,True,False,False,False,False,False,True,300,True,3800,True,35,17,1.3999971999999998,273,0,0,228.6,350,True,3800,True,0,0,0,0,-1,-1,-1,False,False,0,0,1,300,5,1,0.375,1000,False,3000,1000,0,0,0,30,1.016,False,50,0,0,0,5,30,1.3999971999999998,0,38.1,5,1000,1000,5,1.3999971999999998,1000,1000,False,10,3,50,5,1.3999971999999998,9.525,1000,1,1,1,1,1,Standard,0
0,PHENOLIQUE,Standard,1.5000,PHENOLIQUE,7800.035629,260,0,True,False,PHENOLIQUE,4000,1000,2000,1000,0,38.1,True,1000,True,3800,True,1,0,0,1.3999971999999998,0.2,6.35,12.7,0,0,,,0,,True,False,False,False,False,False,True,300,True,3800,True,40,20,1.3999971999999998,273,0,0,177.79999999999998,350,True,3800,True,0,0,0,0,-1,-1,-1,False,False,0,0,1,300,5,1,0.45,1000,False,3000,1000,0,0,0,30,1.016,False,50,0,0,0,5,30,1.3999971999999998,0,45.72,5,1000,1000,20,1.3999971999999998,1000,800,False,10,3,50,5,1.3999971999999998,11.43,1000,1,1,1,1,1,Standard,0
0,PHENOLIQUE,Standard,1.7500,PHENOLIQUE,7800.035629,260,0,True,False,PHENOLIQUE,4000,1000,2000,1000,0,44.45,True,1000,True,3800,True,1,0,0,1.3999971999999998,0.2,6.35,12.7,0,0,,,0,,True,False,False,False,False,False,True,300,True,3800,True,45,22,1.3999971999999998,273,0,0,1000,350,True,3800,True,0,0,0,0,-1,-1,-1,False,False,0,0,1,300,5,1,0.525,1000,False,3000,1000,0,0,0,30,1,False,50,0,0,0,5,30,1.3999971999999998,0,53.34,5,1000,1000,5,1.3999971999999998,1000,1000,False,10,3,50,5,1.3999971999999998,13.335,1000,1,1,1,1,1,Standard,0
0,PHENOLIQUE,Standard,2.0000,PHENOLIQUE,7800.035629,260,0,True,False,PHENOLIQUE,4000,1000,2000,1000,0,50.8,True,1000,True,3800,True,1,0,0,1.3999971999999998,0.2,6.35,12.7,0,0,,,0,,True,False,False,False,False,False,True,300,True,3800,True,50,25,1.3999971999999998,273,0,0,127,350,True,3800,True,0,0,0,0,-1,-1,-1,False,False,0,0,1,300,5,1,0.6,1000,False,3000,1000,0,0,0,30,1.016,False,50,0,0,0,5,30,1.3999971999999998,0,60.96,5,1000,1000,20,1.3999971999999998,1000,1000,False,10,3,50,5,1.3999971999999998,15.24,1000,1,1,1,1,1,Standard,0
0,PHENOLIQUE,Standard,2.5000,PHENOLIQUE,7800.035629,260,0,True,False,PHENOLIQUE,4000,1000,2000,1000,0,63.5,True,1000,True,3800,True,1,0,0,1.3999971999999998,0.2,6.35,12.7,0,0,,,0,,True,False,False,False,False,False,True,300,True,3800,True,55,27,1.3999971999999998,273,0,0,101.6,350,True,3800,True,0,0,0,0,-1,-1,-1,False,False,0,0,1,300,5,1,0.75,1000,False,3000,1000,0,0,0,30,1.016,False,50,0,0,0,5,30,1.3999971999999998,0,76.2,5,1000,1000,5,1.3999971999999998,1000,1000,False,10,3,50,5,1.3999971999999998,19.05,1000,1,1,1,1,1,Standard,0
0,PHENOLIQUE,Standard,2.7500,PHENOLIQUE,7800.035629,260,0,True,False,PHENOLIQUE,4000,1000,2000,1000,0,69.85,True,1000,True,3800,True,1,0,0,1.3999971999999998,0.2,6.35,12.7,0,0,,,0,,True,False,False,False,False,False,True,300,True,3800,True,2,1,1.3999971999999998,273,0,0,1000,350,True,3800,True,0,0,0,0,-1,-1,-1,False,False,0,0,1,300,5,1,0.825,1000,False,3000,1000,0,0,0,30,1,False,50,0,0,0,5,30,1.3999971999999998,0,83.82,5,1000,1000,5,1.3999971999999998,1000,1000,False,10,3,50,5,1.3999971999999998,20.955,1000,1,1,1,1,1,Standard,0
0,PHENOLIQUE,Standard,3.0000,PHENOLIQUE,7800.035629,260,0,True,False,PHENOLIQUE,4000,1000,2000,1000,0,76.2,True,1000,True,3800,True,1,0,0,1.3999971999999998,0.2,6.35,12.7,0,0,,,0,,True,False,False,False,False,False,True,300,True,3800,True,60,30,1.3999971999999998,273,0,0,76.19999999999999,350,True,3800,True,0,0,0,0,-1,-1,-1,False,False,0,0,1,300,5,1,0.9,1000,False,3000,1000,0,0,0,30,1.016,False,50,0,0,0,5,30,1.3999971999999998,0,91.44,5,1000,1000,5,1.3999971999999998,1000,1000,False,10,3,50,5,1.3999971999999998,22.86,1000,1,1,1,1,1,Standard,0
0,PHENOLIQUE,Standard,3.5000,PHENOLIQUE,7800.035629,260,0,True,False,PHENOLIQUE,4000,1000,2000,1000,0,88.9,True,1000,True,3800,True,1,0,0,1.3999971999999998,0.2,6.35,12.7,0,0,,,0,,True,False,False,False,False,False,True,300,True,3800,True,60,30,1.3999971999999998,273,0,0,1000,350,True,3800,True,0,0,0,0,-1,-1,-1,False,False,0,0,1,300,5,1,1.05,1000,False,3000,1000,0,0,0,30,1,False,50,0,0,0,5,30,1.3999971999999998,0,106.68,5,1000,1000,5,1.3999971999999998,1000,1000,False,10,3,50,5,1.3999971999999998,26.67,1000,1,1,1,1,1,Standard,0
0,PHENOLIQUE,Standard,4.0000,PHENOLIQUE,7800.035629,260,0,True,False,PHENOLIQUE,4000,1000,2000,1000,0,101.6,True,1000,True,3800,True,1,0,0,1.3999971999999998,0.2,6.35,12.7,0,0,,,0,,True,False,False,False,False,False,True,300,True,3800,True,60,30,1.3999971999999998,273,0,0,1000,350,True,3800,True,0,0,0,0,-1,-1,-1,False,False,0,0,1,300,5,1,1.2,1000,False,3000,1000,0,0,0,30,1,False,50,0,0,0,5,30,1.3999971999999998,0,121.92,5,1000,1000,5,1.3999971999999998,1000,1000,False,10,3,50,5,1.3999971999999998,30.48,1000,1,1,1,1,1,Standard,0
0,Plywood,Standard,0.3750,Plywood,2700.011342,2000,0,False,False,Plywood,6350,1000,2000,1000,0,9.524999999999999,False,1000,True,1378.951456,False,1,0,0,1.3999971999999998,0.7619999999999999,6.35,12.7,0,0,,,0,,True,True,False,False,False,False,True,300,True,2000,True,50,20,1.3999971999999998,273,0,0,1000,350,True,3800,True,0,0,0,0,-1,-1,-1,False,False,0,0,1,300,5,1,0.225,1000,False,3000,1000,0,0,0,30,1.016,False,50,0,0,0,5,30,1.3999971999999998,0,22.86,5,1000,1000,5,1.3999971999999998,1000,1000,False,10,3,50,5,1.3999971999999998,5.715,1000,1,1,1,1,1,Standard,1
0,Plywood,Standard,0.5000,Plywood,2700.011342,2000,0,False,False,Plywood,6350,1000,2000,1000,0,12.7,False,1000,True,1378.951456,False,1,0,0,1.3999971999999998,0.7619999999999999,6.35,12.7,0,0,,,0,,True,True,False,False,False,False,True,300,True,2000,True,50,20,1.3999971999999998,273,0,0,1000,350,True,3800,True,0,0,0,0,-1,-1,-1,False,False,0,0,1,300,5,1,0.225,1000,False,3000,1000,0,0,0,30,1.016,False,50,0,0,0,5,30,1.3999971999999998,0,22.86,5,1000,1000,5,1.3999971999999998,1000,1000,False,10,3,50,5,1.3999971999999998,5.715,1000,1,1,1,1,1,Standard,1
0,Plywood,Standard,0.7500,Plywood,2700.011342,2000,0,False,False,Plywood,6350,1000,2000,1000,0,19.05,False,1000,True,1378.951456,False,1,0,0,1.3999971999999998,0.7619999999999999,6.35,12.7,0,0,,,0,,True,True,False,False,False,False,True,300,True,2000,True,50,20,1.3999971999999998,273,0,0,1000,350,True,3800,True,0,0,0,0,-1,-1,-1,False,False,0,0,1,300,5,1,0.225,1000,False,3000,1000,0,0,0,30,1.016,False,50,0,0,0,5,30,1.3999971999999998,0,22.86,5,1000,1000,5,1.3999971999999998,1000,1000,False,10,3,50,5,1.3999971999999998,5.715,1000,1,1,1,1,1,Standard,1
0,Plywood,Standard,1.0000,Plywood,2700.011342,2000,0,False,False,Plywood,6350,1000,2000,1000,0,25.4,False,1000,True,1378.951456,False,1,0,0,1.3999971999999998,1.27,6.35,12.7,0,0,,,0,,True,True,False,False,False,False,True,300,True,2000,True,50,20,1.3999971999999998,273,0,0,1000,350,True,3800,True,0,0,0,0,-1,-1,-1,False,False,0,0,1,300,5,1,0.225,1000,False,3000,1000,0,0,0,30,1.016,False,50,0,0,0,5,30,1.3999971999999998,0,22.86,5,1000,1000,5,1.3999971999999998,1000,1000,False,10,3,50,5,1.3999971999999998,5.715,1000,1,1,1,1,1,Standard,1
0,Plywood,Standard,1.5000,Plywood,2700.011342,2000,0,False,False,Plywood,6350,1000,2000,1000,0,38.099999999999994,False,1000,True,1378.951456,False,1,0,0,1.3999971999999998,1.27,6.35,12.7,0,0,,,0,,True,True,False,False,False,False,True,300,True,2000,True,50,20,1.3999971999999998,273,0,0,1000,350,True,3800,True,0,0,0,0,-1,-1,-1,False,False,0,0,1,300,5,1,0.225,1000,False,3000,1000,0,0,0,30,1.016,False,50,0,0,0,5,30,1.3999971999999998,0,22.86,5,1000,1000,5,1.3999971999999998,1000,1000,False,10,3,50,5,1.3999971999999998,5.715,1000,1,1,1,1,1,Standard,1
0,Polycarbonate (Lexan),Standard,0.0600,Polycarbonate (Lexan),1199.9430862714917,600,0,True,False,Polycarbonate (Lexan),1270,1000,2000,1000,0,1.5239999999999998,False,1000,True,3800,True,0.5,0,0,1.4,0.889,6.35,12.7,0,0,,,0,,True,True,False,False,False,True,True,300,True,1378.951456,False,6,6,1.27,127,0,0,1000,350,True,3800,True,0,0,0,0,-1,-1,-1,False,False,0,0,1,300,5,1,0.0375,1000,False,3000,1000,0,0,0,30,1.016,False,50,0,0,0,5,30,1.3999971999999998,0,3.81,5,1000,1000,5,1.3999971999999998,1000,1000,False,10,3,50,5,1.3999971999999998,0.9525,1000,1,1,1,1,1,Standard,1
0,Polycarbonate (Lexan),Standard,0.1250,Polycarbonate (Lexan),1199.9430862714917,600,0,True,False,Polycarbonate (Lexan),1270,1000,2000,1000,0,3.175,False,1000,True,3800,True,0.5,0,0,1.27,1.1429999999999998,6.35,12.7,0,0,,,0,,True,True,False,False,False,False,True,300,True,1378.951456,True,3,1,1.27,127,0,0,1000,350,True,3800,True,0,0,0,0,-1,-1,-1,False,False,0,0,1,300,5,1,0.0375,1000,False,3000,1000,0,0,0,30,1.016,False,50,0,0,0,5,30,1.3999971999999998,0,3.81,5,1000,1000,5,1.3999971999999998,1000,1000,False,10,3,50,5,1.3999971999999998,0.9525,1000,1,1,1,1,1,Standard,1
0,Polycarbonate (Lexan),Standard,0.1875,Polycarbonate (Lexan),1199.9430862714917,600,0,True,False,Polycarbonate (Lexan),1270,1000,2000,1000,0,4.762499999999999,False,1000,True,3800,True,0.5,0,0,1.27,1.1429999999999998,6.35,12.7,0,0,,,0,,True,True,False,False,False,False,True,300,True,1378.951456,True,2,2,1.27,127,0,0,1000,350,True,3800,True,0,0,0,0,-1,-1,-1,False,False,0,0,1,300,5,1,0.0375,1000,False,3000,1000,0,0,0,30,1.016,False,50,0,0,0,5,30,1.3999971999999998,0,3.81,5,1000,1000,5,1.3999971999999998,1000,1000,False,10,3,50,5,1.3999971999999998,0.9525,1000,1,1,1,1,1,Standard,1
0,Polycarbonate (Lexan),Standard,0.2500,Polycarbonate (Lexan),1199.9430862714917,600,0,True,False,Polycarbonate (Lexan),1270,1000,2000,1000,0,6.35,False,1000,True,3800,True,0.5,0,0,1.4,0.889,6.35,12.7,0,0,,,0,,True,True,False,False,False,True,True,300,True,1378.951456,True,6,6,1.27,127,0,0,1000,350,True,3800,True,0,0,0,0,-1,-1,-1,False,False,0,0,1,300,5,1,0.0375,1000,False,3000,1000,0,0,0,30,1.016,False,50,0,0,0,5,30,1.3999971999999998,0,3.81,5,1000,1000,5,1.3999971999999998,1000,1000,False,10,3,50,5,1.3999971999999998,0.9525,1000,1,1,1,1,1,Standard,1
0,Polycarbonate (Lexan),Standard,0.3750,Polycarbonate (Lexan),1199.9430862714917,600,0,True,False,Polycarbonate (Lexan),1270,1000,2000,1000,0,9.524999999999999,False,1000,True,3800,True,0.5,0,0,1.4,0.635,4.7498,12.7,0,0,,,0,,True,True,False,False,False,True,True,300,True,1378.951456,True,6,6,1.27,127,0,0,1000,350,True,3800,True,0,0,0,0,-1,-1,-1,False,False,0,0,1,300,5,1,0.0375,1000,False,3000,1000,0,0,0,30,1.016,False,50,0,0,0,5,30,1.3999971999999998,0,3.81,5,1000,1000,5,1.3999971999999998,1000,1000,False,10,3,50,5,1.3999971999999998,0.9525,1000,1,1,1,1,1,Standard,1
0,Polycarbonate (Lexan),Standard,0.3930,Polycarbonate (Lexan),1199.9430862714917,600,0,True,False,Polycarbonate (Lexan),1270,1000,2000,1000,0,9.9822,False,1000,True,3800,True,0.5,0,0,1.4,0.2,6.35,12.7,0,0,,,0,,True,True,False,False,False,True,True,300,True,1378.951456,True,6,6,1.27,127,0,0,1000,350,True,3800,True,0,0,0,0,-1,-1,-1,False,False,0,0,1,300,5,1,0.0375,1000,False,3000,1000,0,0,0,30,1.016,False,50,0,0,0,5,30,1.3999971999999998,0,3.81,5,1000,1000,5,1.3999971999999998,1000,1000,False,10,3,50,5,1.3999971999999998,0.9525,1000,1,1,1,1,1,Standard,1
0,Polycarbonate (Lexan),Standard,0.4750,Polycarbonate (Lexan),1199.9430862714917,600,0,True,False,Polycarbonate (Lexan),1270,1000,2000,1000,0,12.065,False,1000,True,3800,True,0.5,0,0,1.4,0.2,6.35,12.7,0,0,,,0,,True,True,False,False,False,True,True,300,True,1378.951456,True,6,6,1.27,127,0,0,1000,350,True,3800,True,0,0,0,0,-1,-1,-1,False,False,0,0,1,300,5,1,0.0375,1000,False,3000,1000,0,0,0,30,1.016,False,50,0,0,0,5,30,1.3999971999999998,0,3.81,5,1000,1000,5,1.3999971999999998,1000,1000,False,10,3,50,5,1.3999971999999998,0.9525,1000,1,1,1,1,1,Standard,1
0,Polycarbonate (Lexan),Standard,0.5000,Polycarbonate (Lexan),1199.9430862714917,600,0,True,False,Polycarbonate (Lexan),1270,1000,2000,1000,0,12.7,False,1000,True,3800,True,0.5,0,0,1.4,0.635,6.35,12.7,0,0,,,0,,True,True,False,False,False,True,True,300,True,1378.951456,True,6,6,1.27,127,0,0,1000,350,True,3800,True,0,0,0,0,-1,-1,-1,False,False,0,0,1,300,5,1,0.0375,1000,False,3000,1000,0,0,0,30,1.016,False,50,0,0,0,5,30,1.3999971999999998,0,3.81,5,1000,1000,5,1.3999971999999998,1000,1000,False,10,3,50,5,1.3999971999999998,0.9525,1000,1,1,1,1,1,Standard,1
0,Polycarbonate (Lexan),Standard,0.6250,Polycarbonate (Lexan),1199.9430862714917,600,0,True,False,Polycarbonate (Lexan),1270,1000,2000,1000,0,15.875,False,1000,True,3800,True,0.5,0,0,1.4,0.635,6.35,12.7,0,0,,,0,,True,True,False,False,False,True,True,300,True,1378.951456,True,6,6,1.27,127,0,0,1000,350,True,3800,True,0,0,0,0,-1,-1,-1,False,False,0,0,1,300,5,1,0.0375,1000,False,3000,1000,0,0,0,30,1.016,False,50,0,0,0,5,30,1.3999971999999998,0,3.81,5,1000,1000,5,1.3999971999999998,1000,1000,False,10,3,50,5,1.3999971999999998,0.9525,1000,1,1,1,1,1,Standard,1
0,Polycarbonate (Lexan),Standard,0.7500,Polycarbonate (Lexan),1199.9430862714917,600,0,True,False,Polycarbonate (Lexan),1270,1000,2000,1000,0,19.049999999999997,False,1000,True,3800,True,0.5,0,0,1.4,0.635,6.35,12.7,0,0,,,0,,True,True,False,False,False,True,True,300,True,1378.951456,True,6,6,1.27,127,0,0,1000,350,True,3800,True,0,0,0,0,-1,-1,-1,False,False,0,0,1,300,5,1,0.0375,1000,False,3000,1000,0,0,0,30,1.016,False,50,0,0,0,5,30,1.3999971999999998,0,3.81,5,1000,1000,5,1.3999971999999998,1000,1000,False,10,3,50,5,1.3999971999999998,0.9525,1000,1,1,1,1,1,Standard,1
0,Polycarbonate (Lexan),Standard,1.0000,Polycarbonate (Lexan),1199.9430862714917,600,0,True,False,Polycarbonate (Lexan),1270,1000,2000,1000,0,25.4,False,1000,True,3800,True,0.5,0,0,1.27,0.889,6.35,12.7,0,0,,,0,,True,True,False,False,False,False,True,300,True,3800,True,6,6,1.27,127,0,0,1000,350,True,3800,True,0,0,0,0,-1,-1,-1,False,False,0,0,1,300,5,1,0.0375,1000,False,3000,1000,0,0,0,30,1.016,False,50,0,0,0,5,30,1.3999971999999998,0,3.81,5,1000,1000,5,1.3999971999999998,1000,1000,False,10,3,50,5,1.3999971999999998,0.9525,1000,1,1,1,1,1,Standard,1
0,Polycarbonate (Lexan),Standard,1.2500,Polycarbonate (Lexan),1199.9430862714917,600,0,True,False,Polycarbonate (Lexan),1270,1000,2000,1000,0,31.75,False,1000,True,3800,True,0.5,0,0,1.27,0.2,6.35,12.7,0,0,,,0,,True,True,False,False,False,False,True,300,True,3800,False,6,6,1.27,127,0,0,1000,350,True,3800,True,0,0,0,0,-1,-1,-1,False,False,0,0,1,300,5,1,0.0375,1000,False,3000,1000,0,0,0,30,1.016,False,50,0,0,0,5,30,1.3999971999999998,0,3.81,5,1000,1000,5,1.3999971999999998,1000,1000,False,10,3,50,5,1.3999971999999998,0.9525,1000,1,1,1,1,1,Standard,1
0,Polycarbonate (Lexan),Standard,2.0000,Polycarbonate (Lexan),1199.9430862714917,600,0,True,False,Polycarbonate (Lexan),1270,1000,2000,1000,0,50.8,False,1000,True,3800,True,0.5,0,0,1.27,0.2,6.35,12.7,0,0,,,0,,True,True,False,False,False,False,True,300,True,3800,False,6,35,1.27,203.2,0,0,1000,350,True,3800,True,0,0,0,0,-1,-1,-1,False,False,0,0,1,300,5,1,0.0375,1000,False,3000,1000,0,0,0,30,1.016,False,50,0,0,0,5,30,1.3999971999999998,0,3.81,5,1000,1000,5,1.3999971999999998,1000,1000,False,10,3,50,5,1.3999971999999998,0.9525,1000,1,1,1,1,1,Standard,1
0,Polypropylene,Standard,0.1250,Polypropylene,7800.035533,330,0,False,False,Polypropylene,4000,1000,2000,1000,0,3.175,True,1000,True,3800,True,1,0,0,1.3999971999999998,0,6.35,12.7,0,0,,,0,,True,False,False,False,False,False,True,300,True,2000,True,3,1,1.3999971999999998,273,0,0,25.4,350,True,3800,True,0,0,0,0,-1,-1,-1,False,False,0,0,1,300,5,1,0.45,1000,False,3000,1000,0,0,0,30,1.016,False,50,0,0,0,5,30,1.3999971999999998,0,45.72,5,1000,1000,5,1.3999971999999998,1000,1000,False,10,3,50,5,1.3999971999999998,11.43,1000,1,1,1,1,1,Standard,0
0,Polypropylene,Standard,0.1880,Polypropylene,7800.035533,330,0,False,False,Polypropylene,4000,1000,2000,1000,0,4.7752,True,1000,True,3800,True,1,0,0,1.3999971999999998,0,6.35,12.7,0,0,,,0,,True,False,False,False,False,False,True,300,True,2000,True,3,1,1.3999971999999998,273,0,0,25.4,350,True,3800,True,0,0,0,0,-1,-1,-1,False,False,0,0,1,300,5,1,0.45,1000,False,3000,1000,0,0,0,30,1.016,False,50,0,0,0,5,30,1.3999971999999998,0,45.72,5,1000,1000,5,1.3999971999999998,1000,1000,False,10,3,50,5,1.3999971999999998,11.43,1000,1,1,1,1,1,Standard,0
0,Polypropylene,Standard,0.2500,Polypropylene,7800.035533,330,0,False,False,Polypropylene,4000,1000,2000,1000,0,6.35,True,1000,True,3800,True,1,0,0,1.3999971999999998,0,6.35,12.7,0,0,,,0,,True,False,False,False,False,False,True,300,True,2000,True,3,1,1.3999971999999998,273,0,0,25.4,350,True,3800,True,0,0,0,0,-1,-1,-1,False,False,0,0,1,300,5,1,0.45,1000,False,3000,1000,0,0,0,30,1.016,False,50,0,0,0,5,30,1.3999971999999998,0,45.72,5,1000,1000,5,1.3999971999999998,1000,1000,False,10,3,50,5,1.3999971999999998,11.43,1000,1,1,1,1,1,Standard,0
0,Polypropylene,Standard,0.3000,Polypropylene,7800.035533,330,0,False,False,Polypropylene,4000,1000,2000,1000,0,7.619999999999999,True,1000,True,3800,True,1,0,0,1.3999971999999998,0,6.35,12.7,0,0,,,0,,True,False,False,False,False,False,True,300,True,2000,True,3,1,1.3999971999999998,273,0,0,25.4,350,True,3800,True,0,0,0,0,-1,-1,-1,False,False,0,0,1,300,5,1,0.45,1000,False,3000,1000,0,0,0,30,1.016,False,50,0,0,0,5,30,1.3999971999999998,0,45.72,5,1000,1000,5,1.3999971999999998,1000,1000,False,10,3,50,5,1.3999971999999998,11.43,1000,1,1,1,1,1,Standard,0
0,Polypropylene,Standard,0.3750,Polypropylene,7800.035533,330,0,False,False,Polypropylene,4000,1000,2000,1000,0,9.524999999999999,True,1000,True,3800,True,1,0,0,1.3999971999999998,0,6.35,12.7,0,0,,,0,,True,False,False,False,False,False,True,300,True,2000,True,3,1,1.3999971999999998,273,0,0,25.4,350,True,3800,True,0,0,0,0,-1,-1,-1,False,False,0,0,1,300,5,1,0.45,1000,False,3000,1000,0,0,0,30,1.016,False,50,0,0,0,5,30,1.3999971999999998,0,45.72,5,1000,1000,5,1.3999971999999998,1000,1000,False,10,3,50,5,1.3999971999999998,11.43,1000,1,1,1,1,1,Standard,0
0,Polypropylene,Standard,0.5000,Polypropylene,7800.035533,330,0,False,False,Polypropylene,4000,1000,2000,1000,0,12.7,True,1000,True,3800,True,1,0,0,1.3999971999999998,0,6.35,12.7,0,0,,,0,,True,False,False,False,False,False,True,300,True,2000,True,3,1,1.3999971999999998,273,0,0,25.4,350,True,3800,True,0,0,0,0,-1,-1,-1,False,False,0,0,1,300,5,1,0.45,1000,False,3000,1000,0,0,0,30,1.016,False,50,0,0,0,5,30,1.3999971999999998,0,45.72,5,1000,1000,5,1.3999971999999998,1000,1000,False,10,3,50,5,1.3999971999999998,11.43,1000,1,1,1,1,1,Standard,0
0,Polypropylene,Standard,1.5000,Polypropylene,7800.035533,330,0,False,False,Polypropylene,4000,1000,2000,1000,0,38.1,True,1000,True,3800,True,1,0,0,1.3999971999999998,0.2,6.35,12.7,0,0,,,0,,True,False,False,False,False,False,True,300,True,2000,True,3,1,1.3999971999999998,273,0,0,25.4,350,True,3800,True,0,0,0,0,-1,-1,-1,False,False,0,0,1,300,5,1,0.45,1000,False,3000,1000,0,0,0,30,1.016,False,50,0,0,0,5,30,1.3999971999999998,0,45.72,5,1000,1000,5,1.3999971999999998,1000,1000,False,10,3,50,5,1.3999971999999998,11.43,1000,1,1,1,1,1,Standard,0
0,PVC,Standard,0.0625,PVC,7800.035869,485,0,False,False,PVC,4000,1000,2000,1000,0,1.5875,True,1000,True,3800,True,1,0,0,1.3999971999999998,0.2,3.8099999999999996,12.7,0,0,,,0,,True,False,False,False,False,False,True,300,False,1034.213592,False,4,2,1.3999971999999998,273,0,0,381,350,True,3800,True,0,0,0,0,-1,-1,-1,False,False,0,0,1,300,5,1,0.0375,2540,False,3000,1000,0,0,0,30,1.016,False,50,0,0,0,5,30,1.3999971999999998,0,3.81,5,1000,1000,5,1.3999971999999998,1000,1000,False,10,3,50,5,1.3999971999999998,0.9525,1000,1,1,1,1,1,Standard,1
0,PVC,Standard,0.1250,PVC,7800.035869,485,0,False,False,PVC,4000,1000,2000,1000,0,3.175,True,1000,True,3800,True,1,0,0,1.3999971999999998,0.2,3.8099999999999996,12.7,0,0,,,0,,True,False,False,False,False,False,True,300,False,1034.213592,False,4,2,1.3999971999999998,273,0,0,381,350,True,3800,True,0,0,0,0,-1,-1,-1,False,False,0,0,1,300,5,1,0.0375,2540,False,3000,1000,0,0,0,30,1.016,False,50,0,0,0,5,30,1.3999971999999998,0,3.81,5,1000,1000,5,1.3999971999999998,1000,1000,False,10,3,50,5,1.3999971999999998,0.9525,1000,1,1,1,1,1,Standard,1
0,PVC,Standard,0.1875,PVC,7800.035869,485,0,False,False,PVC,4000,1000,2000,1000,0,4.762499999999999,True,1000,True,3800,True,1,0,0,1.3999971999999998,0.7619999999999999,3.8099999999999996,12.7,0,0,,,0,,True,True,False,False,False,False,True,300,False,1034.213592,True,4,2,1.3999971999999998,273,0,0,381,350,True,3800,True,0,0,0,0,-1,-1,-1,False,False,0,0,1,300,5,1,0.0375,2540,False,3000,1000,0,0,0,30,1.016,False,50,0,0,0,5,30,1.3999971999999998,0,3.81,5,1000,1000,5,1.3999971999999998,1000,1000,False,10,3,50,5,1.3999971999999998,0.9525,1000,1,1,1,1,1,Standard,1
0,PVC,Standard,0.2500,PVC,7800.035869,485,0,False,False,PVC,4000,1000,2000,1000,0,6.35,True,1000,True,3800,True,1,0,0,1.3999971999999998,0.7619999999999999,3.8099999999999996,12.7,0,0,,,0,,True,True,False,False,False,False,True,300,False,1034.213592,True,4,2,1.3999971999999998,273,0,0,381,350,True,3800,True,0,0,0,0,-1,-1,-1,False,False,0,0,1,300,5,1,0.0375,2540,False,3000,1000,0,0,0,30,1.016,False,50,0,0,0,5,30,1.3999971999999998,0,3.81,5,1000,1000,5,1.3999971999999998,1000,1000,False,10,3,50,5,1.3999971999999998,0.9525,1000,1,1,1,1,1,Standard,1
0,PVC,Standard,0.3125,PVC,7800.035869,485,0,False,False,PVC,4000,1000,2000,1000,0,7.9375,True,1000,True,3800,True,1,0,0,1.3999971999999998,0.7619999999999999,3.8099999999999996,12.7,0,0,,,0,,True,True,False,False,False,False,True,300,False,1034.213592,True,4,2,1.3999971999999998,273,0,0,381,350,True,3800,True,0,0,0,0,-1,-1,-1,False,False,0,0,1,300,5,1,0.0375,2540,False,3000,1000,0,0,0,30,1.016,False,50,0,0,0,5,30,1.3999971999999998,0,3.81,5,1000,1000,5,1.3999971999999998,1000,1000,False,10,3,50,5,1.3999971999999998,0.9525,1000,1,1,1,1,1,Standard,1
0,PVC,Standard,0.3750,PVC,7800.035869,485,0,False,False,PVC,4000,1000,2000,1000,0,9.524999999999999,True,1000,True,3800,True,1,0,0,1.3999971999999998,1.016,3.8099999999999996,12.7,0,0,,,0,,True,False,False,False,False,False,True,300,False,1034.213592,False,4,2,1.3999971999999998,273,0,0,381,350,True,3800,True,0,0,0,0,-1,-1,-1,False,False,0,0,1,300,5,1,0.0375,2540,False,3000,1000,0,0,0,30,1.016,False,50,0,0,0,5,30,1.3999971999999998,0,3.81,5,1000,1000,5,1.3999971999999998,1000,1000,False,10,3,50,5,1.3999971999999998,0.9525,1000,1,1,1,1,1,Standard,1
0,PVC,Standard,0.4375,PVC,7800.035869,485,0,False,False,PVC,4000,1000,2000,1000,0,11.112499999999999,True,1000,True,3800,True,1,0,0,1.3999971999999998,0.2,3.8099999999999996,12.7,0,0,,,0,,True,False,False,False,False,False,True,300,False,1034.213592,False,4,2,1.3999971999999998,273,0,0,381,350,True,3800,True,0,0,0,0,-1,-1,-1,False,False,0,0,1,300,5,1,0.0375,2540,False,3000,1000,0,0,0,30,1.016,False,50,0,0,0,5,30,1.3999971999999998,0,3.81,5,1000,1000,5,1.3999971999999998,1000,1000,False,10,3,50,5,1.3999971999999998,0.9525,1000,1,1,1,1,1,Standard,1
0,PVC,Standard,0.5000,PVC,7800.035869,485,0,False,False,PVC,4000,1000,2000,1000,0,12.7,True,1000,True,3800,True,1,0,0,1.3999971999999998,0.2,3.8099999999999996,12.7,0,0,,,0,,True,False,False,False,False,False,True,300,False,1034.213592,False,4,2,1.3999971999999998,273,0,0,381,350,True,3800,True,0,0,0,0,-1,-1,-1,False,False,0,0,1,300,5,1,0.0375,2540,False,3000,1000,0,0,0,30,1.016,False,50,0,0,0,5,30,1.3999971999999998,0,3.81,5,1000,1000,5,1.3999971999999998,1000,1000,False,10,3,50,5,1.3999971999999998,0.9525,1000,1,1,1,1,1,Standard,1
0,PVC,Standard,1.0000,PVC,7800.035869,485,0,False,False,PVC,4000,1000,2000,1000,0,25.4,True,1000,True,3800,True,1,0,0,1.3999971999999998,0.635,3.8099999999999996,12.7,0,0,,,0,,True,False,False,False,False,False,True,300,False,1034.213592,True,4,2,1.3999971999999998,273,0,0,381,350,True,3800,True,0,-0.9452945827096123,0,0,-0.7161599454704103,-1,-1,False,False,0,0,1,300,5,1,0.0375,2540,False,3000,1000,0,0,0,30,1.016,False,50,0,0,0,5,30,1.3999971999999998,0,3.81,5,1000,1000,5,1.3999971999999998,1000,1000,False,10,3,50,5,1.3999971999999998,0.9525,1000,1,1,1,1,1,Standard,1
0,PVC,Standard,1.5000,PVC,7800.035869,485,0,False,False,PVC,4000,1000,2000,1000,0,38.099999999999994,True,1000,True,3800,True,1,0,0,1.3999971999999998,0.38099999999999995,3.8099999999999996,12.7,0,0,,,0,,True,False,False,False,False,False,True,300,False,1034.213592,True,4,2,1.3999971999999998,273,0,0,381,350,True,3800,True,0,-0.8211832735875955,0,0,-0.6111318044365195,-1,-1,False,False,0,0,1,300,5,1,0.0375,2540,False,3000,1000,0,0,0,30,1.016,False,50,0,0,0,5,30,1.3999971999999998,0,3.81,5,1000,1000,5,1.3999971999999998,1000,1000,False,10,3,50,5,1.3999971999999998,0.9525,1000,1,1,1,1,1,Standard,1
0,PVC,Standard,2.0000,PVC,7800.035869,485,0,False,False,PVC,4000,1000,2000,1000,0,50.8,True,1000,True,3800,True,1,0,0,1.3999971999999998,0.508,3.8099999999999996,12.7,0,0,,,0,,True,False,False,False,False,False,True,300,False,1034.213592,True,4,2,1.3999971999999998,273,0,0,381,350,True,3800,True,0,0,0,0,-1,-1,-1,False,False,0,0,1,300,5,1,0.0375,2540,False,3000,1000,0,0,0,30,1.016,False,50,0,0,0,5,30,1.3999971999999998,0,3.81,5,1000,1000,5,1.3999971999999998,1000,1000,False,10,3,50,5,1.3999971999999998,0.9525,1000,1,1,1,1,1,Standard,1
0,PVC,Standard,2.1250,PVC,7800.035869,485,0,False,False,PVC,4000,1000,2000,1000,0,53.974999999999994,True,1000,True,3800,True,1,0,0,1.3999971999999998,0.508,3.8099999999999996,12.7,0,0,,,0,,True,False,False,False,False,False,True,300,False,1034.213592,True,4,2,1.3999971999999998,273,0,0,381,350,True,3800,True,0,0,0,0,-1,-1,-1,False,False,0,0,1,300,5,1,0.0375,2540,False,3000,1000,0,0,0,30,1.016,False,50,0,0,0,5,30,1.3999971999999998,0,3.81,5,1000,1000,5,1.3999971999999998,1000,1000,False,10,3,50,5,1.3999971999999998,0.9525,1000,1,1,1,1,1,Standard,1
0,Roc,Standard,0.0630,Roc,2800.013389,200,0,False,False,Roc,5000,1000,2000,1000,0,1.6002,True,1000,True,3800,True,1,0,0,1.3999971999999998,0.2,6.35,12.7,0,0,,,0,,True,False,False,False,False,False,True,300,False,1379,False,1.3,1,1.3999971999999998,273,0,0,1000,350,True,3800,True,0,0,0,0,-1,-1,-1,False,False,0,0,1,300,5,1,0.0189,1000,False,3000,1000,0,0,0,30,1.016,False,50,0,0,0,5,30,1.3999971999999998,0,1.92024,5,1000,1000,5,1.3999971999999998,1000,1000,False,10,3,50,5,1.3999971999999998,0.48006,1000,1,1,1,1,1,Standard,1
0,Roc,Standard,0.1250,Roc,2800.013389,200,0,False,False,Roc,5000,1000,2000,1000,0,3.175,True,1000,True,3800,True,1,0,0,1.3999971999999998,0.2,6.35,12.7,0,0,,,0,,True,False,False,False,False,False,True,300,False,1379,False,1.3,1,1.3999971999999998,273,0,0,1000,350,True,3800,True,0,0,0,0,-1,-1,-1,False,False,0,0,1,300,5,1,0.0375,1000,False,3000,1000,0,0,0,30,1.016,False,50,0,0,0,5,30,1.3999971999999998,0,3.81,5,1000,1000,5,1.3999971999999998,1000,1000,False,10,3,50,5,1.3999971999999998,0.9525,1000,1,1,1,1,1,Standard,1
0,Roc,Standard,0.1870,Roc,2800.013389,200,0,False,False,Roc,5000,1000,2000,1000,0,4.7498,True,1000,True,3800,True,1,0,0,1.3999971999999998,0.2,6.35,12.7,0,0,,,0,,True,False,False,False,False,False,True,300,False,1379,False,1.3,1,1.3999971999999998,273,0,0,1000,350,True,3800,True,0,0,0,0,-1,-1,-1,False,False,0,0,1,300,5,1,0.0561,1000,False,3000,1000,0,0,0,30,1.016,False,50,0,0,0,5,30,1.3999971999999998,0,5.69976,5,1000,1000,5,1.3999971999999998,1000,1000,False,10,3,50,5,1.3999971999999998,1.42494,1000,1,1,1,1,1,Standard,1
0,Roc,Standard,0.2500,Roc,2800.013389,200,0,False,False,Roc,5000,1000,2000,1000,0,6.35,True,1000,True,3800,True,1,0,0,1.3999971999999998,0.2,6.35,12.7,0,0,,,0,,True,False,False,False,False,False,True,300,False,1379,False,1.3,1,1.3999971999999998,273,0,0,914.4,350,True,3800,True,0,0,0,0,-1,-1,-1,False,False,0,0,1,300,5,1,0.075,1000,False,3000,1000,0,0,0,30,1.016,False,50,0,0,0,5,30,1.3999971999999998,0,7.62,5,1000,1000,5,1.3999971999999998,1000,1000,False,10,3,50,5,1.3999971999999998,1.905,1000,1,1,1,1,1,Standard,1
0,Roc,Standard,0.3750,Roc,2800.013389,200,0,False,False,Roc,5000,1000,2000,1000,0,9.525,True,1000,True,3800,True,1,0,0,1.3999971999999998,0.2,6.35,12.7,0,0,,,0,,True,False,False,False,False,False,True,300,False,1379,False,2.5,2,1.3999971999999998,273,0,0,584.1999999999999,350,True,3800,True,0,0,0,0,-1,-1,-1,False,False,0,0,1,300,5,1,0.1125,1000,False,3000,1000,0,0,0,30,1.016,False,50,0,0,0,5,30,1.3999971999999998,0,11.43,5,1000,1000,5,1.3999971999999998,1000,1000,False,10,3,50,5,1.3999971999999998,2.8575,1000,1,1,1,1,1,Standard,1
0,Roc,Standard,0.5000,Roc,2800.013389,200,0,False,False,Roc,5000,1000,2000,1000,0,12.7,True,1000,True,3800,True,1,0,0,1.3999971999999998,0.2,6.35,12.7,0,0,,,0,,True,False,False,False,False,False,True,300,False,1379,False,5,4,1.3999971999999998,273,0,0,406.4,350,True,3800,True,0,0,0,0,-1,-1,-1,False,False,0,0,1,300,5,1,0.15,1000,False,3000,1000,0,0,0,30,1.016,False,50,0,0,0,5,30,1.3999971999999998,0,15.24,5,1000,1000,5,1.3999971999999998,1000,1000,False,10,3,50,5,1.3999971999999998,3.81,1000,1,1,1,1,1,Standard,1
0,Roc,Standard,0.6250,Roc,2800.013389,200,0,False,False,Roc,5000,1000,2000,1000,0,15.875,True,1000,True,3800,True,1,0,0,1.3999971999999998,0.2,6.35,12.7,0,0,,,0,,True,False,False,False,False,False,True,300,False,1379,False,7.5,6,1.3999971999999998,273,0,0,304.79999999999995,350,True,3800,True,0,0,0,0,-1,-1,-1,False,False,0,0,1,300,5,1,0.1875,1000,False,3000,1000,0,0,0,30,1.016,False,50,0,0,0,5,30,1.3999971999999998,0,19.05,5,1000,1000,5,1.3999971999999998,1000,1000,False,10,3,50,5,1.3999971999999998,4.7625,1000,1,1,1,1,1,Standard,1
0,Roc,Standard,0.7500,Roc,2800.013389,200,0,False,False,Roc,5000,1000,2000,1000,0,19.05,True,1000,True,3800,True,1,0,0,1.3999971999999998,0.2,6.35,12.7,0,0,,,0,,True,False,False,False,False,False,True,300,False,1379,False,7.5,4,1.3999971999999998,273,0,0,254,350,True,3800,True,0,0,0,0,-1,-1,-1,False,False,0,0,1,300,5,1,0.225,1000,False,3000,1000,0,0,0,30,1.016,False,50,0,0,0,5,30,1.3999971999999998,0,22.86,5,1000,1000,5,1.3999971999999998,1000,1000,False,10,3,50,5,1.3999971999999998,5.715,1000,1,1,1,1,1,Standard,1
0,Roc,Standard,1.0000,Roc,2800.013389,200,0,False,False,Roc,5000,1000,2000,1000,0,25.4,True,1000,True,3800,True,1,0,0,1.3999971999999998,0.2,6.35,12.7,0,0,,,0,,True,False,False,False,False,False,True,300,False,1379,False,10,8,1.3999971999999998,273,0,0,177.79999999999998,350,True,3800,True,0,0,0,0,-1,-1,-1,False,False,0,0,1,300,5,1,0.3,1000,False,3000,1000,0,0,0,30,1.016,False,50,0,0,0,5,30,1.3999971999999998,0,30.48,5,1000,1000,5,1.3999971999999998,1000,1000,False,10,3,50,5,1.3999971999999998,7.62,1000,1,1,1,1,1,Standard,1
0,Roc,Standard,2.0000,Roc,2800.013389,200,0,False,False,Roc,5000,1000,2000,1000,0,50.8,True,1000,True,3800,True,1,0,0,1.3999971999999998,0.254,6.35,12.7,0,0,,,0,,True,False,False,False,False,False,True,300,False,1379,False,10,8,1.3999971999999998,273,0,0,177.79999999999998,350,True,3800,True,0,0,0,0,-1,-1,-1,False,False,0,0,1,300,5,1,0.3,1000,False,3000,1000,0,0,0,30,1.016,False,50,0,0,0,5,30,1.3999971999999998,0,30.48,5,1000,1000,5,1.3999971999999998,1000,1000,False,10,3,50,5,1.3999971999999998,7.62,1000,1,1,1,1,1,Standard,1
0,Rubber (brittle),Standard,0.0625,Rubber (brittle),80.092325,800,0,True,False,Rubber (brittle),4000,1000,2000,1000,0,1.5875,True,1000,True,3800,True,1,0,0,3.556,1.5239999999999998,6.35,12.7,0,0,,,0,,True,True,False,False,False,False,True,300,True,2000,True,1,1,3.556,273,0,0,1000,350,True,3800,True,0,0,0,0,-1,-1,-1,False,False,0,0,1,300,0.5,1,0.01875,3810,False,3000,1000,0,0,0,30,1,False,50,0,0,0,5,30,3.556,0,1.905,5,1000,1000,5,3.556,1000,1000,False,10,3,50,5,3.556,0.47625,1000,1,1,1,1,1,Standard,0
0,Rubber (brittle),Standard,0.0700,Rubber (brittle),80.092325,800,0,True,False,Rubber (brittle),4000,1000,2000,1000,0,1.778,True,1000,True,3800,True,1,0,0,3.556,0.2,6.35,12.7,0,0,,,0,,True,True,False,False,False,False,True,300,True,2000,True,1,1,3.556,273,0,0,1000,350,True,3800,True,0,0,0,0,-1,-1,-1,False,False,0,0,1,300,0.5,1,0.021,635,False,3000,1000,0,0,0,30,1,False,50,0,0,0,5,30,3.556,0,2.1336,5,1000,1000,5,3.556,1000,1000,False,10,3,50,5,3.556,0.5334,1000,1,1,1,1,1,Standard,0
0,Rubber (brittle),Standard,0.0800,Rubber (brittle),80.092325,800,0,True,False,Rubber (brittle),4000,1000,2000,1000,0,2.032,True,1000,True,3800,True,1,0,0,3.556,0.2,6.35,12.7,0,0,,,0,,True,True,False,False,False,False,True,300,True,2000,True,1,1,3.556,273,0,0,1000,350,True,3800,True,0,0,0,0,-1,-1,-1,False,False,0,0,1,300,0.5,1,0.021,635,True,3048,2032,3.175,3.175,5,30,1,False,50,0,0,0,5,30,3.556,0,2.1336,5,1000,1000,5,3.556,1000,1000,False,10,3,50,5,3.556,0.5334,1000,1,1,1,1,1,Standard,0
0,Rubber (brittle),Standard,0.1250,Rubber (brittle),80.092325,800,0,True,False,Rubber (brittle),4000,1000,2000,1000,0,3.175,True,1000,True,3800,True,1,0,0,3.556,0.254,6.35,12.7,0,0,,,0,,True,True,False,False,False,False,True,300,True,2000,True,1,1,3.556,273,0,0,1000,350,True,3800,True,0,0,0,0,-1,-1,-1,False,False,0,0,1,300,0.5,1,0.0375,6858,True,3048,2032,3,3,5,30,1.016,False,50,0,0,0,5,30,3.556,0,3.81,5,1000,1000,5,3.556,1000,1000,False,10,3,50,5,3.556,0.9525,1000,1,1,1,1,1,Standard,0
0,Rubber (brittle),Standard,0.1875,Rubber (brittle),80.092325,800,0,True,False,Rubber (brittle),4000,1000,2000,1000,0,4.7625,True,1000,True,3800,True,1,0,0,3.556,0.889,6.35,12.7,0,0,,,0,,True,True,False,False,False,False,True,300,True,2000,True,1,1,3.556,273,0,0,1000,350,True,3800,True,0,0,0,0,-1,-1,-1,False,False,0,0,1,300,0.5,1,0.05625,762,True,762,508,12.7,12.7,0,30,1.016,False,50,0,0,0,5,30,3.556,0,5.715,5,1000,1000,5,3.556,1000,1000,False,10,3,50,5,3.556,1.42875,1000,1,1,1,1,1,Standard,0
0,Rubber (brittle),Standard,0.2500,Rubber (brittle),80.092325,800,0,True,False,Rubber (brittle),4000,1000,2000,1000,0,6.35,True,1000,True,3800,True,1,0,0,3.556,0.508,6.35,12.7,0,0,,,0,,True,True,False,False,False,False,True,300,True,2000,True,1,1,3.556,273,0,0,1000,350,True,3800,True,0,0,0,0,-1,-1,-1,False,False,0,0,1,300,0.5,1,0.01875,3810,True,3048,2032,3.175,3.175,6,30,1.016,False,50,0,0,0,5,30,3.556,0,1.905,5,1000,1000,5,3.556,1000,1000,False,10,3,50,5,3.556,0.47625,1000,1,1,1,1,1,Standard,0
0,Rubber (brittle),Standard,0.3125,Rubber (brittle),80.092325,800,0,True,False,Rubber (brittle),4000,1000,2000,1000,0,7.9375,True,1000,True,3800,True,1,0,0,3.556,0.508,6.35,12.7,0,0,,,0,,True,True,False,False,False,False,True,300,True,2000,True,1,1,3.556,273,0,0,1000,350,True,3800,True,0,0,0,0,-1,-1,-1,False,False,0,0,1,300,0.5,1,0.01875,3810,False,3000,1000,0,0,0,30,1,False,50,0,0,0,5,30,3.556,0,1.905,5,1000,1000,5,3.556,1000,1000,False,10,3,50,5,3.556,0.47625,1000,1,1,1,1,1,Standard,0
0,Rubber (brittle),Standard,0.3750,Rubber (brittle),80.092325,800,0,True,False,Rubber (brittle),4000,1000,2000,1000,0,9.524999999999999,True,1000,True,3800,True,1,0,0,3.556,0.38099999999999995,6.35,12.7,0,0,,,0,,True,True,False,False,False,False,True,300,True,2000,True,1,1,3.556,273,0,0,1000,350,True,3800,True,0,0,0,0,-1,-1,-1,False,False,0,0,1,300,0.5,1,0.01875,3810,False,3000,1000,0,0,0,30,1,False,50,0,0,0,5,30,3.556,0,1.905,5,1000,1000,5,3.556,1000,1000,False,10,3,50,5,3.556,0.47625,1000,1,1,1,1,1,Standard,0
0,Rubber (brittle),Standard,0.5000,Rubber (brittle),80.092325,800,0,True,False,Rubber (brittle),4000,1000,2000,1000,0,12.7,True,1000,True,3800,True,1,0,0,3.556,0.889,6.35,12.7,0,0,,,0,,True,True,False,False,False,False,True,300,True,2000,True,1,1,3.556,273,0,0,1000,350,True,3800,True,0,0,0,0,-1,-1,-1,False,False,0,0,1,300,0.5,1,0.15,1905,True,2032,1016,3,3,0,30,1,False,50,0,0,0,5,30,3.556,0,15.24,5,1000,1000,5,3.556,1000,1000,False,10,3,50,5,3.556,3.81,1000,1,1,1,1,1,Standard,0
0,Rubber (brittle),Standard,0.7500,Rubber (brittle),80.092325,800,0,True,False,Rubber (brittle),4000,1000,2000,1000,0,19.049999999999997,True,1000,True,3800,True,1,0,0,3.556,0.38099999999999995,6.35,12.7,0,0,,,0,,True,True,False,False,False,False,True,300,True,2000,True,1,1,3.556,273,0,0,1000,350,True,3800,True,0,0,0,0,-1,-1,-1,False,False,0,0,1,300,0.5,1,0.15,1905,False,3000,1000,0,0,0,30,1,False,50,0,0,0,5,30,3.556,0,15.24,5,1000,1000,5,3.556,1000,1000,False,10,3,50,5,3.556,3.81,1000,1,1,1,1,1,Standard,0
0,Rubber (brittle),Standard,0.8750,Rubber (brittle),80.092325,800,0,True,False,Rubber (brittle),4000,1000,2000,1000,0,22.225,True,1000,True,3800,True,1,0,0,3.556,0.2,6.35,12.7,0,0,,,0,,True,True,False,False,False,False,True,300,True,2000,True,1,1,3.556,273,0,0,1000,350,True,3800,True,0,0,0,0,-1,-1,-1,False,False,0,0,1,300,0.5,1,0.2625,1905,False,3000,1000,0,0,0,30,1,False,50,0,0,0,5,30,3.556,0,26.67,5,1000,1000,5,3.556,1000,1000,False,10,3,50,5,3.556,6.6675,1000,1,1,1,1,1,Standard,0
0,Rubber (brittle),Standard,1.0000,Rubber (brittle),80.092325,800,0,True,False,Rubber (brittle),4000,1000,2000,1000,0,25.4,True,1000,True,3800,True,1,0,0,1.4,0.3302,6.35,12.7,0,0,,,0,,True,True,False,False,False,True,True,300,True,2000,False,1,1,3.556,273,0,0,1000,350,True,3800,True,0,0,0,0,-1,-1,-1,False,False,0,0,1,300,0.5,1,0.01875,3810,False,3000,1000,0,0,0,30,1,False,50,0,0,0,5,30,3.556,0,1.905,5,1000,1000,5,3.556,1000,1000,False,10,3,50,5,3.556,0.47625,1000,1,1,1,1,1,Standard,0
0,Rubber (brittle),Standard,1.2500,Rubber (brittle),80.092325,800,0,True,False,Rubber (brittle),4000,1000,2000,1000,0,31.75,True,1000,True,3800,True,1,0,0,3.556,0.3302,6.35,12.7,0,0,,,0,,True,True,False,False,False,False,True,300,True,2000,True,1,1,3.556,273,0,0,1000,350,True,3800,True,0,0,0,0,-1,-1,-1,False,False,0,0,1,300,0.5,1,0.01875,3810,False,3000,1000,0,0,0,30,1,False,50,0,0,0,5,30,3.556,0,1.905,5,1000,1000,5,3.556,1000,1000,False,10,3,50,5,3.556,0.47625,1000,1,1,1,1,1,Standard,0
0,Rubber (brittle),Standard,2.0000,Rubber (brittle),80.092325,800,0,True,False,Rubber (brittle),4000,1000,2000,1000,0,50.8,True,1000,True,3800,True,1,0,0,3.556,1.5239999999999998,6.35,12.7,0,0,,,0,,True,True,False,False,False,False,True,300,True,2000,True,1,1,3.556,273,0,0,1000,350,True,3800,True,0,0,0,0,-1,-1,-1,False,False,0,0,1,300,0.5,1,0.01875,3810,False,3000,1000,0,0,0,30,1,False,50,0,0,0,5,30,3.556,0,1.905,5,1000,1000,5,3.556,1000,1000,False,10,3,50,5,3.556,0.47625,1000,1,1,1,1,1,Standard,0
0,Rubber,Standard,0.0625,Rubber,1230.0577972872493,800,0,False,False,Rubber,4000,1000,2000,1000,0,1.5875,True,1000,True,3800,True,1,0,0,3.556,2.2859999999999996,6.35,25.4,0,0,,,0,,True,True,False,False,False,False,True,300,True,2000,True,1,1,3.556,273,0,0,1000,350,True,3800,True,0,0,0,0,-1,-1,-1,False,False,0,0,1,300,0.5,1,0.01875,1016,False,3000,1000,0,0,0,30,1.016,False,50,0,0,0,5,30,3.556,0,1.905,5,1000,1000,5,3.556,1000,1000,False,10,3,50,5,3.556,0.47625,1000,1,1,1,1,1,Standard,0
0,Rubber,Standard,0.0700,Rubber,1230.0577972872493,800,0,False,False,Rubber,4000,1000,2000,1000,0,1.778,True,1000,True,3800,True,1,0,0,3.556,0.2,6.35,25.4,0,0,,,0,,True,True,False,False,False,False,True,300,True,2000,True,1,1,3.556,273,0,0,1000,350,True,3800,True,0,0,0,0,-1,-1,-1,False,False,0,0,1,300,0.5,1,0.021,635,False,3000,1000,0,0,0,30,1,False,50,0,0,0,5,30,3.556,0,2.1336,5,1000,1000,5,3.556,1000,1000,False,10,3,50,5,3.556,0.5334,1000,1,1,1,1,1,Standard,0
0,Rubber,Standard,0.0800,Rubber,1230.0577972872493,800,0,False,False,Rubber,4000,1000,2000,1000,0,2.032,True,1000,True,3800,True,1,0,0,3.556,0.2,6.35,25.4,0,0,,,0,,True,True,False,False,False,False,True,300,True,2000,True,1,1,3.556,273,0,0,1000,350,True,3800,True,0,0,0,0,-1,-1,-1,False,False,0,0,1,300,0.5,1,0.021,635,True,3048,2032,3.175,3.175,5,30,1,False,50,0,0,0,5,30,3.556,0,2.1336,5,1000,1000,5,3.556,1000,1000,False,10,3,50,5,3.556,0.5334,1000,1,1,1,1,1,Standard,0
0,Rubber,Standard,0.1250,Rubber,1230.0577972872493,800,0,False,False,Rubber,4000,1000,2000,1000,0,3.175,True,1000,True,3800,True,1,0,0,3.556,1.27,6.35,25.4,0,0,,,0,,True,True,False,False,False,False,True,300,True,2000,True,1,1,3.556,273,0,0,1000,350,True,3800,True,0,0,0,0,-1,-1,-1,False,False,0,0,1,300,0.5,1,0.0375,3048,True,3048,2032,3,3,5,30,1.016,False,50,0,0,0,5,30,3.556,0,3.81,5,1000,1000,5,3.556,1000,1000,False,10,3,50,5,3.556,0.9525,1000,1,1,1,1,1,Standard,0
0,Rubber,Standard,0.1875,Rubber,1230.0577972872493,800,0,False,False,Rubber,4000,1000,2000,1000,0,4.7625,True,1000,True,3800,True,1,0,0,3.556,0.889,6.35,25.4,0,0,,,0,,True,True,False,False,False,False,True,300,True,2000,True,1,1,3.556,273,0,0,1000,350,True,3800,True,0,0,0,0,-1,-1,-1,False,False,0,0,1,300,0.5,1,0.05625,762,True,762,508,12.7,12.7,0,30,1.016,False,50,0,0,0,5,30,3.556,0,5.715,5,1000,1000,5,3.556,1000,1000,False,10,3,50,5,3.556,1.42875,1000,1,1,1,1,1,Standard,0
0,Rubber,Standard,0.2500,Rubber,1230.0577972872493,800,0,False,False,Rubber,4000,1000,2000,1000,0,6.35,True,1000,True,3800,True,1,0,0,3.556,1.27,6.35,25.4,0,0,,,0,,True,True,False,False,False,False,True,300,True,2000,True,1,1,3.556,273,0,0,1000,350,True,3800,True,0,0,0,0,-1,-1,-1,False,False,0,0,1,300,0.5,1,0.01875,3810,True,3048,2032,3.175,3.175,6,30,1.016,False,50,0,0,0,5,30,3.556,0,1.905,5,1000,1000,5,3.556,1000,1000,False,10,3,50,5,3.556,0.47625,1000,1,1,1,1,1,Standard,0
0,Rubber,Standard,0.3125,Rubber,1230.0577972872493,800,0,False,False,Rubber,4000,1000,2000,1000,0,7.9375,True,1000,True,3800,True,1,0,0,3.556,0.508,6.35,25.4,0,0,,,0,,True,True,False,False,False,False,True,300,True,2000,True,1,1,3.556,273,0,0,1000,350,True,3800,True,0,0,0,0,-1,-1,-1,False,False,0,0,1,300,0.5,1,0.01875,3810,False,3000,1000,0,0,0,30,1,False,50,0,0,0,5,30,3.556,0,1.905,5,1000,1000,5,3.556,1000,1000,False,10,3,50,5,3.556,0.47625,1000,1,1,1,1,1,Standard,0
0,Rubber,Standard,0.3750,Rubber,1230.0577972872493,800,0,False,False,Rubber,4000,1000,2000,1000,0,9.524999999999999,True,1000,True,3800,True,1,0,0,3.556,1.016,6.35,25.4,0,0,,,0,,True,True,False,False,False,False,True,300,True,2000,True,1,1,3.556,273,0,0,1000,350,True,3800,True,0,0,0,0,-1,-1,-1,False,False,0,0,1,300,0.5,1,0.01875,3810,True,2032,1016,3,3,0,30,1.016,False,50,0,0,0,5,30,3.556,0,1.905,5,1000,1000,5,3.556,1000,1000,False,10,3,50,5,3.556,0.47625,1000,1,1,1,1,1,Standard,0
0,Rubber,Standard,0.5000,Rubber,1230.0577972872493,800,0,False,False,Rubber,4000,1000,2000,1000,0,12.7,True,1000,True,3800,True,1,0,0,3.556,1.6001999999999998,6.35,25.4,0,0,,,0,,True,True,False,False,False,False,True,300,True,2000,True,1,1,3.556,273,0,0,1000,350,True,3800,True,0,0,0,0,-1,-1,-1,False,False,0,0,1,300,0.5,1,0.15,1905,True,2032,1016,3,3,0,30,1,False,50,0,0,0,5,30,3.556,0,15.24,5,1000,1000,5,3.556,1000,1000,False,10,3,50,5,3.556,3.81,1000,1,1,1,1,1,Standard,0
0,Rubber,Standard,0.6250,Rubber,1230.0577972872493,800,0,False,False,Rubber,4000,1000,2000,1000,0,15.875,True,1000,True,3800,True,1,0,0,3.556,1.27,6.35,25.4,0,0,,,0,,True,True,False,False,False,False,True,300,True,2000,True,2,1,3.556,273,0,0,1000,350,True,3800,True,0,0,0,0,-1,-1,-1,False,False,0,0,1,300,0.5,1,0.15,1905,False,3000,1000,0,0,0,30,1,False,50,0,0,0,5,30,3.556,0,15.24,5,1000,1000,5,3.556,1000,1000,False,10,3,50,5,3.556,3.81,1000,1,1,1,1,1,Standard,0
0,Rubber,Standard,0.7500,Rubber,1230.0577972872493,800,0,False,False,Rubber,4000,1000,2000,1000,0,19.049999999999997,True,1000,True,3800,True,1,0,0,3.556,1.27,6.35,25.4,0,0,,,0,,True,True,False,False,False,False,True,300,True,2000,True,2,1,3.556,273,0,0,1000,350,True,3800,True,0,0,0,0,-1,-1,-1,False,False,0,0,1,300,0.5,1,0.15,1016,True,1016,431.79999999999995,0,0,0,30,1.016,False,50,0,0,0,5,30,3.556,0,15.24,5,1000,1000,5,3.556,1000,1000,False,10,3,50,5,3.556,3.81,1000,1,1,1,1,1,Standard,0
0,Rubber,Standard,0.8750,Rubber,1230.0577972872493,800,0,False,False,Rubber,4000,1000,2000,1000,0,22.225,True,1000,True,3800,True,1,0,0,3.556,0.2,6.35,25.4,0,0,,,0,,True,True,False,False,False,False,True,300,True,2000,True,1,1,3.556,273,0,0,1000,350,True,3800,True,0,0,0,0,-1,-1,-1,False,False,0,0,1,300,0.5,1,0.2625,1905,False,3000,1000,0,0,0,30,1,False,50,0,0,0,5,30,3.556,0,26.67,5,1000,1000,5,3.556,1000,1000,False,10,3,50,5,3.556,6.6675,1000,1,1,1,1,1,Standard,0
0,Rubber,Standard,1.0000,Rubber,1230.0577972872493,800,0,False,False,Rubber,4000,1000,2000,1000,0,25.4,True,1000,True,3800,True,1,0,0,3.556,1.016,6.35,25.4,0,0,,,0,,True,True,False,False,False,False,True,300,True,2000,True,1,1,3.556,273,0,0,1000,350,True,3800,True,0,0,0,0,-1,-1,-1,False,False,0,0,1,300,0.5,1,0.01875,3810,False,3000,1000,0,0,0,30,1,False,50,0,0,0,5,30,3.556,0,1.905,5,1000,1000,5,3.556,1000,1000,False,10,3,50,5,3.556,0.47625,1000,1,1,1,1,1,Standard,0
0,Rubber,Standard,1.2500,Rubber,1230.0577972872493,800,0,False,False,Rubber,4000,1000,2000,1000,0,31.75,True,1000,True,3800,True,1,0,0,3.556,0.3302,6.35,25.4,0,0,,,0,,True,True,False,False,False,False,True,300,True,2000,True,1,1,3.556,273,0,0,1000,350,True,3800,True,0,0,0,0,-1,-1,-1,False,False,0,0,1,300,0.5,1,0.01875,3810,False,3000,1000,0,0,0,30,1,False,50,0,0,0,5,30,3.556,0,1.905,5,1000,1000,5,3.556,1000,1000,False,10,3,50,5,3.556,0.47625,1000,1,1,1,1,1,Standard,0
0,Rubber,Standard,1.5000,Rubber,1230.0577972872493,800,0,False,False,Rubber,4000,1000,2000,1000,0,38.099999999999994,True,1000,True,3800,True,1,0,0,3.556,0.3302,6.35,25.4,0,0,,,0,,True,True,False,False,False,False,True,300,True,2000,True,1,1,3.556,273,0,0,1000,350,True,3800,True,0,0,0,0,-1,-1,-1,False,False,0,0,1,300,0.5,1,0.01875,3810,False,3000,1000,0,0,0,30,1,False,50,0,0,0,5,30,3.556,0,1.905,5,1000,1000,5,3.556,1000,1000,False,10,3,50,5,3.556,0.47625,1000,1,1,1,1,1,Standard,0
0,Rubber,Standard,2.0000,Rubber,1230.0577972872493,800,0,False,False,Rubber,4000,1000,2000,1000,0,50.8,True,1000,True,3800,True,1,0,0,3.556,1.5239999999999998,6.35,25.4,0,0,,,0,,True,True,False,False,False,False,True,300,True,2000,True,1,1,3.556,273,0,0,1000,350,True,3800,True,0,0,0,0,-1,-1,-1,False,False,0,0,1,300,0.5,1,0.01875,3810,False,3000,1000,0,0,0,30,1,False,50,0,0,0,5,30,3.556,0,1.905,5,1000,1000,5,3.556,1000,1000,False,10,3,50,5,3.556,0.47625,1000,1,1,1,1,1,Standard,0
0,Rubber,Standard,4.0000,Rubber,1230.0577972872493,800,0,False,False,Rubber,4000,1000,2000,1000,0,101.6,True,1000,True,3800,True,1,0,0,3.556,1.5239999999999998,6.35,25.4,0,0,,,0,,True,True,False,False,False,False,True,300,True,2000,True,1,1,3.556,273,0,0,1000,350,True,3800,True,0,0,0,0,-1,-1,-1,False,False,0,0,1,300,0.5,1,0.01875,3810,False,3000,1000,0,0,0,30,1,False,50,0,0,0,5,30,3.556,0,1.905,5,1000,1000,5,3.556,1000,1000,False,10,3,50,5,3.556,0.47625,1000,1,1,1,1,1,Standard,0
0,Rubber,Standard,4.7500,Rubber,1230.0577972872493,800,0,False,False,Rubber,4000,1000,2000,1000,0,120.64999999999999,True,1000,True,3800,True,1,0,0,3.556,1.5239999999999998,6.35,25.4,0,0,,,0,,True,True,False,False,False,False,True,300,True,2000,True,1,1,3.556,273,0,0,1000,350,True,3800,True,0,0,0,0,-1,-1,-1,False,False,0,0,1,300,0.5,1,0.01875,3810,False,3000,1000,0,0,0,30,1,False,50,0,0,0,5,30,3.556,0,1.905,5,1000,1000,5,3.556,1000,1000,False,10,3,50,5,3.556,0.47625,1000,1,1,1,1,1,Standard,0
0,SBR Rubber,Standard,0.1250,SBR Rubber,7800.035533,650,0,False,False,SBR Rubber,4000,1000,2000,1000,0,3.175,True,1000,True,3800,True,1,0,0,1.3999971999999998,0.889,6.35,12.7,0,0,,,0,,True,False,False,False,False,False,True,300,True,2000,True,3,1,1.3999971999999998,273,0,0,25.4,350,True,3800,True,0,0,0,0,-1,-1,-1,False,False,0,0,1,300,5,1,0.45,1000,False,3000,1000,0,0,0,30,1.016,False,50,0,0,0,5,30,1.3999971999999998,0,45.72,5,1000,1000,5,1.3999971999999998,1000,1000,False,10,3,50,5,1.3999971999999998,11.43,1000,1,1,1,1,1,Standard,0
0,SBR Rubber,Standard,0.2500,SBR Rubber,7800.035533,650,0,False,False,SBR Rubber,4000,1000,2000,1000,0,6.35,True,1000,True,3800,True,1,0,0,1.3999971999999998,0.889,6.35,12.7,0,0,,,0,,True,False,False,False,False,False,True,300,True,2000,True,3,1,1.3999971999999998,273,0,0,25.4,350,True,3800,True,0,0,0,0,-1,-1,-1,False,False,0,0,1,300,5,1,0.45,1000,False,3000,1000,0,0,0,30,1.016,False,50,0,0,0,5,30,1.3999971999999998,0,45.72,5,1000,1000,5,1.3999971999999998,1000,1000,False,10,3,50,5,1.3999971999999998,11.43,1000,1,1,1,1,1,Standard,0
0,SBR Rubber,Standard,0.3000,SBR Rubber,7800.035533,650,0,False,False,SBR Rubber,4000,1000,2000,1000,0,7.619999999999999,True,1000,True,3800,True,1,0,0,1.3999971999999998,0,6.35,12.7,0,0,,,0,,True,False,False,False,False,False,True,300,True,2000,True,3,1,1.3999971999999998,273,0,0,25.4,350,True,3800,True,0,0,0,0,-1,-1,-1,False,False,0,0,1,300,5,1,0.45,1000,False,3000,1000,0,0,0,30,1.016,False,50,0,0,0,5,30,1.3999971999999998,0,45.72,5,1000,1000,5,1.3999971999999998,1000,1000,False,10,3,50,5,1.3999971999999998,11.43,1000,1,1,1,1,1,Standard,0
0,SBR Rubber,Standard,0.3750,SBR Rubber,7800.035533,650,0,False,False,SBR Rubber,4000,1000,2000,1000,0,9.524999999999999,True,1000,True,3800,True,1,0,0,1.3999971999999998,0.45719999999999994,6.35,12.7,0,0,,,0,,True,False,False,False,False,False,True,300,True,2000,True,3,1,1.3999971999999998,273,0,0,25.4,350,True,3800,True,0,0,0,0,-1,-1,-1,False,False,0,0,1,300,5,1,0.45,1000,False,3000,1000,0,0,0,30,1.016,False,50,0,0,0,5,30,1.3999971999999998,0,45.72,5,1000,1000,5,1.3999971999999998,1000,1000,False,10,3,50,5,1.3999971999999998,11.43,1000,1,1,1,1,1,Standard,0
0,SBR Rubber,Standard,0.5000,SBR Rubber,7800.035533,650,0,False,False,SBR Rubber,4000,1000,2000,1000,0,12.7,True,1000,True,3800,True,1,0,0,1.3999971999999998,0.7619999999999999,6.35,12.7,0,0,,,0,,True,False,False,False,False,False,True,300,True,2000,True,3,1,1.3999971999999998,273,0,0,25.4,350,True,3800,True,0,-1.8328395059420577,0,0,-1.43209618416465,-1,-1,False,False,0,0,1,300,5,1,0.45,1000,False,3000,1000,0,0,0,30,1.016,False,50,0,0,0,5,30,1.3999971999999998,0,45.72,5,1000,1000,5,1.3999971999999998,1000,1000,False,10,3,50,5,1.3999971999999998,11.43,1000,1,1,1,1,1,Standard,0
0,SBR Rubber,Standard,0.6250,SBR Rubber,7800.035533,650,0,False,False,SBR Rubber,4000,1000,2000,1000,0,15.875,True,1000,True,3800,True,1,0,0,1.3999971999999998,0.7619999999999999,6.35,12.7,0,0,,,0,,True,False,False,False,False,False,True,300,True,2000,True,3,1,1.3999971999999998,273,0,0,25.4,350,True,3800,True,0,-1.8328395059420577,0,0,-1.43209618416465,-1,-1,False,False,0,0,1,300,5,1,0.45,1000,False,3000,1000,0,0,0,30,1.016,False,50,0,0,0,5,30,1.3999971999999998,0,45.72,5,1000,1000,5,1.3999971999999998,1000,1000,False,10,3,50,5,1.3999971999999998,11.43,1000,1,1,1,1,1,Standard,0
0,SBR Rubber,Standard,1.5000,SBR Rubber,7800.035533,650,0,False,False,SBR Rubber,4000,1000,2000,1000,0,38.1,True,1000,True,3800,True,1,0,0,1.3999971999999998,0.2,6.35,12.7,0,0,,,0,,True,False,False,False,False,False,True,300,True,2000,True,3,1,1.3999971999999998,273,0,0,25.4,350,True,3800,True,0,0,0,0,-1,-1,-1,False,False,0,0,1,300,5,1,0.45,1000,False,3000,1000,0,0,0,30,1.016,False,50,0,0,0,5,30,1.3999971999999998,0,45.72,5,1000,1000,5,1.3999971999999998,1000,1000,False,10,3,50,5,1.3999971999999998,11.43,1000,1,1,1,1,1,Standard,0
0,Silcatec,Standard,0.0625,Silcatec,1402.7368317286678,1500,0,True,False,Silcatec,4000,1000,2000,1000,0,1.5875,True,1000,True,3800,True,1,0,0,1.3999971999999998,0.2,3.8099999999999996,12.7,0,0,,,0,,True,False,False,False,False,False,True,300,False,1034.213592,False,4,2,1.3999971999999998,273,0,0,381,350,True,3800,True,0,0,0,0,-1,-1,-1,False,False,0,0,1,300,5,1,0.0375,2540,False,3000,1000,0,0,0,30,1.016,False,50,0,0,0,5,30,1.3999971999999998,0,3.81,5,1000,1000,5,1.3999971999999998,1000,1000,False,10,3,50,5,1.3999971999999998,0.9525,1000,1,1,1,1,1,Standard,1
0,Silcatec,Standard,0.1250,Silcatec,1402.7368317286678,1500,0,True,False,Silcatec,4000,1000,2000,1000,0,3.175,True,1000,True,3800,True,1,0,0,1.3999971999999998,2.3876,3.8099999999999996,12.7,0,0,,,0,,True,False,False,False,False,False,True,300,False,1034.213592,True,4,2,1.3999971999999998,273,0,0,381,350,True,3800,True,0,0,0,0,-1,-1,-1,False,False,0,0,1,300,5,1,0.0375,2540,False,3000,1000,0,0,0,30,1.016,False,50,0,0,0,5,30,1.3999971999999998,0,3.81,5,1000,1000,5,1.3999971999999998,1000,1000,False,10,3,50,5,1.3999971999999998,0.9525,1000,1,1,1,1,1,Standard,1
0,Silcatec,Standard,0.1875,Silcatec,1402.7368317286678,1500,0,True,False,Silcatec,4000,1000,2000,1000,0,4.762499999999999,True,1000,True,3800,True,1,0,0,1.3999971999999998,0.7619999999999999,3.8099999999999996,12.7,0,0,,,0,,True,True,False,False,False,False,True,300,False,1034.213592,True,4,2,1.3999971999999998,273,0,0,381,350,True,3800,True,0,0,0,0,-1,-1,-1,False,False,0,0,1,300,5,1,0.0375,2540,False,3000,1000,0,0,0,30,1.016,False,50,0,0,0,5,30,1.3999971999999998,0,3.81,5,1000,1000,5,1.3999971999999998,1000,1000,False,10,3,50,5,1.3999971999999998,0.9525,1000,1,1,1,1,1,Standard,1
0,Silcatec,Standard,0.2500,Silcatec,1402.7368317286678,1500,0,True,False,Silcatec,4000,1000,2000,1000,0,6.35,True,1000,True,3800,True,1,0,0,1.3999971999999998,0.889,4.7752,12.7,0,0,,,0,,True,True,False,False,False,False,True,300,False,1034.213592,True,4,2,1.3999971999999998,273,0,0,381,350,True,3800,True,0,0,0,0,-1,-1,-1,False,False,0,0,1,300,5,1,0.0375,2540,False,3000,1000,0,0,0,30,1.016,False,50,0,0,0,5,30,1.3999971999999998,0,3.81,5,1000,1000,5,1.3999971999999998,1000,1000,False,10,3,50,5,1.3999971999999998,0.9525,1000,1,1,1,1,1,Standard,1
0,Silcatec,Standard,0.3125,Silcatec,1402.7368317286678,1500,0,True,False,Silcatec,4000,1000,2000,1000,0,7.9375,True,1000,True,3800,True,1,0,0,1.3999971999999998,0.7619999999999999,3.8099999999999996,12.7,0,0,,,0,,True,True,False,False,False,False,True,300,False,1034.213592,True,4,2,1.3999971999999998,273,0,0,381,350,True,3800,True,0,0,0,0,-1,-1,-1,False,False,0,0,1,300,5,1,0.0375,2540,False,3000,1000,0,0,0,30,1.016,False,50,0,0,0,5,30,1.3999971999999998,0,3.81,5,1000,1000,5,1.3999971999999998,1000,1000,False,10,3,50,5,1.3999971999999998,0.9525,1000,1,1,1,1,1,Standard,1
0,Silcatec,Standard,0.3750,Silcatec,1402.7368317286678,1500,0,True,False,Silcatec,4000,1000,2000,1000,0,9.524999999999999,True,1000,True,3800,True,1,0,0,1.3999971999999998,0.2,3.8099999999999996,12.7,0,0,,,0,,True,False,False,False,False,False,True,300,False,1034.213592,False,4,2,1.3999971999999998,273,0,0,381,350,True,3800,True,0,0,0,0,-1,-1,-1,False,False,0,0,1,300,5,1,0.0375,2540,False,3000,1000,0,0,0,30,1.016,False,50,0,0,0,5,30,1.3999971999999998,0,3.81,5,1000,1000,5,1.3999971999999998,1000,1000,False,10,3,50,5,1.3999971999999998,0.9525,1000,1,1,1,1,1,Standard,1
0,Silcatec,Standard,0.4375,Silcatec,1402.7368317286678,1500,0,True,False,Silcatec,4000,1000,2000,1000,0,11.112499999999999,True,1000,True,3800,True,1,0,0,1.3999971999999998,0.2,3.8099999999999996,12.7,0,0,,,0,,True,False,False,False,False,False,True,300,False,1034.213592,False,4,2,1.3999971999999998,273,0,0,381,350,True,3800,True,0,0,0,0,-1,-1,-1,False,False,0,0,1,300,5,1,0.0375,2540,False,3000,1000,0,0,0,30,1.016,False,50,0,0,0,5,30,1.3999971999999998,0,3.81,5,1000,1000,5,1.3999971999999998,1000,1000,False,10,3,50,5,1.3999971999999998,0.9525,1000,1,1,1,1,1,Standard,1
0,Silcatec,Standard,0.5000,Silcatec,1402.7368317286678,1500,0,True,False,Silcatec,4000,1000,2000,1000,0,12.7,True,1000,True,3800,True,1,0,0,1.3999971999999998,0.2,9.524999999999999,12.7,0,0,,,0,,True,False,False,False,False,False,True,300,False,1034.213592,False,4,2,1.3999971999999998,273,0,0,381,350,True,3800,True,0,0,0,0,-1,-1,-1,False,False,0,0,1,300,5,1,0.0375,2540,False,3000,1000,0,0,0,30,1.016,False,50,0,0,0,5,30,1.3999971999999998,0,3.81,5,1000,1000,5,1.3999971999999998,1000,1000,False,10,3,50,5,1.3999971999999998,0.9525,1000,1,1,1,1,1,Standard,1
0,Silcatec,Standard,1.0000,Silcatec,1402.7368317286678,1500,0,True,False,Silcatec,4000,1000,2000,1000,0,25.4,True,1000,True,3800,True,1,0,0,1.3999971999999998,0.635,9.524999999999999,12.7,0,0,,,0,,True,False,False,False,False,False,True,300,False,1034.213592,True,4,2,1.3999971999999998,273,0,0,381,350,True,3800,True,0,-0.9452945827096123,0,0,-0.7161599454704103,-1,-1,False,False,0,0,1,300,5,1,0.0375,2540,False,3000,1000,0,0,0,30,1.016,False,50,0,0,0,5,30,1.3999971999999998,0,3.81,5,1000,1000,5,1.3999971999999998,1000,1000,False,10,3,50,5,1.3999971999999998,0.9525,1000,1,1,1,1,1,Standard,1
0,Silcatec,Standard,1.5000,Silcatec,1402.7368317286678,1500,0,True,False,Silcatec,4000,1000,2000,1000,0,38.099999999999994,True,1000,True,3800,True,1,0,0,1.3999971999999998,0.38099999999999995,3.8099999999999996,12.7,0,0,,,0,,True,False,False,False,False,False,True,300,False,1034.213592,True,4,2,1.3999971999999998,273,0,0,381,350,True,3800,True,0,-0.8211832735875955,0,0,-0.6111318044365195,-1,-1,False,False,0,0,1,300,5,1,0.0375,2540,False,3000,1000,0,0,0,30,1.016,False,50,0,0,0,5,30,1.3999971999999998,0,3.81,5,1000,1000,5,1.3999971999999998,1000,1000,False,10,3,50,5,1.3999971999999998,0.9525,1000,1,1,1,1,1,Standard,1
0,Silcatec,Standard,2.0000,Silcatec,1402.7368317286678,1500,0,True,False,Silcatec,4000,1000,2000,1000,0,50.8,True,1000,True,3800,True,1,0,0,1.3999971999999998,1.27,9.524999999999999,12.7,0,0,,,0,,True,False,False,False,False,False,True,300,False,1378.951456,False,10,10,1.3999971999999998,273,0,0,381,350,True,3800,True,0,0,0,0,-1,-1,-1,False,False,0,0,1,300,5,1,0.0375,2540,False,3000,1000,0,0,0,30,1.016,False,50,0,0,0,5,30,1.3999971999999998,0,3.81,5,1000,1000,5,1.3999971999999998,1000,1000,False,10,3,50,5,1.3999971999999998,0.9525,1000,1,1,1,1,1,Standard,1
0,Silcatec,Standard,2.1250,Silcatec,1402.7368317286678,1500,0,True,False,Silcatec,4000,1000,2000,1000,0,53.974999999999994,True,1000,True,3800,True,1,0,0,1.3999971999999998,0.508,3.8099999999999996,12.7,0,0,,,0,,True,False,False,False,False,False,True,300,False,1034.213592,True,4,2,1.3999971999999998,273,0,0,381,350,True,3800,True,0,0,0,0,-1,-1,-1,False,False,0,0,1,300,5,1,0.0375,2540,False,3000,1000,0,0,0,30,1.016,False,50,0,0,0,5,30,1.3999971999999998,0,3.81,5,1000,1000,5,1.3999971999999998,1000,1000,False,10,3,50,5,1.3999971999999998,0.9525,1000,1,1,1,1,1,Standard,1
0,Silcatec,Standard,3.0000,Silcatec,1402.7368317286678,1500,0,True,False,Silcatec,4000,1000,2000,1000,0,76.19999999999999,True,1000,True,3800,True,1,0,0,1.3999971999999998,1.27,9.524999999999999,12.7,0,0,,,0,,True,False,False,False,False,False,True,300,False,1378.951456,True,5,5,1.3999971999999998,273,0,0,381,350,True,3800,True,0,0,0,0,-1,-1,-1,False,False,0,0,1,300,5,1,0.0375,2540,False,3000,1000,0,0,0,30,1.016,False,50,0,0,0,5,30,1.3999971999999998,0,3.81,5,1000,1000,5,1.3999971999999998,1000,1000,False,10,3,50,5,1.3999971999999998,0.9525,1000,1,1,1,1,1,Standard,1
0,Silicon,Standard,0.0625,Silicon,80.092325,450,0,False,False,Silicon,2000,1000,2000,1000,0,1.5875,True,1000,True,3800,True,1,0,0.01875,1,1.5239999999999998,1.5239999999999998,5,1,1,,,0,,True,True,False,False,False,False,True,300,True,2000,True,1,1,3.556,273,0,0,1000,350,True,3800,True,0,0,0,0,-1,-1,-1,False,False,0,0,1,300,0.5,1,0.01875,3810,False,3000,1000,0,0,0,30,1,False,50,0,0,0,5,30,3.556,0,1.905,5,1000,1000,5,3.556,1000,1000,False,10,3,50,5,3.556,0.47625,1000,1,1,1,1,1,Standard,0
0,Silicon,Standard,0.0700,Silicon,80.092325,450,0,False,False,Silicon,2000,1000,2000,1000,0,1.778,True,1000,True,3800,True,1,0,0.021,1,0.2,1.5239999999999998,5,1,1,,,0,,True,True,False,False,False,False,True,300,True,2000,True,1,1,3.556,273,0,0,1000,350,True,3800,True,0,0,0,0,-1,-1,-1,False,False,0,0,1,300,0.5,1,0.021,635,False,3000,1000,0,0,0,30,1,False,50,0,0,0,5,30,3.556,0,2.1336,5,1000,1000,5,3.556,1000,1000,False,10,3,50,5,3.556,0.5334,1000,1,1,1,1,1,Standard,0
0,Silicon,Standard,0.1250,Silicon,80.092325,450,0,False,False,Silicon,2000,1000,2000,1000,0,3.175,True,1000,True,3800,True,1,0,0.0375,1,0.7619999999999999,3.175,12.7,1,1,,,0,,True,True,False,False,False,False,True,300,True,2000,True,1,1,3.556,273,0,0,1000,350,True,3800,True,0,0,0,0,-1,-1,-1,False,False,0,0,1,300,0.5,1,0.0375,6858,True,3810,2540,3,3,0,30,1.016,False,50,0,0,0,5,30,3.556,0,3.81,5,1000,1000,5,3.556,1000,1000,False,10,3,50,5,3.556,0.9525,1000,1,1,1,1,1,Standard,0
0,Silicon,Standard,0.1875,Silicon,80.092325,450,0,False,False,Silicon,2000,1000,2000,1000,0,4.7625,True,1000,True,3800,True,1,0,0.05625,1,0.2,3.8099999999999996,12.7,1,1,,,0,,True,True,False,False,False,False,True,300,True,2000,True,1,1,3.556,273,0,0,1000,350,True,3800,True,0,0,0,0,-1,-1,-1,False,False,0,0,1,300,0.5,1,0.05625,2540,True,2540,1524,3,3,0,30,1.016,False,50,0,0,0,5,30,3.556,0,5.715,5,1000,1000,5,3.556,1000,1000,False,10,3,50,5,3.556,1.42875,1000,1,1,1,1,1,Standard,0
0,Silicon,Standard,0.2500,Silicon,80.092325,450,0,False,False,Silicon,2000,1000,2000,1000,0,6.35,True,1000,True,3800,True,1,0,0.01875,1,0,3.8099999999999996,12.7,1,1,,,0,,True,True,False,False,False,False,True,300,True,2000,True,1,1,3.556,273,0,0,1000,350,True,3800,True,0,0,0,0,-1,-1,-1,False,False,0,0,1,300,0.5,1,0.01875,3810,True,1778,1016,3,3,0,30,1.016,False,50,0,0,0,5,30,3.556,0,1.905,5,1000,1000,5,3.556,1000,1000,False,10,3,50,5,3.556,0.47625,1000,1,1,1,1,1,Standard,0
0,Silicon,Standard,0.3750,Silicon,80.092325,450,0,False,False,Silicon,2000,1000,2000,1000,0,9.524999999999999,True,1000,True,3800,True,1,0,0.01875,1,1.5239999999999998,1.5239999999999998,5,1,1,,,0,,True,True,False,False,False,False,True,300,True,2000,True,1,1,3.556,273,0,0,1000,350,True,3800,True,0,0,0,0,-1,-1,-1,False,False,0,0,1,300,0.5,1,0.01875,3810,False,3000,1000,0,0,0,30,1,False,50,0,0,0,5,30,3.556,0,1.905,5,1000,1000,5,3.556,1000,1000,False,10,3,50,5,3.556,0.47625,1000,1,1,1,1,1,Standard,0
0,Silicon,Standard,0.5000,Silicon,80.092325,450,0,False,False,Silicon,2000,1000,2000,1000,0,12.7,True,1000,True,3800,True,1,0,0.15,1,0.2,3.8099999999999996,12.7,1,1,,,0,,True,True,False,False,False,False,True,300,True,2000,True,1,1,3.556,273,0,0,1000,350,True,3800,True,0,0,0,0,-1,-1,-1,False,False,0,0,1,300,0.5,1,0.15,1905,False,3000,1000,0,0,0,30,1.016,False,50,0,0,0,5,30,3.556,0,15.24,5,1000,1000,5,3.556,1000,1000,False,10,3,50,5,3.556,3.81,1000,1,1,1,1,1,Standard,0
0,Silicon,Standard,0.8750,Silicon,80.092325,450,0,False,False,Silicon,2000,1000,2000,1000,0,22.225,True,1000,True,3800,True,1,0,0.2625,1,0.2,1.5239999999999998,5,1,1,,,0,,True,True,False,False,False,False,True,300,True,2000,True,1,1,3.556,273,0,0,1000,350,True,3800,True,0,0,0,0,-1,-1,-1,False,False,0,0,1,300,0.5,1,0.2625,1905,False,3000,1000,0,0,0,30,1,False,50,0,0,0,5,30,3.556,0,26.67,5,1000,1000,5,3.556,1000,1000,False,10,3,50,5,3.556,6.6675,1000,1,1,1,1,1,Standard,0
0,Silicon,Standard,1.0000,Silicon,80.092325,450,0,False,False,Silicon,2000,1000,2000,1000,0,25.4,True,1000,True,3800,True,1,0,0.01875,1,1.5239999999999998,1.5239999999999998,5,1,1,,,0,,True,True,False,False,False,False,True,300,True,2000,True,1,1,3.556,273,0,0,1000,350,True,3800,True,0,0,0,0,-1,-1,-1,False,False,0,0,1,300,0.5,1,0.01875,3810,False,3000,1000,0,0,0,30,1,False,50,0,0,0,5,30,3.556,0,1.905,5,1000,1000,5,3.556,1000,1000,False,10,3,50,5,3.556,0.47625,1000,1,1,1,1,1,Standard,0
0,Silicon,Standard,2.0000,Silicon,80.092325,450,0,False,False,Silicon,2000,1000,2000,1000,0,50.8,True,1000,True,3800,True,1,0,0.01875,1,1.5239999999999998,1.5239999999999998,5,1,1,,,0,,True,True,False,False,False,False,True,300,True,2000,True,1,1,3.556,273,0,0,1000,350,True,3800,True,0,0,0,0,-1,-1,-1,False,False,0,0,1,300,0.5,1,0.01875,3810,False,3000,1000,0,0,0,30,1,False,50,0,0,0,5,30,3.556,0,1.905,5,1000,1000,5,3.556,1000,1000,False,10,3,50,5,3.556,0.47625,1000,1,1,1,1,1,Standard,0
0,Spring Steel,Standard,0.0240,Spring Steel,8550.038144,60,0,False,False,Spring Steel,5000,1000,2000,1000,0,0.6096,True,1000,True,3800,True,1,0,0,1.3999971999999998,0.7619999999999999,6.35,12.7,0,0,,,0,,True,False,False,False,False,False,True,300,True,3800,True,1.5,1,1.3999971999999998,273,0,0,381,350,True,3800,True,0,0,0,0,-1,-1,-1,False,False,0,0,1,300,5,1,0.0201,1000,False,3000,1000,0,0,0,30,1.016,False,50,0,0,0,5,30,1.3999971999999998,0,2.04216,5,1000,1000,5,1.3999971999999998,1000,1000,False,10,3,50,5,1.3999971999999998,0.51054,1000,1,1,1,1,1,Standard,1
0,Spring Steel,Standard,0.0670,Spring Steel,8550.038144,60,0,False,False,Spring Steel,5000,1000,2000,1000,0,1.7018,True,1000,True,3800,True,1,0,0,1.3999971999999998,0.635,6.35,12.7,0,0,,,0,,True,False,False,False,False,False,True,300,True,3800,True,1.5,1,1.3999971999999998,273,0,0,381,350,True,3800,True,0,0,0,0,-1,-1,-1,False,False,0,0,1,300,5,1,0.0201,1000,False,3000,1000,0,0,0,30,1.016,False,50,0,0,0,5,30,1.3999971999999998,0,2.04216,5,1000,1000,5,1.3999971999999998,1000,1000,False,10,3,50,5,1.3999971999999998,0.51054,1000,1,1,1,1,1,Standard,1
0,Spring Steel,Standard,0.1880,Spring Steel,8550.038144,60,0,False,False,Spring Steel,5000,1000,2000,1000,0,4.7752,True,1000,True,3800,True,1,0,0,1.3999971999999998,0.38099999999999995,6.35,12.7,0,0,,,0,,True,False,False,False,False,False,True,300,True,3800,True,1.5,1,1.3999971999999998,273,0,0,381,350,True,3800,True,0,0,0,0,-1,-1,-1,False,False,0,0,1,300,5,1,0.0201,1000,False,3000,1000,0,0,0,30,1.016,False,50,0,0,0,5,30,1.3999971999999998,0,2.04216,5,1000,1000,5,1.3999971999999998,1000,1000,False,10,3,50,5,1.3999971999999998,0.51054,1000,1,1,1,1,1,Standard,1
0,Spring Steel,Standard,0.2500,Spring Steel,8550.038144,60,0,False,False,Spring Steel,5000,1000,2000,1000,0,6.35,True,1000,True,3800,True,1,0,0,1.3999971999999998,0.3302,6.35,12.7,0,0,,,0,,True,False,False,False,False,False,True,300,True,3800,True,1.5,1,1.3999971999999998,273,0,0,381,350,True,3800,True,0,0,0,0,-1,-1,-1,False,False,0,0,1,300,5,1,0.0201,1000,False,3000,1000,0,0,0,30,1.016,False,50,0,0,0,5,30,1.3999971999999998,0,2.04216,5,1000,1000,5,1.3999971999999998,1000,1000,False,10,3,50,5,1.3999971999999998,0.51054,1000,1,1,1,1,1,Standard,1
0,Spring Steel,Standard,0.2540,Spring Steel,8550.038144,60,0,False,False,Spring Steel,5000,1000,2000,1000,0,6.4516,True,1000,True,3800,True,1,0,0,1.3999971999999998,0.2,6.35,12.7,0,0,,,0,,True,False,False,False,False,False,True,300,True,3800,True,1.5,1,1.3999971999999998,273,0,0,381,350,True,3800,True,0,0,0,0,-1,-1,-1,False,False,0,0,1,300,5,1,0.0201,1000,False,3000,1000,0,0,0,30,1.016,False,50,0,0,0,5,30,1.3999971999999998,0,2.04216,5,1000,1000,5,1.3999971999999998,1000,1000,False,10,3,50,5,1.3999971999999998,0.51054,1000,1,1,1,1,1,Standard,1
0,Spring Steel,Standard,0.3750,Spring Steel,8550.038144,60,0,False,False,Spring Steel,5000,1000,2000,1000,0,9.524999999999999,True,1000,True,3800,True,1,0,0,1.3999971999999998,0.38099999999999995,6.35,12.7,0,0,,,0,,True,False,False,False,False,False,True,300,True,3800,True,1.5,1,1.3999971999999998,273,0,0,381,350,True,3800,True,0,0,0,0,-1,-1,-1,False,False,0,0,1,300,5,1,0.0201,1000,False,3000,1000,0,0,0,30,1.016,False,50,0,0,0,5,30,1.3999971999999998,0,2.04216,5,1000,1000,5,1.3999971999999998,1000,1000,False,10,3,50,5,1.3999971999999998,0.51054,1000,1,1,1,1,1,Standard,1
0,Spring Steel,Standard,0.5000,Spring Steel,8550.038144,60,0,False,False,Spring Steel,5000,1000,2000,1000,0,12.7,True,1000,True,3800,True,1,0,0,1.3999971999999998,0.2,6.35,12.7,0,0,,,0,,True,False,False,False,False,False,True,300,True,3800,True,1.5,1,1.3999971999999998,273,0,0,381,350,True,3800,True,0,0,0,0,-1,-1,-1,False,False,0,0,1,300,5,1,0.0201,1000,False,3000,1000,0,0,0,30,1.016,False,50,0,0,0,5,30,1.3999971999999998,0,2.04216,5,1000,1000,5,1.3999971999999998,1000,1000,False,10,3,50,5,1.3999971999999998,0.51054,1000,1,1,1,1,1,Standard,1
0,Spring Steel,Standard,0.6250,Spring Steel,8550.038144,60,0,False,False,Spring Steel,5000,1000,2000,1000,0,15.875,True,1000,True,3800,True,1,0,0,1.3999971999999998,0.2,6.35,12.7,0,0,,,0,,True,False,False,False,False,False,True,300,True,3800,True,1.5,1,1.3999971999999998,273,0,0,381,350,True,3800,True,0,0,0,0,-1,-1,-1,False,False,0,0,1,300,5,1,0.0201,1000,False,3000,1000,0,0,0,30,1.016,False,50,0,0,0,5,30,1.3999971999999998,0,2.04216,5,1000,1000,5,1.3999971999999998,1000,1000,False,10,3,50,5,1.3999971999999998,0.51054,1000,1,1,1,1,1,Standard,1
0,Spring Steel,Standard,1.2500,Spring Steel,8550.038144,60,0,False,False,Spring Steel,5000,1000,2000,1000,0,31.75,True,1000,True,3800,True,1,0,0,1.3999971999999998,0.2,6.35,12.7,0,0,,,0,,True,False,False,False,False,False,True,300,True,3800,True,1.5,1,1.3999971999999998,273,0,0,381,350,True,3800,True,0,0,0,0,-1,-1,-1,False,False,0,0,1,300,5,1,0.0201,1000,False,3000,1000,0,0,0,30,1.016,False,50,0,0,0,5,30,1.3999971999999998,0,2.04216,5,1000,1000,5,1.3999971999999998,1000,1000,False,10,3,50,5,1.3999971999999998,0.51054,1000,1,1,1,1,1,Standard,1
0,Spring Steel,Standard,1.7500,Spring Steel,8550.038144,60,0,False,False,Spring Steel,5000,1000,2000,1000,0,44.449999999999996,True,1000,True,3800,True,1,0,0,1.3999971999999998,0.2,6.35,12.7,0,0,,,0,,True,False,False,False,False,False,True,300,True,3800,True,1.5,1,1.3999971999999998,273,0,0,381,350,True,3800,True,0,0,0,0,-1,-1,-1,False,False,0,0,1,300,5,1,0.0201,1000,False,3000,1000,0,0,0,30,1.016,False,50,0,0,0,5,30,1.3999971999999998,0,2.04216,5,1000,1000,5,1.3999971999999998,1000,1000,False,10,3,50,5,1.3999971999999998,0.51054,1000,1,1,1,1,1,Standard,1
0,Spring Steel,Standard,2.0000,Spring Steel,8550.038144,60,0,False,False,Spring Steel,5000,1000,2000,1000,0,50.8,True,1000,True,3800,True,1,0,0,1.3999971999999998,0.2,6.35,12.7,0,0,,,0,,True,False,False,False,False,False,True,300,True,3800,True,1.5,1,1.3999971999999998,273,0,0,381,350,True,3800,True,0,0,0,0,-1,-1,-1,False,False,0,0,1,300,5,1,0.0201,1000,False,3000,1000,0,0,0,30,1.016,False,50,0,0,0,5,30,1.3999971999999998,0,2.04216,5,1000,1000,5,1.3999971999999998,1000,1000,False,10,3,50,5,1.3999971999999998,0.51054,1000,1,1,1,1,1,Standard,1
0,Spring Steel,Standard,3.0000,Spring Steel,8550.038144,60,0,False,False,Spring Steel,5000,1000,2000,1000,0,76.2,True,1000,True,3800,True,1,0,0,1.3999971999999998,0.2,6.35,12.7,0,0,,,0,,True,False,False,False,False,False,True,300,True,3800,True,1.5,1,1.3999971999999998,273,0,0,6.095999999999999,350,True,3800,True,0,0,0,0,-1,-1,-1,False,False,0,0,1,300,5,1,0.9,1000,False,3000,1000,0,0,0,30,1.016,False,50,0,0,0,5,30,1.3999971999999998,0,91.44,5,1000,1000,5,1.3999971999999998,1000,1000,False,10,3,50,5,1.3999971999999998,22.86,1000,1,1,1,1,1,Standard,1
0,Stainless Steel,304 Fini 2B,0.0310,Stainless Steel,7999.620575143277,75,0,False,False,Stainless Steel,5000,1000,2000,1000,0,0.7874,True,1000,True,3800,True,1,0,0,1.3999971999999998,0.508,6.35,12.7,0,0,,,0,,True,False,False,False,False,False,True,300,True,3800,True,12,6,1.3999971999999998,273,0,0,147.32,350,True,3800,True,0,-5.890626416204093,0,0,-4.537772507906643,-1,-1,False,False,0,0,1,300,5,1,0.0189,1000,False,3000,1000,0,0,0,30,1.016,False,50,0,0,0,5,30,1.3999971999999998,0,1.92024,5,1000,1000,5,1.3999971999999998,1000,1000,False,10,3,50,5,1.3999971999999998,0.48006,1000,1,1,1,1,1,304 Fini 2B,0
0,Stainless Steel,304 Fini 2B,0.0375,Stainless Steel,7999.620575143277,75,0,False,False,Stainless Steel,5000,1000,2000,1000,0,0.9524999999999999,True,1000,True,3800,True,1,0,0,1.3999971999999998,0.45719999999999994,6.35,12.7,0,0,,,0,,True,False,False,False,False,False,True,300,True,3800,True,12,6,1.3999971999999998,273,0,0,147.32,350,True,3800,True,0,-5.890626416204093,0,0,-4.537772507906643,-1,-1,False,False,0,0,1,300,5,1,0.0189,1000,False,3000,1000,0,0,0,30,1.016,False,50,0,0,0,5,30,1.3999971999999998,0,1.92024,5,1000,1000,5,1.3999971999999998,1000,1000,False,10,3,50,5,1.3999971999999998,0.48006,1000,1,1,1,1,1,304 Fini 2B,0
0,Stainless Steel,304 Fini 2B,0.0500,Stainless Steel,7999.620575143277,75,0,False,False,Stainless Steel,5000,1000,2000,1000,0,1.27,True,1000,True,3800,True,1,0,0,1.3999971999999998,0.7111999999999999,6.35,12.7,0,0,,,0,,True,False,False,False,False,False,True,300,True,3800,True,12,6,1.3999971999999998,273,0,0,147.32,350,True,3800,True,0,-5.890626416204093,0,0,-4.537772507906643,-1,-1,False,False,0,0,1,300,5,1,0.0189,1000,False,3000,1000,0,0,0,30,1.016,False,50,0,0,0,5,30,1.3999971999999998,0,1.92024,5,1000,1000,5,1.3999971999999998,1000,1000,False,10,3,50,5,1.3999971999999998,0.48006,1000,1,1,1,1,1,304 Fini 2B,0
0,Stainless Steel,304 Fini 2B,0.0630,Stainless Steel,7999.620575143277,75,0,False,False,Stainless Steel,5000,1000,2000,1000,0,1.6002,True,1000,True,3800,True,1,0,0,1.3999971999999998,0.7619999999999999,6.35,12.7,0,0,,,0,,True,False,False,False,False,False,True,300,True,3800,True,12,6,1.3999971999999998,273,0,0,147.32,350,True,3800,True,0,-5.890626416204093,0,0,-4.537772507906643,-1,-1,False,False,0,0,1,300,5,1,0.0189,1000,False,3000,1000,0,0,0,30,1.016,False,50,0,0,0,5,30,1.3999971999999998,0,1.92024,5,1000,1000,5,1.3999971999999998,1000,1000,False,10,3,50,5,1.3999971999999998,0.48006,1000,1,1,1,1,1,304 Fini 2B,0
0,Stainless Steel,304 Fini 2B,0.0747,Stainless Steel,7999.620575143277,75,0,False,False,Stainless Steel,5000,1000,2000,1000,0,1.89738,True,1000,True,3800,True,1,0,0,1.3999971999999998,0.38099999999999995,6.35,12.7,0,0,,,0,,True,False,False,False,False,False,True,300,True,3800,True,12,6,1.3999971999999998,273,0,0,147.32,350,True,3800,True,0,-5.890626416204093,0,0,-4.537772507906643,-1,-1,False,False,0,0,1,300,5,1,0.0189,1000,False,3000,1000,0,0,0,30,1.016,False,50,0,0,0,5,30,1.3999971999999998,0,1.92024,5,1000,1000,5,1.3999971999999998,1000,1000,False,10,3,50,5,1.3999971999999998,0.48006,1000,1,1,1,1,1,304 Fini 2B,0
0,Stainless Steel,304 Fini 2B,0.0780,Stainless Steel,7999.620575143277,75,0,False,False,Stainless Steel,5000,1000,2000,1000,0,1.9811999999999999,True,1000,True,3800,True,1,0,0,1.3999971999999998,0.7111999999999999,4.7752,12.7,0,0,,,0,,True,False,False,False,False,False,True,300,True,3800,True,12,6,1.3999971999999998,273,0,0,147.32,350,True,3800,True,0,-5.890626416204093,0,0,-4.537772507906643,-1,-1,False,False,0,0,1,300,5,1,0.0189,1000,False,3000,1000,0,0,0,30,1.016,False,50,0,0,0,5,30,1.3999971999999998,0,1.92024,5,1000,1000,5,1.3999971999999998,1000,1000,False,10,3,50,5,1.3999971999999998,0.48006,1000,1,1,1,1,1,304 Fini 2B,0
0,Stainless Steel,304 Fini 2B,0.1090,Stainless Steel,7999.620575143277,75,0,False,False,Stainless Steel,5000,1000,2000,1000,0,2.7685999999999997,True,1000,True,3800,True,1,0,0,1.3999971999999998,0.45719999999999994,6.35,12.7,0,0,,,0,,True,False,False,False,False,False,True,300,True,3800,True,3,2,1.3999971999999998,273,0,0,67.056,350,True,3800,True,0,-5.710593137499642,0,0,-3.6619355755198,-1,-1,False,False,0,0,1,300,5,1,0.0375,1000,False,3000,1000,0,0,0,30,1.016,False,50,0,0,0,5,30,1.3999971999999998,0,3.81,5,1000,1000,5,1.3999971999999998,1000,1000,False,10,3,50,5,1.3999971999999998,0.9525,1000,1,1,1,1,1,304 Fini 2B,0
0,Stainless Steel,304 Fini 2B,0.1200,Stainless Steel,7999.620575143277,75,0,False,False,Stainless Steel,5000,1000,2000,1000,0,3.0479999999999996,True,1000,True,3800,True,1,0,0,1.3999971999999998,0.635,6.35,12.7,0,0,,,0,,True,False,False,False,False,False,True,300,True,3800,True,3,2,1.3999971999999998,273,0,0,67.056,350,True,3800,True,0,-5.710593137499642,0,0,-3.6619355755198,-1,-1,False,False,0,0,1,300,5,1,0.0375,1000,False,3000,1000,0,0,0,30,1.016,False,50,0,0,0,5,30,1.3999971999999998,0,3.81,5,1000,1000,5,1.3999971999999998,1000,1000,False,10,3,50,5,1.3999971999999998,0.9525,1000,1,1,1,1,1,304 Fini 2B,0
0,Stainless Steel,304 Fini 2B,0.1250,Stainless Steel,7999.620575143277,75,0,False,False,Stainless Steel,5000,1000,2000,1000,0,3.175,True,1000,True,3800,True,1,0,0,1.3999971999999998,0.7366,6.35,12.7,0,0,,,0,,True,False,False,False,False,False,True,300,True,3800,True,3,2,1.3999971999999998,273,0,0,67.056,350,True,3800,True,0,-5.710593137499642,0,0,-3.6619355755198,-1,-1,False,False,0,0,1,300,5,1,0.0375,1000,False,3000,1000,0,0,0,30,1.016,False,50,0,0,0,5,30,1.3999971999999998,0,3.81,5,1000,1000,5,1.3999971999999998,1000,1000,False,10,3,50,5,1.3999971999999998,0.9525,1000,1,1,1,1,1,304 Fini 2B,0
0,Stainless Steel,304 Fini 2B,0.1350,Stainless Steel,7999.620575143277,75,0,False,False,Stainless Steel,5000,1000,2000,1000,0,3.429,True,1000,True,3800,True,1,0,0,1.3999971999999998,0.3302,6.35,12.7,0,0,,,0,,True,False,False,False,False,False,True,300,True,3800,True,8,4,1.3999971999999998,273,0,0,30.225999999999996,350,True,3800,True,0,-5.122465549839898,0,0,-3.881976887726213,-1,-1,False,False,0,0,1,300,5,1,0.0939,1000,False,3000,1000,0,0,0,30,1.016,False,50,0,0,0,5,30,1.3999971999999998,0,9.54024,5,1000,1000,5,1.3999971999999998,1000,1000,False,10,3,50,5,1.3999971999999998,2.38506,1000,1,1,1,1,1,304 Fini 2B,0
0,Stainless Steel,304 Fini 2B,0.1400,Stainless Steel,7999.620575143277,75,0,False,False,Stainless Steel,5000,1000,2000,1000,0,3.556,True,1000,True,3800,True,1,0,0,1.3999971999999998,0.889,6.35,12.7,0,0,,,0,,True,False,False,False,False,False,True,300,True,3800,True,8,4,1.3999971999999998,273,0,0,30.225999999999996,350,True,3800,True,0,-5.122465549839898,0,0,-3.881976887726213,-1,-1,False,False,0,0,1,300,5,1,0.0939,1000,False,3000,1000,0,0,0,30,1.016,False,50,0,0,0,5,30,1.3999971999999998,0,9.54024,5,1000,1000,5,1.3999971999999998,1000,1000,False,10,3,50,5,1.3999971999999998,2.38506,1000,1,1,1,1,1,304 Fini 2B,0
0,Stainless Steel,304 Fini 2B,0.1875,Stainless Steel,7999.620575143277,75,0,False,False,Stainless Steel,5000,1000,2000,1000,0,4.7625,True,1000,True,3800,True,1,0,0,1.3999971999999998,0.7111999999999999,6.35,12.7,0,0,,,0,,True,False,False,False,False,False,True,300,True,3800,True,3,2,1.3999971999999998,273,0,0,42.163999999999994,350,True,3800,True,0,-3.357503999517606,0,0,-2.138049482125798,-1,-1,False,False,0,0,1,300,5,1,0.05625,1000,False,3000,1000,0,0,0,30,1.016,False,50,0,0,0,5,30,1.3999971999999998,0,5.715,5,1000,1000,5,1.3999971999999998,1000,1000,False,10,3,50,5,1.3999971999999998,1.42875,1000,1,1,1,1,1,304 Fini 2B,0
0,Stainless Steel,304 Fini 2B,0.2500,Stainless Steel,7999.620575143277,75,0,False,False,Stainless Steel,5000,1000,2000,1000,0,6.35,True,1000,True,3800,True,1,0,0,1.3999971999999998,0.7111999999999999,4.7752,12.7,0,0,,,0,,True,False,False,False,False,False,True,300,True,3800,True,3,3,1.3999971999999998,273,0,0,30.225999999999996,350,True,3800,True,0,-3.0909700035405043,0,0,-1.8328395059420577,-1,-1,False,False,0,0,1,300,5,1,0.0939,1000,False,3000,1000,0,0,0,30,1.016,False,50,0,0,0,5,30,1.3999971999999998,0,9.54024,5,1000,1000,5,1.3999971999999998,1000,1000,False,10,3,50,5,1.3999971999999998,2.38506,1000,1,1,1,1,1,304 Fini 2B,0
0,Stainless Steel,304 Fini 2B,0.3130,Stainless Steel,7999.620575143277,75,0,False,False,Stainless Steel,5000,1000,2000,1000,0,7.9502,True,1000,True,3800,True,1,0,0,1.3999971999999998,0.7111999999999999,6.35,12.7,0,0,,,0,,True,False,False,False,False,False,True,300,True,3800,True,8,4,1.3999971999999998,273,0,0,23.368,350,True,3800,True,0,-2.4696930338818377,0,0,-1.4641101061676423,-1,-1,False,False,0,0,1,300,5,1,0.0939,1000,False,3000,1000,0,0,0,30,1.016,False,50,0,0,0,5,30,1.3999971999999998,0,9.54024,5,1000,1000,5,1.3999971999999998,1000,1000,False,10,3,50,5,1.3999971999999998,2.38506,1000,1,1,1,1,1,304 Fini 2B,0
0,Stainless Steel,304 Fini 2B,0.3750,Stainless Steel,7999.620575143277,75,0,False,False,Stainless Steel,5000,1000,2000,1000,0,9.525,True,1000,True,3800,True,1,0,0,1.3999971999999998,0.7111999999999999,6.35,12.7,0,0,,,0,,True,False,False,False,False,False,True,300,True,3800,True,10,5,1.3999971999999998,273,0,0,19.049999999999997,350,True,3800,True,0,-2.0617576907585415,0,0,-1.2221245846153128,-1,-1,False,False,0,0,1,300,5,1,0.1125,1000,False,3000,1000,0,0,0,30,1.016,False,50,0,0,0,5,30,1.3999971999999998,0,11.43,5,1000,1000,5,1.3999971999999998,1000,1000,False,10,3,50,2,1.3999971999999998,2.8575,1000,1,1,1,1,1,304 Fini 2B,0
0,Stainless Steel,304 Fini 2B,0.5000,Stainless Steel,7999.620575143277,75,0,False,False,Stainless Steel,5000,1000,2000,1000,0,12.7,True,1000,True,3800,True,1,0,0,1.3999971999999998,0.8128,6.35,12.7,0,0,,,0,,True,False,False,False,False,False,True,300,True,3800,True,12,6,1.3999971999999998,273,0,0,13.716,350,True,3800,True,0,-1.6611120451898957,0,0,-0.9739344366011572,-1,-1,False,False,0,0,1,300,5,1,0.15,1000,False,3000,1000,0,0,0,30,1.016,False,50,0,0,0,5,30,1.3999971999999998,0,15.24,5,1000,1000,5,1.3999971999999998,1000,1000,False,10,3,50,5,1.3999971999999998,3.81,1000,1,1,1,1,1,304 Fini 2B,0
0,Stainless Steel,304 Fini 2B,0.6250,Stainless Steel,7999.620575143277,75,0,False,False,Stainless Steel,5000,1000,2000,1000,0,15.875,True,1000,True,3800,True,1,0,0,1.3999971999999998,0.45719999999999994,6.35,12.7,0,0,,,0,,True,False,False,False,False,False,True,300,True,3800,True,6,3,1.3999971999999998,273,0,0,10.413999999999998,350,True,3800,True,0,-1.512257316798048,0,0,-1.1915803919128676,-1,-1,False,False,0,0,1,300,5,1,0.1875,1000,False,3000,1000,0,0,0,30,1.016,False,50,0,0,0,5,30,1.3999971999999998,0,19.05,5,1000,1000,5,1.3999971999999998,1000,1000,False,10,3,50,5,1.3999971999999998,4.7625,1000,1,1,1,1,1,304 Fini 2B,0
0,Stainless Steel,304 Fini 2B,0.7500,Stainless Steel,7999.620575143277,75,0,False,False,Stainless Steel,5000,1000,2000,1000,0,19.05,True,1000,True,3800,True,1,0,0,1.3999971999999998,0.45719999999999994,6.35,12.7,0,0,,,0,,True,False,False,False,False,False,True,300,True,3800,True,20,10,1.3999971999999998,273,0,0,8.636000000000001,350,True,3800,True,0,-1.0312126698879533,0,0,-0.6111318044365194,-1,-1,False,False,0,0,1,300,5,1,0.225,1000,False,3000,1000,0,0,0,30,1.016,False,50,0,0,0,5,30,1.3999971999999998,0,22.86,5,1000,1000,5,1.3999971999999998,1000,1000,False,10,3,50,5,1.3999971999999998,5.715,1000,1,1,1,1,1,304 Fini 2B,0
0,Stainless Steel,304 Fini 2B,0.8750,Stainless Steel,7999.620575143277,75,0,False,False,Stainless Steel,5000,1000,2000,1000,0,22.225,True,1000,True,3800,True,1,0,0,1.3999971999999998,0.38099999999999995,6.35,12.7,0,0,,,0,,True,False,False,False,False,False,True,300,True,3800,True,25,12,1.3999971999999998,273,0,0,7.112,350,True,3800,True,0,-0.8839218947283454,0,0,-0.5238325312609574,-1,-1,False,False,0,0,1,300,5,1,0.2625,1000,False,3000,1000,0,0,0,30,1.016,False,50,0,0,0,5,30,1.3999971999999998,0,26.67,5,1000,1000,5,1.3999971999999998,1000,1000,False,10,3,50,5,1.3999971999999998,6.6675,1000,1,1,1,1,1,304 Fini 2B,0
0,Stainless Steel,304 Fini 2B,1.0000,Stainless Steel,7999.620575143277,75,0,False,False,Stainless Steel,5000,1000,2000,1000,0,25.4,True,1000,True,3800,True,1,0,0,1.3999971999999998,0.9397999999999999,6.35,12.7,0,0,,,0,,True,False,False,False,False,False,True,300,True,3800,True,25,12,1.3999971999999998,273,0,0,6.095999999999999,350,True,3800,True,0,-1.346203041498329,0,0,-0.6302281562617457,-1,-1,False,False,0,0,1,300,5,1,0.3,1000,False,3000,1000,0,0,0,30,1.016,False,50,0,0,0,5,30,1.3999971999999998,0,30.48,5,1000,1000,5,1.3999971999999998,1000,1000,False,10,3,50,5,1.3999971999999998,7.62,1000,1,1,1,1,1,304 Fini 2B,0
0,Stainless Steel,304 Fini 2B,1.2500,Stainless Steel,7999.620575143277,75,0,False,False,Stainless Steel,5000,1000,2000,1000,0,31.75,True,1000,True,3800,True,1,0,0,1.3999971999999998,0.7111999999999999,6.35,12.7,0,0,,,0,,True,False,False,False,False,False,True,300,True,3800,True,30,15,1.3999971999999998,273,0,0,4.571999999999999,350,True,3800,True,0,-1.077033777863615,0,0,-0.4354395407659257,-1,-1,False,False,0,0,1,300,5,1,0.375,1000,False,3000,1000,0,0,0,30,1.016,False,50,0,0,0,5,30,1.3999971999999998,0,38.1,5,1000,1000,5,1.3999971999999998,1000,1000,False,10,3,50,5,1.3999971999999998,9.525,1000,1,1,1,1,1,304 Fini 2B,0
0,Stainless Steel,304 Fini 2B,1.5000,Stainless Steel,7999.620575143277,75,0,False,False,Stainless Steel,5000,1000,2000,1000,0,38.1,True,1000,True,3800,True,1,0,0,1.3999971999999998,0.45719999999999994,6.35,12.7,0,0,,,0,,True,False,False,False,False,False,True,300,True,3800,True,40,20,1.3999971999999998,273,0,0,3.8099999999999996,350,True,3800,True,0,-0.5156480934199321,0,0,-0.3055745934585659,-1,-1,False,False,0,0,1,300,5,1,0.45,1000,False,3000,1000,0,0,0,30,1.016,False,50,0,0,0,5,30,1.3999971999999998,0,45.72,5,1000,1000,5,1.3999971999999998,1000,1000,False,10,3,50,5,1.3999971999999998,11.43,1000,1,1,1,1,1,304 Fini 2B,0
0,Stainless Steel,304 Fini 2B,1.6250,Stainless Steel,7999.620575143277,75,0,False,False,Stainless Steel,5000,1000,2000,1000,0,41.275,True,1000,True,3800,True,1,0,0,1.3999971999999998,0.2,6.35,12.7,0,0,,,0,,True,False,False,False,False,False,True,300,True,3800,True,40,20,1.3999971999999998,273,0,0,3.556,350,True,3800,True,0,-0.5156480934199321,0,0,-0.3055745934585659,-1,-1,False,False,0,0,1,300,5,1,0.45,1000,False,3000,1000,0,0,0,30,1.016,False,50,0,0,0,5,30,1.3999971999999998,0,45.72,5,1000,1000,5,1.3999971999999998,1000,1000,False,10,3,50,5,1.3999971999999998,11.43,1000,1,1,1,1,1,304 Fini 2B,0
0,Stainless Steel,304 Fini 2B,1.7500,Stainless Steel,7999.620575143277,75,0,False,False,Stainless Steel,5000,1000,2000,1000,0,44.45,True,1000,True,3800,True,1,0,0,1.3999971999999998,0.7111999999999999,6.35,12.7,0,0,,,0,,True,False,False,False,False,False,True,300,True,3800,True,45,22,1.3999971999999998,273,0,0,3.0479999999999996,350,True,3800,True,0,-0.4419872459420313,0,0,-0.26192173895527376,-1,-1,False,False,0,0,1,300,5,1,0.525,1000,False,3000,1000,0,0,0,30,1.016,False,50,0,0,0,5,30,1.3999971999999998,0,53.34,5,1000,1000,5,1.3999971999999998,1000,1000,False,10,3,50,5,1.3999971999999998,13.335,1000,1,1,1,1,1,304 Fini 2B,0
0,Stainless Steel,304 Fini 2B,2.0000,Stainless Steel,7999.620575143277,75,0,False,False,Stainless Steel,5000,1000,2000,1000,0,50.8,True,1000,True,3800,True,1,0,0,1.3999971999999998,0.7111999999999999,6.35,12.7,0,0,,,0,,True,False,False,False,False,False,True,300,True,3800,True,50,25,1.3999971999999998,273,0,0,2.54,350,True,3800,True,0,-0.38674063816122667,0,0,-0.2291818957541002,-1,-1,False,False,0,0,1,300,5,1,0.6,1000,False,3000,1000,0,0,0,30,1.016,False,50,0,0,0,5,30,1.3999971999999998,0,60.96,5,1000,1000,5,1.3999971999999998,1000,1000,False,10,3,50,5,1.3999971999999998,15.24,1000,1,1,1,1,1,304 Fini 2B,0
0,Stainless Steel,304 Fini 2B,2.5000,Stainless Steel,7999.620575143277,75,0,False,False,Stainless Steel,5000,1000,2000,1000,0,63.5,True,1000,True,3800,True,1,0,0,1.3999971999999998,0.45719999999999994,6.35,12.7,0,0,,,0,,True,False,False,False,False,False,True,300,True,3800,True,3,2,1.3999971999999998,273,0,0,42.163999999999994,350,True,3800,True,0,-3.357503999517606,0,0,-2.138049482125798,-1,-1,False,False,0,0,1,300,5,1,0.05625,1000,False,3000,1000,0,0,0,30,1.016,False,50,0,0,0,5,30,1.3999971999999998,0,5.715,5,1000,1000,5,1.3999971999999998,1000,1000,False,10,3,50,5,1.3999971999999998,1.42875,1000,1,1,1,1,1,304 Fini 2B,0
0,Stainless Steel,304 Fini 2B,2.7500,Stainless Steel,7999.620575143277,75,0,False,False,Stainless Steel,5000,1000,2000,1000,0,69.85,True,1000,True,3800,True,1,0,0,1.3999971999999998,0,6.35,12.7,0,0,,,0,,True,False,False,False,False,False,True,300,True,3800,True,12,6,1.3999971999999998,273,0,0,13.716,350,True,3800,True,0,0,0,0,0,-1,-1,False,False,0,0,1,300,5,1,0.15,1000,False,3000,1000,0,0,0,30,1.016,False,50,0,0,0,5,30,1.3999971999999998,0,15.24,5,1000,1000,5,1.3999971999999998,1000,1000,False,10,3,50,5,1.3999971999999998,3.81,1000,1,1,1,1,1,304 Fini 2B,0
0,Stainless Steel,304 Fini 2B,3.0000,Stainless Steel,7999.620575143277,75,0,False,False,Stainless Steel,5000,1000,2000,1000,0,76.19999999999999,True,1000,True,3800,True,1,0,0,1.3999971999999998,0,6.35,12.7,0,0,,,0,,True,False,False,False,False,False,True,300,True,3800,True,12,6,1.3999971999999998,273,0,0,13.716,350,True,3800,True,0,0,0,0,0,-1,-1,False,False,0,0,1,300,5,1,0.15,1000,False,3000,1000,0,0,0,30,1.016,False,50,0,0,0,5,30,1.3999971999999998,0,15.24,5,1000,1000,5,1.3999971999999998,1000,1000,False,10,3,50,5,1.3999971999999998,3.81,1000,1,1,1,1,1,304 Fini 2B,0
0,Stainless Steel,304 Fini 4,0.0310,Stainless Steel,7999.620575143277,75,0,False,False,Stainless Steel,5000,1000,2000,1000,0,0.7874,True,1000,True,3800,True,1,0,0,1.3999971999999998,0.508,6.35,12.7,0,0,,,0,,True,False,False,False,False,False,True,300,True,3800,True,12,6,1.3999971999999998,273,0,0,147.32,350,True,3800,True,0,-5.890626416204093,0,0,-4.537772507906643,-1,-1,False,False,0,0,1,300,5,1,0.0189,1000,False,3000,1000,0,0,0,30,1.016,False,50,0,0,0,5,30,1.3999971999999998,0,1.92024,5,1000,1000,5,1.3999971999999998,1000,1000,False,10,3,50,5,1.3999971999999998,0.48006,1000,1,1,1,1,1,304 Fini 4,0
0,Stainless Steel,304 Fini 4,0.0375,Stainless Steel,7999.620575143277,75,0,False,False,Stainless Steel,5000,1000,2000,1000,0,0.9524999999999999,True,1000,True,3800,True,1,0,0,1.3999971999999998,0.45719999999999994,6.35,12.7,0,0,,,0,,True,False,False,False,False,False,True,300,True,3800,True,12,6,1.3999971999999998,273,0,0,147.32,350,True,3800,True,0,-5.890626416204093,0,0,-4.537772507906643,-1,-1,False,False,0,0,1,300,5,1,0.0189,1000,False,3000,1000,0,0,0,30,1.016,False,50,0,0,0,5,30,1.3999971999999998,0,1.92024,5,1000,1000,5,1.3999971999999998,1000,1000,False,10,3,50,5,1.3999971999999998,0.48006,1000,1,1,1,1,1,304 Fini 4,0
0,Stainless Steel,304 Fini 4,0.0500,Stainless Steel,7999.620575143277,75,0,False,False,Stainless Steel,5000,1000,2000,1000,0,1.27,True,1000,True,3800,True,1,0,0,1.3999971999999998,0.7111999999999999,6.35,12.7,0,0,,,0,,True,False,False,False,False,False,True,300,True,3800,True,12,6,1.3999971999999998,273,0,0,147.32,350,True,3800,True,0,-5.890626416204093,0,0,-4.537772507906643,-1,-1,False,False,0,0,1,300,5,1,0.0189,1000,False,3000,1000,0,0,0,30,1.016,False,50,0,0,0,5,30,1.3999971999999998,0,1.92024,5,1000,1000,5,1.3999971999999998,1000,1000,False,10,3,50,5,1.3999971999999998,0.48006,1000,1,1,1,1,1,304 Fini 4,0
0,Stainless Steel,304 Fini 4,0.0630,Stainless Steel,7999.620575143277,75,0,False,False,Stainless Steel,5000,1000,2000,1000,0,1.6002,True,1000,True,3800,True,1,0,0,1.3999971999999998,0.7619999999999999,6.35,12.7,0,0,,,0,,True,False,False,False,False,False,True,300,True,3800,True,12,6,1.3999971999999998,273,0,0,147.32,350,True,3800,True,0,-5.890626416204093,0,0,-4.537772507906643,-1,-1,False,False,0,0,1,300,5,1,0.0189,1000,False,3000,1000,0,0,0,30,1.016,False,50,0,0,0,5,30,1.3999971999999998,0,1.92024,5,1000,1000,5,1.3999971999999998,1000,1000,False,10,3,50,5,1.3999971999999998,0.48006,1000,1,1,1,1,1,304 Fini 4,0
0,Stainless Steel,304 Fini 4,0.0747,Stainless Steel,7999.620575143277,75,0,False,False,Stainless Steel,5000,1000,2000,1000,0,1.89738,True,1000,True,3800,True,1,0,0,1.3999971999999998,0.38099999999999995,6.35,12.7,0,0,,,0,,True,False,False,False,False,False,True,300,True,3800,True,12,6,1.3999971999999998,273,0,0,147.32,350,True,3800,True,0,-5.890626416204093,0,0,-4.537772507906643,-1,-1,False,False,0,0,1,300,5,1,0.0189,1000,False,3000,1000,0,0,0,30,1.016,False,50,0,0,0,5,30,1.3999971999999998,0,1.92024,5,1000,1000,5,1.3999971999999998,1000,1000,False,10,3,50,5,1.3999971999999998,0.48006,1000,1,1,1,1,1,304 Fini 4,0
0,Stainless Steel,304 Fini 4,0.0780,Stainless Steel,7999.620575143277,75,0,False,False,Stainless Steel,5000,1000,2000,1000,0,1.9811999999999999,True,1000,True,3800,True,1,0,0,1.3999971999999998,0.7111999999999999,4.7752,12.7,0,0,,,0,,True,False,False,False,False,False,True,300,True,3800,True,12,6,1.3999971999999998,273,0,0,147.32,350,True,3800,True,0,-5.890626416204093,0,0,-4.537772507906643,-1,-1,False,False,0,0,1,300,5,1,0.0189,1000,False,3000,1000,0,0,0,30,1.016,False,50,0,0,0,5,30,1.3999971999999998,0,1.92024,5,1000,1000,5,1.3999971999999998,1000,1000,False,10,3,50,5,1.3999971999999998,0.48006,1000,1,1,1,1,1,304 Fini 4,0
0,Stainless Steel,304 Fini 4,0.1090,Stainless Steel,7999.620575143277,75,0,False,False,Stainless Steel,5000,1000,2000,1000,0,2.7685999999999997,True,1000,True,3800,True,1,0,0,1.3999971999999998,0.45719999999999994,6.35,12.7,0,0,,,0,,True,False,False,False,False,False,True,300,True,3800,True,3,2,1.3999971999999998,273,0,0,67.056,350,True,3800,True,0,-5.710593137499642,0,0,-3.6619355755198,-1,-1,False,False,0,0,1,300,5,1,0.0375,1000,False,3000,1000,0,0,0,30,1.016,False,50,0,0,0,5,30,1.3999971999999998,0,3.81,5,1000,1000,5,1.3999971999999998,1000,1000,False,10,3,50,5,1.3999971999999998,0.9525,1000,1,1,1,1,1,304 Fini 4,0
0,Stainless Steel,304 Fini 4,0.1200,Stainless Steel,7999.620575143277,75,0,False,False,Stainless Steel,5000,1000,2000,1000,0,3.0479999999999996,True,1000,True,3800,True,1,0,0,1.3999971999999998,0.635,6.35,12.7,0,0,,,0,,True,False,False,False,False,False,True,300,True,3800,True,3,2,1.3999971999999998,273,0,0,67.056,350,True,3800,True,0,-5.710593137499642,0,0,-3.6619355755198,-1,-1,False,False,0,0,1,300,5,1,0.0375,1000,False,3000,1000,0,0,0,30,1.016,False,50,0,0,0,5,30,1.3999971999999998,0,3.81,5,1000,1000,5,1.3999971999999998,1000,1000,False,10,3,50,5,1.3999971999999998,0.9525,1000,1,1,1,1,1,304 Fini 4,0
0,Stainless Steel,304 Fini 4,0.1250,Stainless Steel,7999.620575143277,75,0,False,False,Stainless Steel,5000,1000,2000,1000,0,3.175,True,1000,True,3800,True,1,0,0,1.3999971999999998,0.7366,6.35,12.7,0,0,,,0,,True,False,False,False,False,False,True,300,True,3800,True,3,2,1.3999971999999998,273,0,0,67.056,350,True,3800,True,0,-5.710593137499642,0,0,-3.6619355755198,-1,-1,False,False,0,0,1,300,5,1,0.0375,1000,False,3000,1000,0,0,0,30,1.016,False,50,0,0,0,5,30,1.3999971999999998,0,3.81,5,1000,1000,5,1.3999971999999998,1000,1000,False,10,3,50,5,1.3999971999999998,0.9525,1000,1,1,1,1,1,304 Fini 4,0
0,Stainless Steel,304 Fini 4,0.1350,Stainless Steel,7999.620575143277,75,0,False,False,Stainless Steel,5000,1000,2000,1000,0,3.429,True,1000,True,3800,True,1,0,0,1.3999971999999998,0.3302,6.35,12.7,0,0,,,0,,True,False,False,False,False,False,True,300,True,3800,True,8,4,1.3999971999999998,273,0,0,30.225999999999996,350,True,3800,True,0,-5.122465549839898,0,0,-3.881976887726213,-1,-1,False,False,0,0,1,300,5,1,0.0939,1000,False,3000,1000,0,0,0,30,1.016,False,50,0,0,0,5,30,1.3999971999999998,0,9.54024,5,1000,1000,5,1.3999971999999998,1000,1000,False,10,3,50,5,1.3999971999999998,2.38506,1000,1,1,1,1,1,304 Fini 4,0
0,Stainless Steel,304 Fini 4,0.1400,Stainless Steel,7999.620575143277,75,0,False,False,Stainless Steel,5000,1000,2000,1000,0,3.556,True,1000,True,3800,True,1,0,0,1.3999971999999998,0.889,6.35,12.7,0,0,,,0,,True,False,False,False,False,False,True,300,True,3800,True,8,4,1.3999971999999998,273,0,0,30.225999999999996,350,True,3800,True,0,-5.122465549839898,0,0,-3.881976887726213,-1,-1,False,False,0,0,1,300,5,1,0.0939,1000,False,3000,1000,0,0,0,30,1.016,False,50,0,0,0,5,30,1.3999971999999998,0,9.54024,5,1000,1000,5,1.3999971999999998,1000,1000,False,10,3,50,5,1.3999971999999998,2.38506,1000,1,1,1,1,1,304 Fini 4,0
0,Stainless Steel,304 Fini 4,0.1875,Stainless Steel,7999.620575143277,75,0,False,False,Stainless Steel,5000,1000,2000,1000,0,4.7625,True,1000,True,3800,True,1,0,0,1.3999971999999998,0.7111999999999999,6.35,12.7,0,0,,,0,,True,False,False,False,False,False,True,300,True,3800,True,3,2,1.3999971999999998,273,0,0,42.163999999999994,350,True,3800,True,0,-3.357503999517606,0,0,-2.138049482125798,-1,-1,False,False,0,0,1,300,5,1,0.05625,1000,False,3000,1000,0,0,0,30,1.016,False,50,0,0,0,5,30,1.3999971999999998,0,5.715,5,1000,1000,5,1.3999971999999998,1000,1000,False,10,3,50,5,1.3999971999999998,1.42875,1000,1,1,1,1,1,304 Fini 4,0
0,Stainless Steel,304 Fini 4,0.2500,Stainless Steel,7999.620575143277,75,0,False,False,Stainless Steel,5000,1000,2000,1000,0,6.35,True,1000,True,3800,True,1,0,0,1.3999971999999998,0.7111999999999999,4.7752,12.7,0,0,,,0,,True,False,False,False,False,False,True,300,True,3800,True,3,3,1.3999971999999998,273,0,0,30.225999999999996,350,True,3800,True,0,-3.0909700035405043,0,0,-1.8328395059420577,-1,-1,False,False,0,0,1,300,5,1,0.0939,1000,False,3000,1000,0,0,0,30,1.016,False,50,0,0,0,5,30,1.3999971999999998,0,9.54024,5,1000,1000,5,1.3999971999999998,1000,1000,False,10,3,50,5,1.3999971999999998,2.38506,1000,1,1,1,1,1,304 Fini 4,0
0,Stainless Steel,304 Fini 4,0.3130,Stainless Steel,7999.620575143277,75,0,False,False,Stainless Steel,5000,1000,2000,1000,0,7.9502,True,1000,True,3800,True,1,0,0,1.3999971999999998,0.7111999999999999,6.35,12.7,0,0,,,0,,True,False,False,False,False,False,True,300,True,3800,True,8,4,1.3999971999999998,273,0,0,23.368,350,True,3800,True,0,-2.4696930338818377,0,0,-1.4641101061676423,-1,-1,False,False,0,0,1,300,5,1,0.0939,1000,False,3000,1000,0,0,0,30,1.016,False,50,0,0,0,5,30,1.3999971999999998,0,9.54024,5,1000,1000,5,1.3999971999999998,1000,1000,False,10,3,50,5,1.3999971999999998,2.38506,1000,1,1,1,1,1,304 Fini 4,0
0,Stainless Steel,304 Fini 4,0.3750,Stainless Steel,7999.620575143277,75,0,False,False,Stainless Steel,5000,1000,2000,1000,0,9.525,True,1000,True,3800,True,1,0,0,1.3999971999999998,0.7111999999999999,6.35,12.7,0,0,,,0,,True,False,False,False,False,False,True,300,True,3800,True,10,5,1.3999971999999998,273,0,0,19.049999999999997,350,True,3800,True,0,-2.0617576907585415,0,0,-1.2221245846153128,-1,-1,False,False,0,0,1,300,5,1,0.1125,1000,False,3000,1000,0,0,0,30,1.016,False,50,0,0,0,5,30,1.3999971999999998,0,11.43,5,1000,1000,5,1.3999971999999998,1000,1000,False,10,3,50,2,1.3999971999999998,2.8575,1000,1,1,1,1,1,304 Fini 4,0
0,Stainless Steel,304 Fini 4,0.5000,Stainless Steel,7999.620575143277,75,0,False,False,Stainless Steel,5000,1000,2000,1000,0,12.7,True,1000,True,3800,True,1,0,0,1.3999971999999998,0.8128,6.35,12.7,0,0,,,0,,True,False,False,False,False,False,True,300,True,3800,True,12,6,1.3999971999999998,273,0,0,13.716,350,True,3800,True,0,-1.6611120451898957,0,0,-0.9739344366011572,-1,-1,False,False,0,0,1,300,5,1,0.15,1000,False,3000,1000,0,0,0,30,1.016,False,50,0,0,0,5,30,1.3999971999999998,0,15.24,5,1000,1000,5,1.3999971999999998,1000,1000,False,10,3,50,5,1.3999971999999998,3.81,1000,1,1,1,1,1,304 Fini 4,0
0,Stainless Steel,304 Fini 4,0.6250,Stainless Steel,7999.620575143277,75,0,False,False,Stainless Steel,5000,1000,2000,1000,0,15.875,True,1000,True,3800,True,1,0,0,1.3999971999999998,0.45719999999999994,6.35,12.7,0,0,,,0,,True,False,False,False,False,False,True,300,True,3800,True,6,3,1.3999971999999998,273,0,0,10.413999999999998,350,True,3800,True,0,-1.512257316798048,0,0,-1.1915803919128676,-1,-1,False,False,0,0,1,300,5,1,0.1875,1000,False,3000,1000,0,0,0,30,1.016,False,50,0,0,0,5,30,1.3999971999999998,0,19.05,5,1000,1000,5,1.3999971999999998,1000,1000,False,10,3,50,5,1.3999971999999998,4.7625,1000,1,1,1,1,1,304 Fini 4,0
0,Stainless Steel,304 Fini 4,0.7500,Stainless Steel,7999.620575143277,75,0,False,False,Stainless Steel,5000,1000,2000,1000,0,19.05,True,1000,True,3800,True,1,0,0,1.3999971999999998,0.45719999999999994,6.35,12.7,0,0,,,0,,True,False,False,False,False,False,True,300,True,3800,True,20,10,1.3999971999999998,273,0,0,8.636000000000001,350,True,3800,True,0,-1.0312126698879533,0,0,-0.6111318044365194,-1,-1,False,False,0,0,1,300,5,1,0.225,1000,False,3000,1000,0,0,0,30,1.016,False,50,0,0,0,5,30,1.3999971999999998,0,22.86,5,1000,1000,5,1.3999971999999998,1000,1000,False,10,3,50,5,1.3999971999999998,5.715,1000,1,1,1,1,1,304 Fini 4,0
0,Stainless Steel,304 Fini 4,0.8750,Stainless Steel,7999.620575143277,75,0,False,False,Stainless Steel,5000,1000,2000,1000,0,22.225,True,1000,True,3800,True,1,0,0,1.3999971999999998,0.38099999999999995,6.35,12.7,0,0,,,0,,True,False,False,False,False,False,True,300,True,3800,True,25,12,1.3999971999999998,273,0,0,7.112,350,True,3800,True,0,-0.8839218947283454,0,0,-0.5238325312609574,-1,-1,False,False,0,0,1,300,5,1,0.2625,1000,False,3000,1000,0,0,0,30,1.016,False,50,0,0,0,5,30,1.3999971999999998,0,26.67,5,1000,1000,5,1.3999971999999998,1000,1000,False,10,3,50,5,1.3999971999999998,6.6675,1000,1,1,1,1,1,304 Fini 4,0
0,Stainless Steel,304 Fini 4,1.0000,Stainless Steel,7999.620575143277,75,0,False,False,Stainless Steel,5000,1000,2000,1000,0,25.4,True,1000,True,3800,True,1,0,0,1.3999971999999998,0.9397999999999999,6.35,12.7,0,0,,,0,,True,False,False,False,False,False,True,300,True,3800,True,25,12,1.3999971999999998,273,0,0,6.095999999999999,350,True,3800,True,0,-1.346203041498329,0,0,-0.6302281562617457,-1,-1,False,False,0,0,1,300,5,1,0.3,1000,False,3000,1000,0,0,0,30,1.016,False,50,0,0,0,5,30,1.3999971999999998,0,30.48,5,1000,1000,5,1.3999971999999998,1000,1000,False,10,3,50,5,1.3999971999999998,7.62,1000,1,1,1,1,1,304 Fini 4,0
0,Stainless Steel,304 Fini 4,1.2500,Stainless Steel,7999.620575143277,75,0,False,False,Stainless Steel,5000,1000,2000,1000,0,31.75,True,1000,True,3800,True,1,0,0,1.3999971999999998,0.7111999999999999,6.35,12.7,0,0,,,0,,True,False,False,False,False,False,True,300,True,3800,True,30,15,1.3999971999999998,273,0,0,4.571999999999999,350,True,3800,True,0,-1.077033777863615,0,0,-0.4354395407659257,-1,-1,False,False,0,0,1,300,5,1,0.375,1000,False,3000,1000,0,0,0,30,1.016,False,50,0,0,0,5,30,1.3999971999999998,0,38.1,5,1000,1000,5,1.3999971999999998,1000,1000,False,10,3,50,5,1.3999971999999998,9.525,1000,1,1,1,1,1,304 Fini 4,0
0,Stainless Steel,304 Fini 4,1.5000,Stainless Steel,7999.620575143277,75,0,False,False,Stainless Steel,5000,1000,2000,1000,0,38.1,True,1000,True,3800,True,1,0,0,1.3999971999999998,0.45719999999999994,6.35,12.7,0,0,,,0,,True,False,False,False,False,False,True,300,True,3800,True,40,20,1.3999971999999998,273,0,0,3.8099999999999996,350,True,3800,True,0,-0.5156480934199321,0,0,-0.3055745934585659,-1,-1,False,False,0,0,1,300,5,1,0.45,1000,False,3000,1000,0,0,0,30,1.016,False,50,0,0,0,5,30,1.3999971999999998,0,45.72,5,1000,1000,5,1.3999971999999998,1000,1000,False,10,3,50,5,1.3999971999999998,11.43,1000,1,1,1,1,1,304 Fini 4,0
0,Stainless Steel,304 Fini 4,1.6250,Stainless Steel,7999.620575143277,75,0,False,False,Stainless Steel,5000,1000,2000,1000,0,41.275,True,1000,True,3800,True,1,0,0,1.3999971999999998,0.2,6.35,12.7,0,0,,,0,,True,False,False,False,False,False,True,300,True,3800,True,40,20,1.3999971999999998,273,0,0,3.556,350,True,3800,True,0,-0.5156480934199321,0,0,-0.3055745934585659,-1,-1,False,False,0,0,1,300,5,1,0.45,1000,False,3000,1000,0,0,0,30,1.016,False,50,0,0,0,5,30,1.3999971999999998,0,45.72,5,1000,1000,5,1.3999971999999998,1000,1000,False,10,3,50,5,1.3999971999999998,11.43,1000,1,1,1,1,1,304 Fini 4,0
0,Stainless Steel,304 Fini 4,1.7500,Stainless Steel,7999.620575143277,75,0,False,False,Stainless Steel,5000,1000,2000,1000,0,44.45,True,1000,True,3800,True,1,0,0,1.3999971999999998,0.7111999999999999,6.35,12.7,0,0,,,0,,True,False,False,False,False,False,True,300,True,3800,True,45,22,1.3999971999999998,273,0,0,3.0479999999999996,350,True,3800,True,0,-0.4419872459420313,0,0,-0.26192173895527376,-1,-1,False,False,0,0,1,300,5,1,0.525,1000,False,3000,1000,0,0,0,30,1.016,False,50,0,0,0,5,30,1.3999971999999998,0,53.34,5,1000,1000,5,1.3999971999999998,1000,1000,False,10,3,50,5,1.3999971999999998,13.335,1000,1,1,1,1,1,304 Fini 4,0
0,Stainless Steel,304 Fini 4,2.0000,Stainless Steel,7999.620575143277,75,0,False,False,Stainless Steel,5000,1000,2000,1000,0,50.8,True,1000,True,3800,True,1,0,0,1.3999971999999998,0.7111999999999999,6.35,12.7,0,0,,,0,,True,False,False,False,False,False,True,300,True,3800,True,50,25,1.3999971999999998,273,0,0,2.54,350,True,3800,True,0,-0.38674063816122667,0,0,-0.2291818957541002,-1,-1,False,False,0,0,1,300,5,1,0.6,1000,False,3000,1000,0,0,0,30,1.016,False,50,0,0,0,5,30,1.3999971999999998,0,60.96,5,1000,1000,5,1.3999971999999998,1000,1000,False,10,3,50,5,1.3999971999999998,15.24,1000,1,1,1,1,1,304 Fini 4,0
0,Stainless Steel,304 Fini 4,2.5000,Stainless Steel,7999.620575143277,75,0,False,False,Stainless Steel,5000,1000,2000,1000,0,63.5,True,1000,True,3800,True,1,0,0,1.3999971999999998,0.45719999999999994,6.35,12.7,0,0,,,0,,True,False,False,False,False,False,True,300,True,3800,True,3,2,1.3999971999999998,273,0,0,42.163999999999994,350,True,3800,True,0,-3.357503999517606,0,0,-2.138049482125798,-1,-1,False,False,0,0,1,300,5,1,0.05625,1000,False,3000,1000,0,0,0,30,1.016,False,50,0,0,0,5,30,1.3999971999999998,0,5.715,5,1000,1000,5,1.3999971999999998,1000,1000,False,10,3,50,5,1.3999971999999998,1.42875,1000,1,1,1,1,1,304 Fini 4,0
0,Stainless Steel,304 Fini 4,2.7500,Stainless Steel,7999.620575143277,75,0,False,False,Stainless Steel,5000,1000,2000,1000,0,69.85,True,1000,True,3800,True,1,0,0,1.3999971999999998,0,6.35,12.7,0,0,,,0,,True,False,False,False,False,False,True,300,True,3800,True,12,6,1.3999971999999998,273,0,0,13.716,350,True,3800,True,0,0,0,0,0,-1,-1,False,False,0,0,1,300,5,1,0.15,1000,False,3000,1000,0,0,0,30,1.016,False,50,0,0,0,5,30,1.3999971999999998,0,15.24,5,1000,1000,5,1.3999971999999998,1000,1000,False,10,3,50,5,1.3999971999999998,3.81,1000,1,1,1,1,1,304 Fini 4,0
0,Stainless Steel,304 Fini 4,3.0000,Stainless Steel,7999.620575143277,75,0,False,False,Stainless Steel,5000,1000,2000,1000,0,76.19999999999999,True,1000,True,3800,True,1,0,0,1.3999971999999998,0,6.35,12.7,0,0,,,0,,True,False,False,False,False,False,True,300,True,3800,True,12,6,1.3999971999999998,273,0,0,13.716,350,True,3800,True,0,0,0,0,0,-1,-1,False,False,0,0,1,300,5,1,0.15,1000,False,3000,1000,0,0,0,30,1.016,False,50,0,0,0,5,30,1.3999971999999998,0,15.24,5,1000,1000,5,1.3999971999999998,1000,1000,False,10,3,50,5,1.3999971999999998,3.81,1000,1,1,1,1,1,304 Fini 4,0
0,Stainless Steel,316 fini 4,0.0310,Stainless Steel,7999.620575143277,75,0,False,False,Stainless Steel,5000,1000,2000,1000,0,0.7874,True,1000,True,3800,True,1,0,0,1.3999971999999998,0.508,6.35,12.7,0,0,,,0,,True,False,False,False,False,False,True,300,True,3800,True,12,6,1.3999971999999998,273,0,0,147.32,350,True,3800,True,0,-5.890626416204093,0,0,-4.537772507906643,-1,-1,False,False,0,0,1,300,5,1,0.0189,1000,False,3000,1000,0,0,0,30,1.016,False,50,0,0,0,5,30,1.3999971999999998,0,1.92024,5,1000,1000,5,1.3999971999999998,1000,1000,False,10,3,50,5,1.3999971999999998,0.48006,1000,1,1,1,1,1,316 fini 4,0
0,Stainless Steel,316 fini 4,0.0375,Stainless Steel,7999.620575143277,75,0,False,False,Stainless Steel,5000,1000,2000,1000,0,0.9524999999999999,True,1000,True,3800,True,1,0,0,1.3999971999999998,0.45719999999999994,6.35,12.7,0,0,,,0,,True,False,False,False,False,False,True,300,True,3800,True,12,6,1.3999971999999998,273,0,0,147.32,350,True,3800,True,0,-5.890626416204093,0,0,-4.537772507906643,-1,-1,False,False,0,0,1,300,5,1,0.0189,1000,False,3000,1000,0,0,0,30,1.016,False,50,0,0,0,5,30,1.3999971999999998,0,1.92024,5,1000,1000,5,1.3999971999999998,1000,1000,False,10,3,50,5,1.3999971999999998,0.48006,1000,1,1,1,1,1,316 fini 4,0
0,Stainless Steel,316 fini 4,0.0500,Stainless Steel,7999.620575143277,75,0,False,False,Stainless Steel,5000,1000,2000,1000,0,1.27,True,1000,True,3800,True,1,0,0,1.3999971999999998,0.7111999999999999,6.35,12.7,0,0,,,0,,True,False,False,False,False,False,True,300,True,3800,True,12,6,1.3999971999999998,273,0,0,147.32,350,True,3800,True,0,-5.890626416204093,0,0,-4.537772507906643,-1,-1,False,False,0,0,1,300,5,1,0.0189,1000,False,3000,1000,0,0,0,30,1.016,False,50,0,0,0,5,30,1.3999971999999998,0,1.92024,5,1000,1000,5,1.3999971999999998,1000,1000,False,10,3,50,5,1.3999971999999998,0.48006,1000,1,1,1,1,1,316 fini 4,0
0,Stainless Steel,316 fini 4,0.0630,Stainless Steel,7999.620575143277,75,0,False,False,Stainless Steel,5000,1000,2000,1000,0,1.6002,True,1000,True,3800,True,1,0,0,1.3999971999999998,0.7619999999999999,6.35,12.7,0,0,,,0,,True,False,False,False,False,False,True,300,True,3800,True,12,6,1.3999971999999998,273,0,0,147.32,350,True,3800,True,0,-5.890626416204093,0,0,-4.537772507906643,-1,-1,False,False,0,0,1,300,5,1,0.0189,1000,False,3000,1000,0,0,0,30,1.016,False,50,0,0,0,5,30,1.3999971999999998,0,1.92024,5,1000,1000,5,1.3999971999999998,1000,1000,False,10,3,50,5,1.3999971999999998,0.48006,1000,1,1,1,1,1,316 fini 4,0
0,Stainless Steel,316 fini 4,0.0747,Stainless Steel,7999.620575143277,75,0,False,False,Stainless Steel,5000,1000,2000,1000,0,1.89738,True,1000,True,3800,True,1,0,0,1.3999971999999998,0.38099999999999995,6.35,12.7,0,0,,,0,,True,False,False,False,False,False,True,300,True,3800,True,12,6,1.3999971999999998,273,0,0,147.32,350,True,3800,True,0,-5.890626416204093,0,0,-4.537772507906643,-1,-1,False,False,0,0,1,300,5,1,0.0189,1000,False,3000,1000,0,0,0,30,1.016,False,50,0,0,0,5,30,1.3999971999999998,0,1.92024,5,1000,1000,5,1.3999971999999998,1000,1000,False,10,3,50,5,1.3999971999999998,0.48006,1000,1,1,1,1,1,316 fini 4,0
0,Stainless Steel,316 fini 4,0.0780,Stainless Steel,7999.620575143277,75,0,False,False,Stainless Steel,5000,1000,2000,1000,0,1.9811999999999999,True,1000,True,3800,True,1,0,0,1.3999971999999998,0.7111999999999999,4.7752,12.7,0,0,,,0,,True,False,False,False,False,False,True,300,True,3800,True,12,6,1.3999971999999998,273,0,0,147.32,350,True,3800,True,0,-5.890626416204093,0,0,-4.537772507906643,-1,-1,False,False,0,0,1,300,5,1,0.0189,1000,False,3000,1000,0,0,0,30,1.016,False,50,0,0,0,5,30,1.3999971999999998,0,1.92024,5,1000,1000,5,1.3999971999999998,1000,1000,False,10,3,50,5,1.3999971999999998,0.48006,1000,1,1,1,1,1,316 fini 4,0
0,Stainless Steel,316 fini 4,0.1090,Stainless Steel,7999.620575143277,75,0,False,False,Stainless Steel,5000,1000,2000,1000,0,2.7685999999999997,True,1000,True,3800,True,1,0,0,1.3999971999999998,0.45719999999999994,6.35,12.7,0,0,,,0,,True,False,False,False,False,False,True,300,True,3800,True,3,2,1.3999971999999998,273,0,0,67.056,350,True,3800,True,0,-5.710593137499642,0,0,-3.6619355755198,-1,-1,False,False,0,0,1,300,5,1,0.0375,1000,False,3000,1000,0,0,0,30,1.016,False,50,0,0,0,5,30,1.3999971999999998,0,3.81,5,1000,1000,5,1.3999971999999998,1000,1000,False,10,3,50,5,1.3999971999999998,0.9525,1000,1,1,1,1,1,316 fini 4,0
0,Stainless Steel,316 fini 4,0.1200,Stainless Steel,7999.620575143277,75,0,False,False,Stainless Steel,5000,1000,2000,1000,0,3.0479999999999996,True,1000,True,3800,True,1,0,0,1.3999971999999998,0.635,6.35,12.7,0,0,,,0,,True,False,False,False,False,False,True,300,True,3800,True,3,2,1.3999971999999998,273,0,0,67.056,350,True,3800,True,0,-5.710593137499642,0,0,-3.6619355755198,-1,-1,False,False,0,0,1,300,5,1,0.0375,1000,False,3000,1000,0,0,0,30,1.016,False,50,0,0,0,5,30,1.3999971999999998,0,3.81,5,1000,1000,5,1.3999971999999998,1000,1000,False,10,3,50,5,1.3999971999999998,0.9525,1000,1,1,1,1,1,316 fini 4,0
0,Stainless Steel,316 fini 4,0.1250,Stainless Steel,7999.620575143277,75,0,False,False,Stainless Steel,5000,1000,2000,1000,0,3.175,True,1000,True,3800,True,1,0,0,1.3999971999999998,0.7366,6.35,12.7,0,0,,,0,,True,False,False,False,False,False,True,300,True,3800,True,3,2,1.3999971999999998,273,0,0,67.056,350,True,3800,True,0,-5.710593137499642,0,0,-3.6619355755198,-1,-1,False,False,0,0,1,300,5,1,0.0375,1000,False,3000,1000,0,0,0,30,1.016,False,50,0,0,0,5,30,1.3999971999999998,0,3.81,5,1000,1000,5,1.3999971999999998,1000,1000,False,10,3,50,5,1.3999971999999998,0.9525,1000,1,1,1,1,1,316 fini 4,0
0,Stainless Steel,316 fini 4,0.1350,Stainless Steel,7999.620575143277,75,0,False,False,Stainless Steel,5000,1000,2000,1000,0,3.429,True,1000,True,3800,True,1,0,0,1.3999971999999998,0.3302,6.35,12.7,0,0,,,0,,True,False,False,False,False,False,True,300,True,3800,True,8,4,1.3999971999999998,273,0,0,30.225999999999996,350,True,3800,True,0,-5.122465549839898,0,0,-3.881976887726213,-1,-1,False,False,0,0,1,300,5,1,0.0939,1000,False,3000,1000,0,0,0,30,1.016,False,50,0,0,0,5,30,1.3999971999999998,0,9.54024,5,1000,1000,5,1.3999971999999998,1000,1000,False,10,3,50,5,1.3999971999999998,2.38506,1000,1,1,1,1,1,316 fini 4,0
0,Stainless Steel,316 fini 4,0.1400,Stainless Steel,7999.620575143277,75,0,False,False,Stainless Steel,5000,1000,2000,1000,0,3.556,True,1000,True,3800,True,1,0,0,1.3999971999999998,0.889,6.35,12.7,0,0,,,0,,True,False,False,False,False,False,True,300,True,3800,True,8,4,1.3999971999999998,273,0,0,30.225999999999996,350,True,3800,True,0,-5.122465549839898,0,0,-3.881976887726213,-1,-1,False,False,0,0,1,300,5,1,0.0939,1000,False,3000,1000,0,0,0,30,1.016,False,50,0,0,0,5,30,1.3999971999999998,0,9.54024,5,1000,1000,5,1.3999971999999998,1000,1000,False,10,3,50,5,1.3999971999999998,2.38506,1000,1,1,1,1,1,316 fini 4,0
0,Stainless Steel,316 fini 4,0.1875,Stainless Steel,7999.620575143277,75,0,False,False,Stainless Steel,5000,1000,2000,1000,0,4.7625,True,1000,True,3800,True,1,0,0,1.3999971999999998,0.7111999999999999,6.35,12.7,0,0,,,0,,True,False,False,False,False,False,True,300,True,3800,True,3,2,1.3999971999999998,273,0,0,42.163999999999994,350,True,3800,True,0,-3.357503999517606,0,0,-2.138049482125798,-1,-1,False,False,0,0,1,300,5,1,0.05625,1000,False,3000,1000,0,0,0,30,1.016,False,50,0,0,0,5,30,1.3999971999999998,0,5.715,5,1000,1000,5,1.3999971999999998,1000,1000,False,10,3,50,5,1.3999971999999998,1.42875,1000,1,1,1,1,1,316 fini 4,0
0,Stainless Steel,316 fini 4,0.2500,Stainless Steel,7999.620575143277,75,0,False,False,Stainless Steel,5000,1000,2000,1000,0,6.35,True,1000,True,3800,True,1,0,0,1.3999971999999998,0.7111999999999999,4.7752,12.7,0,0,,,0,,True,False,False,False,False,False,True,300,True,3800,True,3,3,1.3999971999999998,273,0,0,30.225999999999996,350,True,3800,True,0,-3.0909700035405043,0,0,-1.8328395059420577,-1,-1,False,False,0,0,1,300,5,1,0.0939,1000,False,3000,1000,0,0,0,30,1.016,False,50,0,0,0,5,30,1.3999971999999998,0,9.54024,5,1000,1000,5,1.3999971999999998,1000,1000,False,10,3,50,5,1.3999971999999998,2.38506,1000,1,1,1,1,1,316 fini 4,0
0,Stainless Steel,316 fini 4,0.3130,Stainless Steel,7999.620575143277,75,0,False,False,Stainless Steel,5000,1000,2000,1000,0,7.9502,True,1000,True,3800,True,1,0,0,1.3999971999999998,0.7111999999999999,6.35,12.7,0,0,,,0,,True,False,False,False,False,False,True,300,True,3800,True,8,4,1.3999971999999998,273,0,0,23.368,350,True,3800,True,0,-2.4696930338818377,0,0,-1.4641101061676423,-1,-1,False,False,0,0,1,300,5,1,0.0939,1000,False,3000,1000,0,0,0,30,1.016,False,50,0,0,0,5,30,1.3999971999999998,0,9.54024,5,1000,1000,5,1.3999971999999998,1000,1000,False,10,3,50,5,1.3999971999999998,2.38506,1000,1,1,1,1,1,316 fini 4,0
0,Stainless Steel,316 fini 4,0.3750,Stainless Steel,7999.620575143277,75,0,False,False,Stainless Steel,5000,1000,2000,1000,0,9.525,True,1000,True,3800,True,1,0,0,1.3999971999999998,0.7111999999999999,6.35,12.7,0,0,,,0,,True,False,False,False,False,False,True,300,True,3800,True,10,5,1.3999971999999998,273,0,0,19.049999999999997,350,True,3800,True,0,-2.0617576907585415,0,0,-1.2221245846153128,-1,-1,False,False,0,0,1,300,5,1,0.1125,1000,False,3000,1000,0,0,0,30,1.016,False,50,0,0,0,5,30,1.3999971999999998,0,11.43,5,1000,1000,5,1.3999971999999998,1000,1000,False,10,3,50,2,1.3999971999999998,2.8575,1000,1,1,1,1,1,316 fini 4,0
0,Stainless Steel,316 fini 4,0.5000,Stainless Steel,7999.620575143277,75,0,False,False,Stainless Steel,5000,1000,2000,1000,0,12.7,True,1000,True,3800,True,1,0,0,1.3999971999999998,0.8128,6.35,12.7,0,0,,,0,,True,False,False,False,False,False,True,300,True,3800,True,12,6,1.3999971999999998,273,0,0,13.716,350,True,3800,True,0,-1.6611120451898957,0,0,-0.9739344366011572,-1,-1,False,False,0,0,1,300,5,1,0.15,1000,False,3000,1000,0,0,0,30,1.016,False,50,0,0,0,5,30,1.3999971999999998,0,15.24,5,1000,1000,5,1.3999971999999998,1000,1000,False,10,3,50,5,1.3999971999999998,3.81,1000,1,1,1,1,1,316 fini 4,0
0,Stainless Steel,316 fini 4,0.6250,Stainless Steel,7999.620575143277,75,0,False,False,Stainless Steel,5000,1000,2000,1000,0,15.875,True,1000,True,3800,True,1,0,0,1.3999971999999998,0.45719999999999994,6.35,12.7,0,0,,,0,,True,False,False,False,False,False,True,300,True,3800,True,6,3,1.3999971999999998,273,0,0,10.413999999999998,350,True,3800,True,0,-1.512257316798048,0,0,-1.1915803919128676,-1,-1,False,False,0,0,1,300,5,1,0.1875,1000,False,3000,1000,0,0,0,30,1.016,False,50,0,0,0,5,30,1.3999971999999998,0,19.05,5,1000,1000,5,1.3999971999999998,1000,1000,False,10,3,50,5,1.3999971999999998,4.7625,1000,1,1,1,1,1,316 fini 4,0
0,Stainless Steel,316 fini 4,0.7500,Stainless Steel,7999.620575143277,75,0,False,False,Stainless Steel,5000,1000,2000,1000,0,19.05,True,1000,True,3800,True,1,0,0,1.3999971999999998,0.45719999999999994,6.35,12.7,0,0,,,0,,True,False,False,False,False,False,True,300,True,3800,True,20,10,1.3999971999999998,273,0,0,8.636000000000001,350,True,3800,True,0,-1.0312126698879533,0,0,-0.6111318044365194,-1,-1,False,False,0,0,1,300,5,1,0.225,1000,False,3000,1000,0,0,0,30,1.016,False,50,0,0,0,5,30,1.3999971999999998,0,22.86,5,1000,1000,5,1.3999971999999998,1000,1000,False,10,3,50,5,1.3999971999999998,5.715,1000,1,1,1,1,1,316 fini 4,0
0,Stainless Steel,316 fini 4,0.8750,Stainless Steel,7999.620575143277,75,0,False,False,Stainless Steel,5000,1000,2000,1000,0,22.225,True,1000,True,3800,True,1,0,0,1.3999971999999998,0.38099999999999995,6.35,12.7,0,0,,,0,,True,False,False,False,False,False,True,300,True,3800,True,25,12,1.3999971999999998,273,0,0,7.112,350,True,3800,True,0,-0.8839218947283454,0,0,-0.5238325312609574,-1,-1,False,False,0,0,1,300,5,1,0.2625,1000,False,3000,1000,0,0,0,30,1.016,False,50,0,0,0,5,30,1.3999971999999998,0,26.67,5,1000,1000,5,1.3999971999999998,1000,1000,False,10,3,50,5,1.3999971999999998,6.6675,1000,1,1,1,1,1,316 fini 4,0
0,Stainless Steel,316 fini 4,1.0000,Stainless Steel,7999.620575143277,75,0,False,False,Stainless Steel,5000,1000,2000,1000,0,25.4,True,1000,True,3800,True,1,0,0,1.3999971999999998,0.9397999999999999,6.35,12.7,0,0,,,0,,True,False,False,False,False,False,True,300,True,3800,True,25,12,1.3999971999999998,273,0,0,6.095999999999999,350,True,3800,True,0,-1.346203041498329,0,0,-0.6302281562617457,-1,-1,False,False,0,0,1,300,5,1,0.3,1000,False,3000,1000,0,0,0,30,1.016,False,50,0,0,0,5,30,1.3999971999999998,0,30.48,5,1000,1000,5,1.3999971999999998,1000,1000,False,10,3,50,5,1.3999971999999998,7.62,1000,1,1,1,1,1,316 fini 4,0
0,Stainless Steel,316 fini 4,1.2500,Stainless Steel,7999.620575143277,75,0,False,False,Stainless Steel,5000,1000,2000,1000,0,31.75,True,1000,True,3800,True,1,0,0,1.3999971999999998,0.7111999999999999,6.35,12.7,0,0,,,0,,True,False,False,False,False,False,True,300,True,3800,True,30,15,1.3999971999999998,273,0,0,4.571999999999999,350,True,3800,True,0,-1.077033777863615,0,0,-0.4354395407659257,-1,-1,False,False,0,0,1,300,5,1,0.375,1000,False,3000,1000,0,0,0,30,1.016,False,50,0,0,0,5,30,1.3999971999999998,0,38.1,5,1000,1000,5,1.3999971999999998,1000,1000,False,10,3,50,5,1.3999971999999998,9.525,1000,1,1,1,1,1,316 fini 4,0
0,Stainless Steel,316 fini 4,1.5000,Stainless Steel,7999.620575143277,75,0,False,False,Stainless Steel,5000,1000,2000,1000,0,38.1,True,1000,True,3800,True,1,0,0,1.3999971999999998,0.45719999999999994,6.35,12.7,0,0,,,0,,True,False,False,False,False,False,True,300,True,3800,True,40,20,1.3999971999999998,273,0,0,3.8099999999999996,350,True,3800,True,0,-0.5156480934199321,0,0,-0.3055745934585659,-1,-1,False,False,0,0,1,300,5,1,0.45,1000,False,3000,1000,0,0,0,30,1.016,False,50,0,0,0,5,30,1.3999971999999998,0,45.72,5,1000,1000,5,1.3999971999999998,1000,1000,False,10,3,50,5,1.3999971999999998,11.43,1000,1,1,1,1,1,316 fini 4,0
0,Stainless Steel,316 fini 4,1.6250,Stainless Steel,7999.620575143277,75,0,False,False,Stainless Steel,5000,1000,2000,1000,0,41.275,True,1000,True,3800,True,1,0,0,1.3999971999999998,0.2,6.35,12.7,0,0,,,0,,True,False,False,False,False,False,True,300,True,3800,True,40,20,1.3999971999999998,273,0,0,3.556,350,True,3800,True,0,-0.5156480934199321,0,0,-0.3055745934585659,-1,-1,False,False,0,0,1,300,5,1,0.45,1000,False,3000,1000,0,0,0,30,1.016,False,50,0,0,0,5,30,1.3999971999999998,0,45.72,5,1000,1000,5,1.3999971999999998,1000,1000,False,10,3,50,5,1.3999971999999998,11.43,1000,1,1,1,1,1,316 fini 4,0
0,Stainless Steel,316 fini 4,1.7500,Stainless Steel,7999.620575143277,75,0,False,False,Stainless Steel,5000,1000,2000,1000,0,44.45,True,1000,True,3800,True,1,0,0,1.3999971999999998,0.7111999999999999,6.35,12.7,0,0,,,0,,True,False,False,False,False,False,True,300,True,3800,True,45,22,1.3999971999999998,273,0,0,3.0479999999999996,350,True,3800,True,0,-0.4419872459420313,0,0,-0.26192173895527376,-1,-1,False,False,0,0,1,300,5,1,0.525,1000,False,3000,1000,0,0,0,30,1.016,False,50,0,0,0,5,30,1.3999971999999998,0,53.34,5,1000,1000,5,1.3999971999999998,1000,1000,False,10,3,50,5,1.3999971999999998,13.335,1000,1,1,1,1,1,316 fini 4,0
0,Stainless Steel,316 fini 4,2.0000,Stainless Steel,7999.620575143277,75,0,False,False,Stainless Steel,5000,1000,2000,1000,0,50.8,True,1000,True,3800,True,1,0,0,1.3999971999999998,0.7111999999999999,6.35,12.7,0,0,,,0,,True,False,False,False,False,False,True,300,True,3800,True,50,25,1.3999971999999998,273,0,0,2.54,350,True,3800,True,0,-0.38674063816122667,0,0,-0.2291818957541002,-1,-1,False,False,0,0,1,300,5,1,0.6,1000,False,3000,1000,0,0,0,30,1.016,False,50,0,0,0,5,30,1.3999971999999998,0,60.96,5,1000,1000,5,1.3999971999999998,1000,1000,False,10,3,50,5,1.3999971999999998,15.24,1000,1,1,1,1,1,316 fini 4,0
0,Stainless Steel,316 fini 4,2.5000,Stainless Steel,7999.620575143277,75,0,False,False,Stainless Steel,5000,1000,2000,1000,0,63.5,True,1000,True,3800,True,1,0,0,1.3999971999999998,0.45719999999999994,6.35,12.7,0,0,,,0,,True,False,False,False,False,False,True,300,True,3800,True,3,2,1.3999971999999998,273,0,0,42.163999999999994,350,True,3800,True,0,-3.357503999517606,0,0,-2.138049482125798,-1,-1,False,False,0,0,1,300,5,1,0.05625,1000,False,3000,1000,0,0,0,30,1.016,False,50,0,0,0,5,30,1.3999971999999998,0,5.715,5,1000,1000,5,1.3999971999999998,1000,1000,False,10,3,50,5,1.3999971999999998,1.42875,1000,1,1,1,1,1,316 fini 4,0
0,Stainless Steel,316 fini 4,2.7500,Stainless Steel,7999.620575143277,75,0,False,False,Stainless Steel,5000,1000,2000,1000,0,69.85,True,1000,True,3800,True,1,0,0,1.3999971999999998,0,6.35,12.7,0,0,,,0,,True,False,False,False,False,False,True,300,True,3800,True,12,6,1.3999971999999998,273,0,0,13.716,350,True,3800,True,0,0,0,0,0,-1,-1,False,False,0,0,1,300,5,1,0.15,1000,False,3000,1000,0,0,0,30,1.016,False,50,0,0,0,5,30,1.3999971999999998,0,15.24,5,1000,1000,5,1.3999971999999998,1000,1000,False,10,3,50,5,1.3999971999999998,3.81,1000,1,1,1,1,1,316 fini 4,0
0,Stainless Steel,316 fini 4,3.0000,Stainless Steel,7999.620575143277,75,0,False,False,Stainless Steel,5000,1000,2000,1000,0,76.19999999999999,True,1000,True,3800,True,1,0,0,1.3999971999999998,0,6.35,12.7,0,0,,,0,,True,False,False,False,False,False,True,300,True,3800,True,12,6,1.3999971999999998,273,0,0,13.716,350,True,3800,True,0,0,0,0,0,-1,-1,False,False,0,0,1,300,5,1,0.15,1000,False,3000,1000,0,0,0,30,1.016,False,50,0,0,0,5,30,1.3999971999999998,0,15.24,5,1000,1000,5,1.3999971999999998,1000,1000,False,10,3,50,5,1.3999971999999998,3.81,1000,1,1,1,1,1,316 fini 4,0
0,Tapis de vache,Standard,0.0625,Tapis de vache,80.092325,1750,0,False,False,Tapis de vache,4000,1000,2000,1000,0,1.5875,True,1000,True,3800,True,1,0,0,3.556,1.016,6.35,12.7,0,0,,,0,,True,True,False,False,False,False,True,300,True,2000,True,1,1,3.556,273,0,0,1000,350,True,3800,True,0,0,0,0,-1,-1,-1,False,False,0,0,1,300,0.5,1,0.01875,1016,False,3000,1000,0,0,0,30,1.016,False,50,0,0,0,5,30,3.556,0,1.905,5,1000,1000,5,3.556,1000,1000,False,10,3,50,5,3.556,0.47625,1000,1,1,1,1,1,Standard,0
0,Tapis de vache,Standard,0.0700,Tapis de vache,80.092325,1750,0,False,False,Tapis de vache,4000,1000,2000,1000,0,1.778,True,1000,True,3800,True,1,0,0,3.556,0.2,6.35,12.7,0,0,,,0,,True,True,False,False,False,False,True,300,True,2000,True,1,1,3.556,273,0,0,1000,350,True,3800,True,0,0,0,0,-1,-1,-1,False,False,0,0,1,300,0.5,1,0.021,635,False,3000,1000,0,0,0,30,1,False,50,0,0,0,5,30,3.556,0,2.1336,5,1000,1000,5,3.556,1000,1000,False,10,3,50,5,3.556,0.5334,1000,1,1,1,1,1,Standard,0
0,Tapis de vache,Standard,0.0800,Tapis de vache,80.092325,1750,0,False,False,Tapis de vache,4000,1000,2000,1000,0,2.032,True,1000,True,3800,True,1,0,0,3.556,0.2,6.35,12.7,0,0,,,0,,True,True,False,False,False,False,True,300,True,2000,True,1,1,3.556,273,0,0,1000,350,True,3800,True,0,0,0,0,-1,-1,-1,False,False,0,0,1,300,0.5,1,0.021,635,True,3048,2032,3.175,3.175,5,30,1,False,50,0,0,0,5,30,3.556,0,2.1336,5,1000,1000,5,3.556,1000,1000,False,10,3,50,5,3.556,0.5334,1000,1,1,1,1,1,Standard,0
0,Tapis de vache,Standard,0.1250,Tapis de vache,80.092325,1750,0,False,False,Tapis de vache,4000,1000,2000,1000,0,3.175,True,1000,True,3800,True,1,0,0,3.556,0.7111999999999999,6.35,12.7,0,0,,,0,,True,True,False,False,False,False,True,300,True,2000,True,1,1,3.556,273,0,0,1000,350,True,3800,True,0,0,0,0,-1,-1,-1,False,False,0,0,1,300,0.5,1,0.0375,6858,True,3048,2032,3,3,5,30,1.016,False,50,0,0,0,5,30,3.556,0,3.81,5,1000,1000,5,3.556,1000,1000,False,10,3,50,5,3.556,0.9525,1000,1,1,1,1,1,Standard,0
0,Tapis de vache,Standard,0.1875,Tapis de vache,80.092325,1750,0,False,False,Tapis de vache,4000,1000,2000,1000,0,4.7625,True,1000,True,3800,True,1,0,0,3.556,0.889,6.35,12.7,0,0,,,0,,True,True,False,False,False,False,True,300,True,2000,True,1,1,3.556,273,0,0,1000,350,True,3800,True,0,0,0,0,-1,-1,-1,False,False,0,0,1,300,0.5,1,0.05625,762,True,762,508,12.7,12.7,0,30,1.016,False,50,0,0,0,5,30,3.556,0,5.715,5,1000,1000,5,3.556,1000,1000,False,10,3,50,5,3.556,1.42875,1000,1,1,1,1,1,Standard,0
0,Tapis de vache,Standard,0.2500,Tapis de vache,80.092325,1750,0,False,False,Tapis de vache,4000,1000,2000,1000,0,6.35,True,1000,True,3800,True,1,0,0,3.556,0.508,6.35,12.7,0,0,,,0,,True,True,False,False,False,False,True,300,True,2000,True,1,1,3.556,273,0,0,1000,350,True,3800,True,0,0,0,0,-1,-1,-1,False,False,0,0,1,300,0.5,1,0.01875,3810,True,3048,2032,3.175,3.175,6,30,1.016,False,50,0,0,0,5,30,3.556,0,1.905,5,1000,1000,5,3.556,1000,1000,False,10,3,50,5,3.556,0.47625,1000,1,1,1,1,1,Standard,0
0,Tapis de vache,Standard,0.3125,Tapis de vache,80.092325,1750,0,False,False,Tapis de vache,4000,1000,2000,1000,0,7.9375,True,1000,True,3800,True,1,0,0,3.556,0.508,6.35,12.7,0,0,,,0,,True,True,False,False,False,False,True,300,True,2000,True,1,1,3.556,273,0,0,1000,350,True,3800,True,0,0,0,0,-1,-1,-1,False,False,0,0,1,300,0.5,1,0.01875,3810,False,3000,1000,0,0,0,30,1,False,50,0,0,0,5,30,3.556,0,1.905,5,1000,1000,5,3.556,1000,1000,False,10,3,50,5,3.556,0.47625,1000,1,1,1,1,1,Standard,0
0,Tapis de vache,Standard,0.3750,Tapis de vache,80.092325,1750,0,False,False,Tapis de vache,4000,1000,2000,1000,0,9.524999999999999,True,1000,True,3800,True,1,0,0,3.556,0.38099999999999995,6.35,12.7,0,0,,,0,,True,True,False,False,False,False,True,300,True,2000,True,1,1,3.556,273,0,0,1000,350,True,3800,True,0,0,0,0,-1,-1,-1,False,False,0,0,1,300,0.5,1,0.01875,3810,False,3000,1000,0,0,0,30,1,False,50,0,0,0,5,30,3.556,0,1.905,5,1000,1000,5,3.556,1000,1000,False,10,3,50,5,3.556,0.47625,1000,1,1,1,1,1,Standard,0
0,Tapis de vache,Standard,0.5000,Tapis de vache,80.092325,1750,0,False,False,Tapis de vache,4000,1000,2000,1000,0,12.7,True,1000,True,3800,True,1,0,0,3.556,0.889,6.35,12.7,0,0,,,0,,True,True,False,False,False,False,True,300,True,2000,True,1,1,3.556,273,0,0,1000,350,True,3800,True,0,0,0,0,-1,-1,-1,False,False,0,0,1,300,0.5,1,0.15,1905,True,2032,1016,3,3,0,30,1,False,50,0,0,0,5,30,3.556,0,15.24,5,1000,1000,5,3.556,1000,1000,False,10,3,50,5,3.556,3.81,1000,1,1,1,1,1,Standard,0
0,Tapis de vache,Standard,0.7500,Tapis de vache,80.092325,1750,0,False,False,Tapis de vache,4000,1000,2000,1000,0,19.049999999999997,True,1000,True,3800,True,1,0,0,3.556,0.889,6.35,12.7,0,0,,,0,,True,True,False,False,False,False,True,300,True,2000,True,2,1,3.556,273,0,0,1000,350,True,3800,True,0,0,0,0,-1,-1,-1,False,False,0,0,1,300,0.5,1,0.15,1905,False,3000,1000,0,0,0,30,1,False,50,0,0,0,5,30,3.556,0,15.24,5,1000,1000,5,3.556,1000,1000,False,10,3,50,5,3.556,3.81,1000,1,1,1,1,1,Standard,0
0,Tapis de vache,Standard,0.8750,Tapis de vache,80.092325,1750,0,False,False,Tapis de vache,4000,1000,2000,1000,0,22.225,True,1000,True,3800,True,1,0,0,3.556,0.2,6.35,12.7,0,0,,,0,,True,True,False,False,False,False,True,300,True,2000,True,1,1,3.556,273,0,0,1000,350,True,3800,True,0,0,0,0,-1,-1,-1,False,False,0,0,1,300,0.5,1,0.2625,1905,False,3000,1000,0,0,0,30,1,False,50,0,0,0,5,30,3.556,0,26.67,5,1000,1000,5,3.556,1000,1000,False,10,3,50,5,3.556,6.6675,1000,1,1,1,1,1,Standard,0
0,Tapis de vache,Standard,1.0000,Tapis de vache,80.092325,1750,0,False,False,Tapis de vache,4000,1000,2000,1000,0,25.4,True,1000,True,3800,True,1,0,0,3.556,1.016,6.35,12.7,0,0,,,0,,True,True,False,False,False,False,True,300,True,2000,True,1,1,3.556,273,0,0,1000,350,True,3800,True,0,0,0,0,-1,-1,-1,False,False,0,0,1,300,0.5,1,0.01875,3810,False,3000,1000,0,0,0,30,1,False,50,0,0,0,5,30,3.556,0,1.905,5,1000,1000,5,3.556,1000,1000,False,10,3,50,5,3.556,0.47625,1000,1,1,1,1,1,Standard,0
0,Tapis de vache,Standard,1.2500,Tapis de vache,80.092325,1750,0,False,False,Tapis de vache,4000,1000,2000,1000,0,31.75,True,1000,True,3800,True,1,0,0,3.556,0.3302,6.35,12.7,0,0,,,0,,True,True,False,False,False,False,True,300,True,2000,True,1,1,3.556,273,0,0,1000,350,True,3800,True,0,0,0,0,-1,-1,-1,False,False,0,0,1,300,0.5,1,0.01875,3810,False,3000,1000,0,0,0,30,1,False,50,0,0,0,5,30,3.556,0,1.905,5,1000,1000,5,3.556,1000,1000,False,10,3,50,5,3.556,0.47625,1000,1,1,1,1,1,Standard,0
0,Tapis de vache,Standard,2.0000,Tapis de vache,80.092325,1750,0,False,False,Tapis de vache,4000,1000,2000,1000,0,50.8,True,1000,True,3800,True,1,0,0,3.556,1.5239999999999998,6.35,12.7,0,0,,,0,,True,True,False,False,False,False,True,300,True,2000,True,1,1,3.556,273,0,0,1000,350,True,3800,True,0,0,0,0,-1,-1,-1,False,False,0,0,1,300,0.5,1,0.01875,3810,False,3000,1000,0,0,0,30,1,False,50,0,0,0,5,30,3.556,0,1.905,5,1000,1000,5,3.556,1000,1000,False,10,3,50,5,3.556,0.47625,1000,1,1,1,1,1,Standard,0
0,Tapis de vache,Standard,2.2500,Tapis de vache,80.092325,1750,0,False,False,Tapis de vache,4000,1000,2000,1000,0,57.15,True,1000,True,3800,True,1,0,0,3.556,1.5239999999999998,6.35,12.7,0,0,,,0,,True,True,False,False,False,False,True,300,True,2000,True,1,1,3.556,273,0,0,1000,350,True,3800,True,0,0,0,0,-1,-1,-1,False,False,0,0,1,300,0.5,1,0.01875,3810,False,3000,1000,0,0,0,30,1,False,50,0,0,0,5,30,3.556,0,1.905,5,1000,1000,5,3.556,1000,1000,False,10,3,50,5,3.556,0.47625,1000,1,1,1,1,1,Standard,0
0,TEFLON,Standard,0.0630,TEFLON,2199.9757504809327,400,0,False,False,TEFLON,4000,1000,2000,1000,0,1.6002,True,1000,True,3800,True,1,0,0,1.3999971999999998,0.889,6.35,12.7,0,0,,,0,,True,False,False,False,False,False,True,300,True,3800,True,2,1,1.3999971999999998,273,0,0,1000,350,True,3800,True,0,0,0,0,-1,-1,-1,False,False,0,0,1,300,5,1,0.0189,1000,False,3000,1000,0,0,0,30,1,False,50,0,0,0,5,30,1.3999971999999998,0,1.92024,5,1000,1000,5,1.3999971999999998,1000,1000,False,10,3,50,5,1.3999971999999998,0.48006,1000,1,1,1,1,1,Standard,0
0,TEFLON,Standard,0.0740,TEFLON,2199.9757504809327,400,0,False,False,TEFLON,4000,1000,2000,1000,0,1.8796,True,1000,True,3800,True,1,0,0,1.3999971999999998,0.2,6.35,12.7,0,0,,,0,,True,False,False,False,False,False,True,300,True,3800,True,2,1,1.3999971999999998,273,0,0,1000,350,True,3800,True,0,0,0,0,-1,-1,-1,False,False,0,0,1,300,5,1,0.0222,1000,False,3000,1000,0,0,0,30,1,False,50,0,0,0,5,30,1.3999971999999998,0,2.25552,5,1000,1000,5,1.3999971999999998,1000,1000,False,10,3,50,5,1.3999971999999998,0.56388,1000,1,1,1,1,1,Standard,0
0,TEFLON,Standard,0.0980,TEFLON,2199.9757504809327,400,0,False,False,TEFLON,4000,1000,2000,1000,0,2.4892,True,1000,True,3800,True,1,0,0,1.3999971999999998,0.2,6.35,12.7,0,0,,,0,,True,False,False,False,False,False,True,300,True,3800,True,1,1,1.3999971999999998,273,0,0,1000,350,True,3800,True,0,0,0,0,-1,-1,-1,False,False,0,0,1,300,5,1,0.0294,1000,False,3000,1000,0,0,0,30,1,False,50,0,0,0,5,30,1.3999971999999998,0,2.98704,5,1000,1000,5,1.3999971999999998,1000,1000,False,10,3,50,5,1.3999971999999998,0.74676,1000,1,1,1,1,1,Standard,0
0,TEFLON,Standard,0.1000,TEFLON,2199.9757504809327,400,0,False,False,TEFLON,4000,1000,2000,1000,0,2.54,True,1000,True,3800,True,1,0,0,1.3999971999999998,0.2,6.35,12.7,0,0,,,0,,True,False,False,False,False,False,True,300,True,3800,True,3,1,1.3999971999999998,273,0,0,1000,350,True,3800,True,0,0,0,0,-1,-1,-1,False,False,0,0,1,300,5,1,0.03,1000,False,3000,1000,0,0,0,30,1,False,50,0,0,0,5,30,1.3999971999999998,0,3.048,5,1000,1000,5,1.3999971999999998,1000,1000,False,10,3,50,5,1.3999971999999998,0.762,1000,1,1,1,1,1,Standard,0
0,TEFLON,Standard,0.1250,TEFLON,2199.9757504809327,400,0,False,False,TEFLON,4000,1000,2000,1000,0,3.175,True,1000,True,3800,True,1,0,0,1.3999971999999998,0.889,4.7752,12.7,0,0,,,0,,True,False,False,False,False,False,True,300,True,3800,True,6,3,1.3999971999999998,273,0,0,1000,350,True,3800,True,0,0,0,0,-1,-1,-1,False,False,0,0,1,300,5,1,0.042,1000,False,3000,1000,0,0,0,30,1,False,50,0,0,0,5,30,1.3999971999999998,0,4.2672,5,1000,1000,5,1.3999971999999998,1000,1000,False,10,3,50,5,1.3999971999999998,1.0668,1000,1,1,1,1,1,Standard,0
0,TEFLON,Standard,0.1400,TEFLON,2199.9757504809327,400,0,False,False,TEFLON,4000,1000,2000,1000,0,3.556,True,1000,True,3800,True,1,0,0,1.3999971999999998,0.2,2.54,12.7,0,0,,,0,,True,False,False,False,False,False,True,300,True,3800,True,6,3,1.3999971999999998,273,0,0,1000,350,True,3800,True,0,0,0,0,-1,-1,-1,False,False,0,0,1,300,5,1,0.042,1000,False,3000,1000,0,0,0,30,1,False,50,0,0,0,5,30,1.3999971999999998,0,4.2672,5,1000,1000,5,1.3999971999999998,1000,1000,False,10,3,50,5,1.3999971999999998,1.0668,1000,1,1,1,1,1,Standard,0
0,TEFLON,Standard,0.1870,TEFLON,2199.9757504809327,400,0,False,False,TEFLON,4000,1000,2000,1000,0,4.7498,True,1000,True,3800,True,1,0,0,1.3999971999999998,0.889,3.8099999999999996,12.7,0,0,,,0,,True,False,False,False,False,False,True,300,True,3800,True,4,2,1.3999971999999998,273,0,0,1000,350,True,3800,True,0,0,0,0,-1,-1,-1,False,False,0,0,1,300,5,1,0.0561,1000,False,3000,1000,0,0,0,30,1,False,50,0,0,0,5,30,1.3999971999999998,0,5.69976,5,1000,1000,5,1.3999971999999998,1000,1000,False,10,3,50,5,1.3999971999999998,1.42494,1000,1,1,1,1,1,Standard,0
0,TEFLON,Standard,0.2500,TEFLON,2199.9757504809327,400,0,False,False,TEFLON,4000,1000,2000,1000,0,6.35,True,1000,True,3800,True,1,0,0,1.3999971999999998,1.016,3.8099999999999996,12.7,0,0,,,0,,True,False,False,False,False,False,True,300,True,3800,True,4,2,1.3999971999999998,273,0,0,1000,350,True,3800,True,0,0,0,0,-1,-1,-1,False,False,0,0,1,300,5,1,0.075,1000,False,3000,1000,0,0,0,30,1,False,50,0,0,0,5,30,1.3999971999999998,0,7.62,5,1000,1000,5,1.3999971999999998,1000,1000,False,10,3,50,5,1.3999971999999998,1.905,1000,1,1,1,1,1,Standard,0
0,TEFLON,Standard,0.3120,TEFLON,2199.9757504809327,400,0,False,False,TEFLON,4000,1000,2000,1000,0,7.9248,True,1000,True,3800,True,1,0,0,1.3999971999999998,0.2,6.35,12.7,0,0,,,0,,True,False,False,False,False,False,True,300,True,3800,True,8,4,1.3999971999999998,273,0,0,1000,350,True,3800,True,0,0,0,0,-1,-1,-1,False,False,0,0,1,300,5,1,0.0936,1000,False,3000,1000,0,0,0,30,1,False,50,0,0,0,5,30,1.3999971999999998,0,9.50976,5,1000,1000,5,1.3999971999999998,1000,1000,False,10,3,50,5,1.3999971999999998,2.37744,1000,1,1,1,1,1,Standard,0
0,TEFLON,Standard,0.3150,TEFLON,2199.9757504809327,400,0,False,False,TEFLON,4000,1000,2000,1000,0,8.001,True,1000,True,3800,True,1,0,0,1.3999971999999998,0.2,6.35,12.7,0,0,,,0,,True,False,False,False,False,False,True,300,True,3800,True,8,4,1.3999971999999998,273,0,0,1000,350,True,3800,True,0,0,0,0,-1,-1,-1,False,False,0,0,1,300,5,1,0.0945,1000,False,3000,1000,0,0,0,30,1,False,50,0,0,0,5,30,1.3999971999999998,0,9.6012,5,1000,1000,5,1.3999971999999998,1000,1000,False,10,3,50,5,1.3999971999999998,2.4003,1000,1,1,1,1,1,Standard,0
0,TEFLON,Standard,0.3750,TEFLON,2199.9757504809327,400,0,False,False,TEFLON,4000,1000,2000,1000,0,9.525,True,1000,True,3800,True,1,0,0,1.3999971999999998,0.2,6.35,12.7,0,0,,,0,,True,False,False,False,False,False,True,300,True,3800,True,2,1,1.3999971999999998,273,0,0,914.4,350,True,3800,True,0,0,0,0,-1,-1,-1,False,False,0,0,1,300,5,1,0.1125,1000,False,3000,1000,0,0,0,30,1.016,False,50,0,0,0,5,30,1.3999971999999998,0,11.43,5,1000,1000,5,1.3999971999999998,1000,1000,False,10,3,50,5,1.3999971999999998,2.8575,1000,1,1,1,1,1,Standard,0
0,TEFLON,Standard,0.5000,TEFLON,2199.9757504809327,400,0,False,False,TEFLON,4000,1000,2000,1000,0,12.7,True,1000,True,3800,True,1,0,0,1.3999971999999998,0.45719999999999994,6.35,12.7,0,0,,,0,,True,False,False,False,False,False,True,300,True,3800,True,15,7,1.3999971999999998,273,0,0,660.4,350,True,3800,True,0,-0.973934436601145,0,0,-0.3437705518714733,-1,-1,False,False,0,0,1,300,5,1,0.15,1000,False,3000,1000,0,0,0,30,1.016,False,50,0,0,0,5,30,1.3999971999999998,0,15.24,5,1000,1000,5,1.3999971999999998,1000,1000,False,10,3,50,5,1.3999971999999998,3.81,1000,1,1,1,1,1,Standard,0
0,TEFLON,Standard,0.5350,TEFLON,2199.9757504809327,400,0,False,False,TEFLON,4000,1000,2000,1000,0,13.589,True,1000,True,3800,True,1,0,0,1.3999971999999998,0.2,6.35,12.7,0,0,,,0,,True,False,False,False,False,False,True,300,True,3800,True,15,7,1.3999971999999998,273,0,0,660.4,350,True,3800,True,0,0,0,0,-1,-1,-1,False,False,0,0,1,300,5,1,0.15,1000,False,3000,1000,0,0,0,30,1.016,False,50,0,0,0,5,30,1.3999971999999998,0,15.24,5,1000,1000,5,1.3999971999999998,1000,1000,False,10,3,50,5,1.3999971999999998,3.81,1000,1,1,1,1,1,Standard,0
0,TEFLON,Standard,0.6250,TEFLON,2199.9757504809327,400,0,False,False,TEFLON,4000,1000,2000,1000,0,15.875,True,1000,True,3800,True,1,0,0,1.3999971999999998,0.2,6.35,12.7,0,0,,,0,,True,False,False,False,False,False,True,300,True,3800,True,15,7,1.3999971999999998,273,0,0,1000,350,True,3800,True,0,0,0,0,-1,-1,-1,False,False,0,0,1,300,5,1,0.1875,1000,False,3000,1000,0,0,0,30,1,False,50,0,0,0,5,30,1.3999971999999998,0,19.05,5,1000,1000,5,1.3999971999999998,1000,1000,False,10,3,50,5,1.3999971999999998,4.7625,1000,1,1,1,1,1,Standard,0
0,TEFLON,Standard,0.6300,TEFLON,2199.9757504809327,400,0,False,False,TEFLON,4000,1000,2000,1000,0,16.002,True,1000,True,3800,True,1,0,0,1.3999971999999998,0.2,6.35,12.7,0,0,,,0,,True,False,False,False,False,False,True,300,True,3800,True,20,10,1.3999971999999998,273,0,0,1000,350,True,3800,True,0,0,0,0,-1,-1,-1,False,False,0,0,1,300,5,1,0.189,1000,False,3000,1000,0,0,0,30,1,False,50,0,0,0,5,30,1.3999971999999998,0,19.2024,5,1000,1000,5,1.3999971999999998,1000,1000,False,10,3,50,5,1.3999971999999998,4.8006,1000,1,1,1,1,1,Standard,0
0,TEFLON,Standard,0.6896,TEFLON,2199.9757504809327,400,0,False,False,TEFLON,4000,1000,2000,1000,0,17.51584,True,1000,True,3800,True,1,0,0,1.3999971999999998,0.2,6.35,12.7,0,0,,,0,,True,False,False,False,False,False,True,300,True,3800,True,25,12,1.3999971999999998,273,0,0,1000,350,True,3800,True,0,0,0,0,-1,-1,-1,False,False,0,0,1,300,5,1,0.20688,1000,False,3000,1000,0,0,0,30,1,False,50,0,0,0,5,30,1.3999971999999998,0,21.019008,5,1000,1000,5,1.3999971999999998,1000,1000,False,10,3,50,5,1.3999971999999998,5.254752,1000,1,1,1,1,1,Standard,0
0,TEFLON,Standard,0.7500,TEFLON,2199.9757504809327,400,0,False,False,TEFLON,4000,1000,2000,1000,0,19.05,True,1000,True,3800,True,1,0,0,1.3999971999999998,1.016,6.35,12.7,0,0,,,0,,True,False,False,False,False,False,True,300,True,3800,True,10,5,1.3999971999999998,273,0,0,406.4,350,True,3800,True,0,0,0,0,-1,-1,-1,False,False,0,0,1,300,5,1,0.225,1000,False,3000,1000,0,0,0,30,1.016,False,50,0,0,0,5,30,1.3999971999999998,0,22.86,5,1000,1000,5,1.3999971999999998,1000,1000,False,10,3,50,5,1.3999971999999998,5.715,1000,1,1,1,1,1,Standard,0
0,TEFLON,Standard,0.8750,TEFLON,2199.9757504809327,400,0,False,False,TEFLON,4000,1000,2000,1000,0,22.225,True,1000,True,3800,True,1,0,0,1.3999971999999998,0.2,6.35,12.7,0,0,,,0,,True,False,False,False,False,False,True,300,True,3800,True,10,5,1.3999971999999998,273,0,0,1000,350,True,3800,True,0,0,0,0,-1,-1,-1,False,False,0,0,1,300,5,1,0.2625,1000,False,3000,1000,0,0,0,30,1,False,50,0,0,0,5,30,1.3999971999999998,0,26.67,5,1000,1000,5,1.3999971999999998,1000,1000,False,10,3,50,5,1.3999971999999998,6.6675,1000,1,1,1,1,1,Standard,0
0,TEFLON,Standard,1.0000,TEFLON,2199.9757504809327,400,0,False,False,TEFLON,4000,1000,2000,1000,0,25.4,True,1000,True,3800,True,1,0,0,1.3999971999999998,1.1429999999999998,6.35,12.7,0,0,,,0,,True,False,False,False,False,False,True,300,True,3800,True,30,15,1.3999971999999998,273,0,0,279.4,350,True,3800,True,0,0,0,0,-1,-1,-1,False,False,0,0,1,300,5,1,0.3,1000,False,3000,1000,0,0,0,30,1.016,False,50,0,0,0,5,30,1.3999971999999998,0,30.48,5,1000,1000,5,1.3999971999999998,1000,1000,False,10,3,50,5,1.3999971999999998,7.62,1000,1,1,1,1,1,Standard,0
0,TEFLON,Standard,1.2500,TEFLON,2199.9757504809327,400,0,False,False,TEFLON,4000,1000,2000,1000,0,31.75,True,1000,True,3800,True,1,0,0,1.3999971999999998,0.2,6.35,12.7,0,0,,,0,,True,False,False,False,False,False,True,300,True,3800,True,35,17,1.3999971999999998,273,0,0,228.6,350,True,3800,True,0,0,0,0,-1,-1,-1,False,False,0,0,1,300,5,1,0.375,1000,False,3000,1000,0,0,0,30,1.016,False,50,0,0,0,5,30,1.3999971999999998,0,38.1,5,1000,1000,5,1.3999971999999998,1000,1000,False,10,3,50,5,1.3999971999999998,9.525,1000,1,1,1,1,1,Standard,0
0,TEFLON,Standard,1.5000,TEFLON,2199.9757504809327,400,0,False,False,TEFLON,4000,1000,2000,1000,0,38.1,True,1000,True,3800,True,1,0,0,1.3999971999999998,0.2,6.35,12.7,0,0,,,0,,True,False,False,False,False,False,True,300,True,3800,True,40,20,1.3999971999999998,273,0,0,177.79999999999998,350,True,3800,True,0,0,0,0,-1,-1,-1,False,False,0,0,1,300,5,1,0.45,1000,False,3000,1000,0,0,0,30,1.016,False,50,0,0,0,5,30,1.3999971999999998,0,45.72,5,1000,1000,20,1.3999971999999998,1000,800,False,10,3,50,5,1.3999971999999998,11.43,1000,1,1,1,1,1,Standard,0
0,TEFLON,Standard,1.7500,TEFLON,2199.9757504809327,400,0,False,False,TEFLON,4000,1000,2000,1000,0,44.45,True,1000,True,3800,True,1,0,0,1.3999971999999998,0.2,6.35,12.7,0,0,,,0,,True,False,False,False,False,False,True,300,True,3800,True,45,22,1.3999971999999998,273,0,0,1000,350,True,3800,True,0,0,0,0,-1,-1,-1,False,False,0,0,1,300,5,1,0.525,1000,False,3000,1000,0,0,0,30,1,False,50,0,0,0,5,30,1.3999971999999998,0,53.34,5,1000,1000,5,1.3999971999999998,1000,1000,False,10,3,50,5,1.3999971999999998,13.335,1000,1,1,1,1,1,Standard,0
0,TEFLON,Standard,2.0000,TEFLON,2199.9757504809327,400,0,False,False,TEFLON,4000,1000,2000,1000,0,50.8,True,1000,True,3800,True,1,0,0,1.3999971999999998,0.2,6.35,12.7,0,0,,,0,,True,False,False,False,False,False,True,300,True,3800,True,50,25,1.3999971999999998,273,0,0,127,350,True,3800,True,0,0,0,0,-1,-1,-1,False,False,0,0,1,300,5,1,0.6,1000,False,3000,1000,0,0,0,30,1.016,False,50,0,0,0,5,30,1.3999971999999998,0,60.96,5,1000,1000,20,1.3999971999999998,1000,1000,False,10,3,50,5,1.3999971999999998,15.24,1000,1,1,1,1,1,Standard,0
0,TEFLON,Standard,2.5000,TEFLON,2199.9757504809327,400,0,False,False,TEFLON,4000,1000,2000,1000,0,63.5,True,1000,True,3800,True,1,0,0,1.3999971999999998,0.2,6.35,12.7,0,0,,,0,,True,False,False,False,False,False,True,300,True,3800,True,55,27,1.3999971999999998,273,0,0,101.6,350,True,3800,True,0,0,0,0,-1,-1,-1,False,False,0,0,1,300,5,1,0.75,1000,False,3000,1000,0,0,0,30,1.016,False,50,0,0,0,5,30,1.3999971999999998,0,76.2,5,1000,1000,5,1.3999971999999998,1000,1000,False,10,3,50,5,1.3999971999999998,19.05,1000,1,1,1,1,1,Standard,0
0,TEFLON,Standard,2.7500,TEFLON,2199.9757504809327,400,0,False,False,TEFLON,4000,1000,2000,1000,0,69.85,True,1000,True,3800,True,1,0,0,1.3999971999999998,0.2,6.35,12.7,0,0,,,0,,True,False,False,False,False,False,True,300,True,3800,True,2,1,1.3999971999999998,273,0,0,1000,350,True,3800,True,0,0,0,0,-1,-1,-1,False,False,0,0,1,300,5,1,0.825,1000,False,3000,1000,0,0,0,30,1,False,50,0,0,0,5,30,1.3999971999999998,0,83.82,5,1000,1000,5,1.3999971999999998,1000,1000,False,10,3,50,5,1.3999971999999998,20.955,1000,1,1,1,1,1,Standard,0
0,TEFLON,Standard,3.0000,TEFLON,2199.9757504809327,400,0,False,False,TEFLON,4000,1000,2000,1000,0,76.2,True,1000,True,3800,True,1,0,0,1.3999971999999998,0.2,6.35,12.7,0,0,,,0,,True,False,False,False,False,False,True,300,True,3800,True,60,30,1.3999971999999998,273,0,0,76.19999999999999,350,True,3800,True,0,0,0,0,-1,-1,-1,False,False,0,0,1,300,5,1,0.9,1000,False,3000,1000,0,0,0,30,1.016,False,50,0,0,0,5,30,1.3999971999999998,0,91.44,5,1000,1000,5,1.3999971999999998,1000,1000,False,10,3,50,5,1.3999971999999998,22.86,1000,1,1,1,1,1,Standard,0
0,TEFLON,Standard,3.5000,TEFLON,2199.9757504809327,400,0,False,False,TEFLON,4000,1000,2000,1000,0,88.9,True,1000,True,3800,True,1,0,0,1.3999971999999998,0.2,6.35,12.7,0,0,,,0,,True,False,False,False,False,False,True,300,True,3800,True,60,30,1.3999971999999998,273,0,0,1000,350,True,3800,True,0,0,0,0,-1,-1,-1,False,False,0,0,1,300,5,1,1.05,1000,False,3000,1000,0,0,0,30,1,False,50,0,0,0,5,30,1.3999971999999998,0,106.68,5,1000,1000,5,1.3999971999999998,1000,1000,False,10,3,50,5,1.3999971999999998,26.67,1000,1,1,1,1,1,Standard,0
0,TEFLON,Standard,4.0000,TEFLON,2199.9757504809327,400,0,False,False,TEFLON,4000,1000,2000,1000,0,101.6,True,1000,True,3800,True,1,0,0,1.3999971999999998,0.2,6.35,12.7,0,0,,,0,,True,False,False,False,False,False,True,300,True,3800,True,60,30,1.3999971999999998,273,0,0,1000,350,True,3800,True,0,0,0,0,-1,-1,-1,False,False,0,0,1,300,5,1,1.2,1000,False,3000,1000,0,0,0,30,1,False,50,0,0,0,5,30,1.3999971999999998,0,121.92,5,1000,1000,5,1.3999971999999998,1000,1000,False,10,3,50,5,1.3999971999999998,30.48,1000,1,1,1,1,1,Standard,0
0,Titanium,Standard,0.0300,Titanium,4500.020242,100,0,False,False,Titanium,5000,1000,2000,1000,0,0.7619999999999999,True,1000,True,3800,True,1,0,0,1.3999971999999998,0.38099999999999995,6.35,12.7,0,0,,,0,,True,False,False,False,False,False,True,300,True,3800,True,2,1,1.3999971999999998,273,0,0,238.76,350,True,3800,True,0,-5.890626416204093,0,0,-3.6329507394882192,-1,-1,False,False,0,0,1,300,5,1,0.0189,1000,False,3000,1000,0,0,0,30,1.016,False,50,0,0,0,5,30,1.3999971999999998,0,1.92024,5,1000,1000,5,1.3999971999999998,1000,1000,False,10,3,50,5,1.3999971999999998,0.48006,1000,1,1,1,1,1,Standard,1
0,Titanium,Standard,0.0630,Titanium,4500.020242,100,0,False,False,Titanium,5000,1000,2000,1000,0,1.6002,True,1000,True,3800,True,1,0,0,1.3999971999999998,0.508,6.35,12.7,0,0,,,0,,True,False,False,False,False,False,True,300,True,3800,True,2,1,1.3999971999999998,273,0,0,238.76,350,True,3800,True,0,-5.890626416204093,0,0,-3.6329507394882192,-1,-1,False,False,0,0,1,300,5,1,0.0189,1000,False,3000,1000,0,0,0,30,1.016,False,50,0,0,0,5,30,1.3999971999999998,0,1.92024,5,1000,1000,5,1.3999971999999998,1000,1000,False,10,3,50,5,1.3999971999999998,0.48006,1000,1,1,1,1,1,Standard,1
0,Titanium,Standard,0.1250,Titanium,4500.020242,100,0,False,False,Titanium,5000,1000,2000,1000,0,3.175,True,1000,True,3800,True,1,0,0,1.3999971999999998,0.7111999999999999,6.35,12.7,0,0,,,0,,True,False,False,False,False,False,True,300,True,3800,True,3,1,1.3999971999999998,273,0,0,109.21999999999998,350,True,3800,True,0,-5.710593137499642,0,0,-3.433630362450524,-1,-1,False,False,0,0,1,300,5,1,0.0375,1000,False,3000,1000,0,0,0,30,1.016,False,50,0,0,0,5,30,1.3999971999999998,0,3.81,5,1000,1000,5,1.3999971999999998,1000,1000,False,10,3,50,5,1.3999971999999998,0.9525,1000,1,1,1,1,1,Standard,1
0,Titanium,Standard,0.1870,Titanium,4500.020242,100,0,False,False,Titanium,5000,1000,2000,1000,0,4.7498,True,1000,True,3800,True,1,0,0,1.3999971999999998,0.7111999999999999,6.35,12.7,0,0,,,0,,True,False,False,False,False,False,True,300,True,3800,True,4,2,1.3999971999999998,273,0,0,68.58,350,True,3800,True,0,-4.129162870403211,0,0,-2.449662620127041,-1,-1,False,False,0,0,1,300,5,1,0.0561,1000,False,3000,1000,0,0,0,30,1.016,False,50,0,0,0,5,30,1.3999971999999998,0,5.69976,5,1000,1000,5,1.3999971999999998,1000,1000,False,10,3,50,5,1.3999971999999998,1.42494,1000,1,1,1,1,1,Standard,1
0,Titanium,Standard,0.2500,Titanium,4500.020242,100,0,False,False,Titanium,5000,1000,2000,1000,0,6.35,True,1000,True,3800,True,1,0,0,1.3999971999999998,0.2,6.35,12.7,0,0,,,0,,True,False,False,False,False,False,True,300,True,3800,True,6,3,1.3999971999999998,273,0,0,48.26,350,True,3800,True,0,-3.0909700035405043,0,0,-1.8328395059420577,-1,-1,False,False,0,0,1,300,5,1,0.075,1000,False,3000,1000,0,0,0,30,1.016,False,50,0,0,0,5,30,1.3999971999999998,0,7.62,5,1000,1000,5,1.3999971999999998,1000,1000,False,10,3,50,5,1.3999971999999998,1.905,1000,1,1,1,1,1,Standard,1
0,Titanium,Standard,0.3750,Titanium,4500.020242,100,0,False,False,Titanium,5000,1000,2000,1000,0,9.525,True,1000,True,3800,True,1,0,0,1.3999971999999998,0.2,6.35,12.7,0,0,,,0,,True,False,False,False,False,False,True,300,True,3800,True,10,5,1.3999971999999998,273,0,0,30.479999999999997,350,True,3800,True,0,-2.0617576907585415,0,0,-1.2221245846153128,-1,-1,False,False,0,0,1,300,5,1,0.1125,1000,False,3000,1000,0,0,0,30,1.016,False,50,0,0,0,5,30,1.3999971999999998,0,11.43,5,1000,1000,5,1.3999971999999998,1000,1000,False,10,3,50,5,1.3999971999999998,2.8575,1000,1,1,1,1,1,Standard,1
0,Titanium,Standard,0.5000,Titanium,4500.020242,100,0,False,False,Titanium,5000,1000,2000,1000,0,12.7,True,1000,True,3800,True,1,0,0,1.3999971999999998,0,6.35,12.7,0,0,,,0,,True,False,False,False,False,False,True,300,True,3800,True,12,6,1.3999971999999998,273,0,0,22.098,350,True,3800,True,0,-1.54661029358463,0,0,-0.916654256385287,-1,-1,False,False,0,0,1,300,5,1,0.15,1000,False,3000,1000,0,0,0,30,1.016,False,50,0,0,0,5,30,1.3999971999999998,0,15.24,5,1000,1000,5,1.3999971999999998,1000,1000,False,10,3,50,5,1.3999971999999998,3.81,1000,1,1,1,1,1,Standard,1
0,Titanium,Standard,0.6250,Titanium,4500.020242,100,0,False,False,Titanium,5000,1000,2000,1000,0,15.875,True,1000,True,3800,True,1,0,0,1.3999971999999998,0.2,6.35,12.7,0,0,,,0,,True,False,False,False,False,False,True,300,True,3800,True,20,10,1.3999971999999998,273,0,0,17.018,350,True,3800,True,0,-1.2373964215278548,0,0,-0.7333459290514626,-1,-1,False,False,0,0,1,300,5,1,0.1875,1000,False,3000,1000,0,0,0,30,1.016,False,50,0,0,0,5,30,1.3999971999999998,0,19.05,5,1000,1000,5,1.3999971999999998,1000,1000,False,10,3,50,5,1.3999971999999998,4.7625,1000,1,1,1,1,1,Standard,1
0,Titanium,Standard,0.7500,Titanium,4500.020242,100,0,False,False,Titanium,5000,1000,2000,1000,0,19.05,True,1000,True,3800,True,1,0,0,1.3999971999999998,0.2,6.35,12.7,0,0,,,0,,True,False,False,False,False,False,True,300,True,3800,True,20,10,1.3999971999999998,273,0,0,13.716,350,True,3800,True,0,-1.0312126698879533,0,0,-0.6111318044365194,-1,-1,False,False,0,0,1,300,5,1,0.225,1000,False,3000,1000,0,0,0,30,1.016,False,50,0,0,0,5,30,1.3999971999999998,0,22.86,5,1000,1000,5,1.3999971999999998,1000,1000,False,10,3,50,5,1.3999971999999998,5.715,1000,1,1,1,1,1,Standard,1
0,Titanium,Standard,1.0000,Titanium,4500.020242,100,0,False,False,Titanium,5000,1000,2000,1000,0,25.4,True,1000,True,3800,True,1,0,0,1.3999971999999998,0.2,6.35,12.7,0,0,,,0,,True,False,False,False,False,False,True,300,True,3800,True,25,12,1.3999971999999998,273,0,0,10.16,350,True,3800,True,0,-0.7734460388630937,0,0,-0.4583564580004311,-1,-1,False,False,0,0,1,300,5,1,0.3,1000,False,3000,1000,0,0,0,30,1.016,False,50,0,0,0,5,30,1.3999971999999998,0,30.48,5,1000,1000,5,1.3999971999999998,1000,1000,False,10,3,50,5,1.3999971999999998,7.62,1000,1,1,1,1,1,Standard,1
0,Titanium,Standard,2.0000,Titanium,4500.020242,100,0,False,False,Titanium,5000,1000,2000,1000,0,50.8,True,1000,True,3800,True,1,0,0,1.3999971999999998,0.2,6.35,12.7,0,0,,,0,,True,False,False,False,False,False,True,300,True,3800,True,25,12,1.3999971999999998,273,0,0,10.16,350,True,3800,True,0,-0.7734460388630937,0,0,-0.4583564580004311,-1,-1,False,False,0,0,1,300,5,1,0.3,1000,False,3000,1000,0,0,0,30,1.016,False,50,0,0,0,5,30,1.3999971999999998,0,30.48,5,1000,1000,5,1.3999971999999998,1000,1000,False,10,3,50,5,1.3999971999999998,7.62,1000,1,1,1,1,1,Standard,1
0,Titanium,Standard,2.5000,Titanium,4500.020242,100,0,False,False,Titanium,5000,1000,2000,1000,0,63.5,True,1000,True,3800,True,1,0,0,1.3999971999999998,0.2,6.35,12.7,0,0,,,0,,True,False,False,False,False,False,True,300,True,3800,True,25,12,1.3999971999999998,273,0,0,10.16,350,True,3800,True,0,-0.7734460388630937,0,0,-0.4583564580004311,-1,-1,False,False,0,0,1,300,5,1,0.3,1000,False,3000,1000,0,0,0,30,1.016,False,50,0,0,0,5,30,1.3999971999999998,0,30.48,5,1000,1000,5,1.3999971999999998,1000,1000,False,10,3,50,5,1.3999971999999998,7.62,1000,1,1,1,1,1,Standard,1
0,Titanium,Standard,4.0000,Titanium,4500.020242,100,0,False,False,Titanium,5000,1000,2000,1000,0,101.6,True,1000,True,3800,True,1,0,0,1.3999971999999998,0.2,6.35,12.7,0,0,,,0,,True,False,False,False,False,False,True,300,True,3800,True,25,12,1.3999971999999998,273,0,0,10.16,350,True,3800,True,0,-0.7734460388630937,0,0,-0.4583564580004311,-1,-1,False,False,0,0,1,300,5,1,0.3,1000,False,3000,1000,0,0,0,30,1.016,False,50,0,0,0,5,30,1.3999971999999998,0,30.48,5,1000,1000,5,1.3999971999999998,1000,1000,False,10,3,50,5,1.3999971999999998,7.62,1000,1,1,1,1,1,Standard,1
0,Tool Steel,Standard,0.0320,Tool Steel,8550.038144,55,0,False,False,Tool Steel,5000,1000,2000,1000,0,0.8128,True,1000,True,3800,True,1,0,0,1.3999971999999998,0.3048,6.35,12.7,0,0,,,0,,True,False,False,False,False,False,True,300,True,3800,True,1.5,1,1.3999971999999998,273,0,0,381,350,True,3800,True,0,0,0,0,-1,-1,-1,False,False,0,0,1,300,5,1,0.0201,1000,False,3000,1000,0,0,0,30,1.016,False,50,0,0,0,5,30,1.3999971999999998,0,2.04216,5,1000,1000,5,1.3999971999999998,1000,1000,False,10,3,50,5,1.3999971999999998,0.51054,1000,1,1,1,1,1,Standard,1
0,Tool Steel,Standard,0.0670,Tool Steel,8550.038144,55,0,False,False,Tool Steel,5000,1000,2000,1000,0,1.7018,True,1000,True,3800,True,1,0,0,1.3999971999999998,0.3048,6.35,12.7,0,0,,,0,,True,False,False,False,False,False,True,300,True,3800,True,1.5,1,1.3999971999999998,273,0,0,381,350,True,3800,True,0,0,0,0,-1,-1,-1,False,False,0,0,1,300,5,1,0.0201,1000,False,3000,1000,0,0,0,30,1.016,False,50,0,0,0,5,30,1.3999971999999998,0,2.04216,5,1000,1000,5,1.3999971999999998,1000,1000,False,10,3,50,5,1.3999971999999998,0.51054,1000,1,1,1,1,1,Standard,1
0,Tool Steel,Standard,0.1880,Tool Steel,8550.038144,55,0,False,False,Tool Steel,5000,1000,2000,1000,0,4.7752,True,1000,True,3800,True,1,0,0,1.3999971999999998,0.38099999999999995,6.35,12.7,0,0,,,0,,True,False,False,False,False,False,True,300,True,3800,True,1.5,1,1.3999971999999998,273,0,0,381,350,True,3800,True,0,0,0,0,-1,-1,-1,False,False,0,0,1,300,5,1,0.0201,1000,False,3000,1000,0,0,0,30,1.016,False,50,0,0,0,5,30,1.3999971999999998,0,2.04216,5,1000,1000,5,1.3999971999999998,1000,1000,False,10,3,50,5,1.3999971999999998,0.51054,1000,1,1,1,1,1,Standard,1
0,Tool Steel,Standard,0.2500,Tool Steel,8550.038144,55,0,False,False,Tool Steel,5000,1000,2000,1000,0,6.35,True,1000,True,3800,True,1,0,0,1.3999971999999998,0.3302,6.35,12.7,0,0,,,0,,True,False,False,False,False,False,True,300,True,3800,True,1.5,1,1.3999971999999998,273,0,0,381,350,True,3800,True,0,-3.0909700035405043,0,0,-1.8328395059420577,-1,-1,False,False,0,0,1,300,5,1,0.0201,1000,False,3000,1000,0,0,0,30,1.016,False,50,0,0,0,5,30,1.3999971999999998,0,2.04216,5,1000,1000,5,1.3999971999999998,1000,1000,False,10,3,50,5,1.3999971999999998,0.51054,1000,1,1,1,1,1,Standard,1
0,Tool Steel,Standard,0.2540,Tool Steel,8550.038144,55,0,False,False,Tool Steel,5000,1000,2000,1000,0,6.4516,True,1000,True,3800,True,1,0,0,1.3999971999999998,0.2,6.35,12.7,0,0,,,0,,True,False,False,False,False,False,True,300,True,3800,True,1.5,1,1.3999971999999998,273,0,0,381,350,True,3800,True,0,0,0,0,-1,-1,-1,False,False,0,0,1,300,5,1,0.0201,1000,False,3000,1000,0,0,0,30,1.016,False,50,0,0,0,5,30,1.3999971999999998,0,2.04216,5,1000,1000,5,1.3999971999999998,1000,1000,False,10,3,50,5,1.3999971999999998,0.51054,1000,1,1,1,1,1,Standard,1
0,Tool Steel,Standard,0.3750,Tool Steel,8550.038144,55,0,False,False,Tool Steel,5000,1000,2000,1000,0,9.524999999999999,True,1000,True,3800,True,1,0,0,1.3999971999999998,0.38099999999999995,6.35,12.7,0,0,,,0,,True,False,False,False,False,False,True,300,True,3800,True,1.5,1,1.3999971999999998,273,0,0,381,350,True,3800,True,0,0,0,0,-1,-1,-1,False,False,0,0,1,300,5,1,0.0201,1000,False,3000,1000,0,0,0,30,1.016,False,50,0,0,0,5,30,1.3999971999999998,0,2.04216,5,1000,1000,5,1.3999971999999998,1000,1000,False,10,3,50,5,1.3999971999999998,0.51054,1000,1,1,1,1,1,Standard,1
0,Tool Steel,Standard,0.5000,Tool Steel,8550.038144,55,0,False,False,Tool Steel,5000,1000,2000,1000,0,12.7,True,1000,True,3800,True,1,0,0,1.3999971999999998,0.508,6.35,12.7,0,0,,,0,,True,False,False,False,False,False,True,300,True,3800,True,1.5,1,1.3999971999999998,273,0,0,381,350,True,3800,True,0,0,0,0,-1,-1,-1,False,False,0,0,1,300,5,1,0.0201,1000,False,3000,1000,0,0,0,30,1.016,False,50,0,0,0,5,30,1.3999971999999998,0,2.04216,5,1000,1000,5,1.3999971999999998,1000,1000,False,10,3,50,5,1.3999971999999998,0.51054,1000,1,1,1,1,1,Standard,1
0,Tool Steel,Standard,0.6250,Tool Steel,8550.038144,55,0,False,False,Tool Steel,5000,1000,2000,1000,0,15.875,True,1000,True,3800,True,1,0,0,1.3999971999999998,0.2,6.35,12.7,0,0,,,0,,True,False,False,False,False,False,True,300,True,3800,True,1.5,1,1.3999971999999998,273,0,0,381,350,True,3800,True,0,0,0,0,-1,-1,-1,False,False,0,0,1,300,5,1,0.0201,1000,False,3000,1000,0,0,0,30,1.016,False,50,0,0,0,5,30,1.3999971999999998,0,2.04216,5,1000,1000,5,1.3999971999999998,1000,1000,False,10,3,50,5,1.3999971999999998,0.51054,1000,1,1,1,1,1,Standard,1
0,Tool Steel,Standard,0.7500,Tool Steel,8550.038144,55,0,False,False,Tool Steel,5000,1000,2000,1000,0,19.049999999999997,True,1000,True,3800,True,1,0,0,1.3999971999999998,0.3048,6.35,12.7,0,0,,,0,,True,False,False,False,False,False,True,300,True,3800,True,1.5,1,1.3999971999999998,273,0,0,381,350,True,3800,True,0,-1.0312126698879482,0,0,-0.6111318044365168,-1,-1,False,False,0,0,1,300,5,1,0.0201,1000,False,3000,1000,0,0,0,30,1.016,False,50,0,0,0,5,30,1.3999971999999998,0,2.04216,5,1000,1000,5,1.3999971999999998,1000,1000,False,10,3,50,5,1.3999971999999998,0.51054,1000,1,1,1,1,1,Standard,1
0,Tool Steel,Standard,1.0000,Tool Steel,8550.038144,55,0,False,False,Tool Steel,5000,1000,2000,1000,0,25.4,True,1000,True,3800,True,1,0,0,1.3999971999999998,0.2,6.35,12.7,0,0,,,0,,True,False,False,False,False,False,True,300,True,3800,True,1.5,1,1.3999971999999998,273,0,0,381,350,True,3800,True,0,0,0,0,-1,-1,-1,False,False,0,0,1,300,5,1,0.0201,1000,False,3000,1000,0,0,0,30,1.016,False,50,0,0,0,5,30,1.3999971999999998,0,2.04216,5,1000,1000,5,1.3999971999999998,1000,1000,False,10,3,50,5,1.3999971999999998,0.51054,1000,1,1,1,1,1,Standard,1
0,Tool Steel,Standard,1.2500,Tool Steel,8550.038144,55,0,False,False,Tool Steel,5000,1000,2000,1000,0,31.75,True,1000,True,3800,True,1,0,0,1.3999971999999998,0.2,6.35,12.7,0,0,,,0,,True,False,False,False,False,False,True,300,True,3800,True,1.5,1,1.3999971999999998,273,0,0,381,350,True,3800,True,0,0,0,0,-1,-1,-1,False,False,0,0,1,300,5,1,0.0201,1000,False,3000,1000,0,0,0,30,1.016,False,50,0,0,0,5,30,1.3999971999999998,0,2.04216,5,1000,1000,5,1.3999971999999998,1000,1000,False,10,3,50,5,1.3999971999999998,0.51054,1000,1,1,1,1,1,Standard,1
0,Tool Steel,Standard,1.7500,Tool Steel,8550.038144,55,0,False,False,Tool Steel,5000,1000,2000,1000,0,44.449999999999996,True,1000,True,3800,True,1,0,0,1.3999971999999998,0.2,6.35,12.7,0,0,,,0,,True,False,False,False,False,False,True,300,True,3800,True,1.5,1,1.3999971999999998,273,0,0,381,350,True,3800,True,0,0,0,0,-1,-1,-1,False,False,0,0,1,300,5,1,0.0201,1000,False,3000,1000,0,0,0,30,1.016,False,50,0,0,0,5,30,1.3999971999999998,0,2.04216,5,1000,1000,5,1.3999971999999998,1000,1000,False,10,3,50,5,1.3999971999999998,0.51054,1000,1,1,1,1,1,Standard,1
0,Tool Steel,Standard,2.0000,Tool Steel,8550.038144,55,0,False,False,Tool Steel,5000,1000,2000,1000,0,50.8,True,1000,True,3800,True,1,0,0,1.3999971999999998,0.2,6.35,12.7,0,0,,,0,,True,False,False,False,False,False,True,300,True,3800,True,1.5,1,1.3999971999999998,273,0,0,381,350,True,3800,True,0,0,0,0,-1,-1,-1,False,False,0,0,1,300,5,1,0.0201,1000,False,3000,1000,0,0,0,30,1.016,False,50,0,0,0,5,30,1.3999971999999998,0,2.04216,5,1000,1000,5,1.3999971999999998,1000,1000,False,10,3,50,5,1.3999971999999998,0.51054,1000,1,1,1,1,1,Standard,1
0,Tool Steel,Standard,3.0000,Tool Steel,8550.038144,55,0,False,False,Tool Steel,5000,1000,2000,1000,0,76.2,True,1000,True,3800,True,1,0,0,1.3999971999999998,0.2,6.35,12.7,0,0,,,0,,True,False,False,False,False,False,True,300,True,3800,True,1.5,1,1.3999971999999998,273,0,0,6.095999999999999,350,True,3800,True,0,0,0,0,-1,-1,-1,False,False,0,0,1,300,5,1,0.9,1000,False,3000,1000,0,0,0,30,1.016,False,50,0,0,0,5,30,1.3999971999999998,0,91.44,5,1000,1000,5,1.3999971999999998,1000,1000,False,10,3,50,5,1.3999971999999998,22.86,1000,1,1,1,1,1,Standard,1
0,Tungsten,Standard,0.0630,Tungsten,8550.038144,20,0,False,False,Tungsten,5000,1000,2000,1000,0,1.6001999999999998,True,1000,True,3800,True,1,0,0,1.3999971999999998,0.2,6.35,12.7,0,0,,,0,,True,False,False,False,False,False,True,300,True,3800,True,5,2,1.3999971999999998,127,0,0,127,350,True,3800,True,0,0,0,0,-1,-1,-1,False,False,0,0,1,300,5,1,0.0201,1000,False,3000,1000,0,0,0,30,1.016,False,50,0,0,0,5,30,1.3999971999999998,0,2.04216,5,1000,1000,5,1.3999971999999998,1000,1000,False,10,3,50,5,1.3999971999999998,0.51054,1000,1,1,1,1,1,Standard,1
0,Tungsten,Standard,0.2000,Tungsten,8550.038144,20,0,False,False,Tungsten,5000,1000,2000,1000,0,5.08,True,1000,True,3800,True,1,0,0,1.3999971999999998,0.2,6.35,12.7,0,0,,,0,,True,False,False,False,False,False,True,300,True,3800,True,5,2,1.3999971999999998,127,0,0,127,350,True,3800,True,0,0,0,0,-1,-1,-1,False,False,0,0,1,300,5,1,0.0201,1000,False,3000,1000,0,0,0,30,1.016,False,50,0,0,0,5,30,1.3999971999999998,0,2.04216,5,1000,1000,5,1.3999971999999998,1000,1000,False,10,3,50,5,1.3999971999999998,0.51054,1000,1,1,1,1,1,Standard,1
0,Tungsten,Standard,0.2500,Tungsten,8550.038144,20,0,False,False,Tungsten,5000,1000,2000,1000,0,6.35,True,1000,True,3800,True,1,0,0,1.3999971999999998,0.2,6.35,12.7,0,0,,,0,,True,False,False,False,False,False,True,300,True,3800,True,5,2,1.3999971999999998,127,0,0,127,350,True,3800,True,0,0,0,0,-1,-1,-1,False,False,0,0,1,300,5,1,0.0201,1000,False,3000,1000,0,0,0,30,1.016,False,50,0,0,0,5,30,1.3999971999999998,0,2.04216,5,1000,1000,5,1.3999971999999998,1000,1000,False,10,3,50,5,1.3999971999999998,0.51054,1000,1,1,1,1,1,Standard,1
0,Tungsten,Standard,0.7870,Tungsten,8550.038144,20,0,False,False,Tungsten,5000,1000,2000,1000,0,19.9898,True,1000,True,3800,True,1,0,0,1.3999971999999998,0.2,6.35,12.7,0,0,,,0,,True,False,False,False,False,False,True,300,True,3800,True,60,60,1.3999971999999998,127,0,0,7.619999999999999,350,True,3800,True,0,0,0,0,-1,-1,-1,False,False,0,0,1,300,5,1,0.9,1000,False,3000,1000,0,0,0,30,1.016,False,50,0,0,0,5,30,1.3999971999999998,0,91.44,5,1000,1000,5,1.3999971999999998,1000,1000,False,10,3,50,5,1.3999971999999998,22.86,1000,1,1,1,1,1,Standard,1
0,Tungsten,Standard,1.0000,Tungsten,8550.038144,20,0,False,False,Tungsten,5000,1000,2000,1000,0,25.4,True,1000,True,3800,True,1,0,0,1.3999971999999998,0.2,6.35,12.7,0,0,,,0,,True,False,False,False,False,False,True,300,True,3800,True,60,30,1.3999971999999998,127,0,0,6.095999999999999,350,True,3800,True,0,0,0,0,-1,-1,-1,False,False,0,0,1,300,5,1,0.9,1000,False,3000,1000,0,0,0,30,1.016,False,50,0,0,0,5,30,1.3999971999999998,0,91.44,5,1000,1000,5,1.3999971999999998,1000,1000,False,10,3,50,5,1.3999971999999998,22.86,1000,1,1,1,1,1,Standard,1
0,UHMW,Standard,0.0630,UHMW,927.46902543211,500,0,False,False,UHMW,4000,1000,2000,1000,0,1.6002,True,1000,True,3800,True,1,0,0,1.3999971999999998,1.016,6.35,12.7,0,0,,,0,,True,True,False,False,False,False,True,300,True,3800,True,2,1,1.3999971999999998,273,0,0,1000,350,True,3800,True,0,0,0,0,-1,-1,-1,False,False,0,0,1,300,5,1,0.0189,1000,False,3000,1000,0,0,0,30,1,False,50,0,0,0,5,30,1.3999971999999998,0,1.92024,5,1000,1000,5,1.3999971999999998,1000,1000,False,10,3,50,5,1.3999971999999998,0.48006,1000,1,1,1,1,1,Standard,0
0,UHMW,Standard,0.0740,UHMW,927.46902543211,500,0,False,False,UHMW,4000,1000,2000,1000,0,1.8796,True,1000,True,3800,True,1,0,0,1.3999971999999998,0.2,6.35,12.7,0,0,,,0,,True,True,False,False,False,False,True,300,True,3800,True,2,1,1.3999971999999998,273,0,0,1000,350,True,3800,True,0,0,0,0,-1,-1,-1,False,False,0,0,1,300,5,1,0.0222,1000,False,3000,1000,0,0,0,30,1,False,50,0,0,0,5,30,1.3999971999999998,0,2.25552,5,1000,1000,5,1.3999971999999998,1000,1000,False,10,3,50,5,1.3999971999999998,0.56388,1000,1,1,1,1,1,Standard,0
0,UHMW,Standard,0.0980,UHMW,927.46902543211,500,0,False,False,UHMW,4000,1000,2000,1000,0,2.4892,True,1000,True,3800,True,1,0,0,1.3999971999999998,0.7619999999999999,6.35,12.7,0,0,,,0,,True,True,False,False,False,False,True,300,True,3800,True,1,1,1.3999971999999998,273,0,0,1000,350,True,3800,True,0,0,0,0,-1,-1,-1,False,False,0,0,1,300,5,1,0.0294,1000,False,3000,1000,0,0,0,30,1,False,50,0,0,0,5,30,1.3999971999999998,0,2.98704,5,1000,1000,5,1.3999971999999998,1000,1000,False,10,3,50,5,1.3999971999999998,0.74676,1000,1,1,1,1,1,Standard,0
0,UHMW,Standard,0.1000,UHMW,927.46902543211,500,0,False,False,UHMW,4000,1000,2000,1000,0,2.54,True,1000,True,3800,True,1,0,0,1.3999971999999998,0.2,6.35,12.7,0,0,,,0,,True,True,False,False,False,False,True,300,True,3800,True,3,1,1.3999971999999998,273,0,0,1000,350,True,3800,True,0,0,0,0,-1,-1,-1,False,False,0,0,1,300,5,1,0.03,1000,False,3000,1000,0,0,0,30,1,False,50,0,0,0,5,30,1.3999971999999998,0,3.048,5,1000,1000,5,1.3999971999999998,1000,1000,False,10,3,50,5,1.3999971999999998,0.762,1000,1,1,1,1,1,Standard,0
0,UHMW,Standard,0.1250,UHMW,927.46902543211,500,0,False,False,UHMW,4000,1000,2000,1000,0,3.175,True,1000,True,3800,True,1,0,0,1.3999971999999998,0.889,4.7752,12.7,0,0,,,0,,True,True,False,False,False,False,True,300,True,3800,True,6,3,1.3999971999999998,273,0,0,1000,350,True,3800,True,0,0,0,0,-1,-1,-1,False,False,0,0,1,300,5,1,0.042,1000,False,3000,1000,0,0,0,30,1.016,False,50,0,0,0,5,30,1.3999971999999998,0,4.2672,5,1000,1000,5,1.3999971999999998,1000,1000,False,10,3,50,5,1.3999971999999998,1.0668,1000,1,1,1,1,1,Standard,0
0,UHMW,Standard,0.1400,UHMW,927.46902543211,500,0,False,False,UHMW,4000,1000,2000,1000,0,3.556,True,1000,True,3800,True,1,0,0,1.3999971999999998,0.889,2.54,12.7,0,0,,,0,,True,True,False,False,False,False,True,300,True,3800,True,6,3,1.3999971999999998,273,0,0,1000,350,True,3800,True,0,0,0,0,-1,-1,-1,False,False,0,0,1,300,5,1,0.042,1000,False,3000,1000,0,0,0,30,1,False,50,0,0,0,5,30,1.3999971999999998,0,4.2672,5,1000,1000,5,1.3999971999999998,1000,1000,False,10,3,50,5,1.3999971999999998,1.0668,1000,1,1,1,1,1,Standard,0
0,UHMW,Standard,0.1870,UHMW,927.46902543211,500,0,False,False,UHMW,4000,1000,2000,1000,0,4.7498,True,1000,True,3800,True,1,0,0,1.3999971999999998,1.016,3.8099999999999996,12.7,0,0,,,0,,True,True,False,False,False,False,True,300,True,3800,True,4,2,1.3999971999999998,273,0,0,1000,350,True,3800,True,0,0,0,0,-1,-1,-1,False,False,0,0,1,300,5,1,0.0561,1000,False,3000,1000,0,0,0,30,1,False,50,0,0,0,5,30,1.3999971999999998,0,5.69976,5,1000,1000,5,1.3999971999999998,1000,1000,False,10,3,50,5,1.3999971999999998,1.42494,1000,1,1,1,1,1,Standard,0
0,UHMW,Standard,0.2200,UHMW,927.46902543211,500,0,False,False,UHMW,4000,1000,2000,1000,0,5.588,True,1000,True,3800,True,1,0,0,1.3999971999999998,0.889,4.7498,12.7,0,0,,,0,,True,True,False,False,False,False,True,300,True,3800,True,4,2,1.3999971999999998,273,0,0,1000,350,True,3800,True,0,0,0,0,-1,-1,-1,False,False,0,0,1,300,5,1,0.075,762,True,762,508,0,0,0,30,1.016,False,50,0,0,0,5,30,1.3999971999999998,0,7.62,5,1000,1000,5,1.3999971999999998,1000,1000,False,10,3,50,5,1.3999971999999998,1.905,1000,1,1,1,1,1,Standard,0
0,UHMW,Standard,0.2500,UHMW,927.46902543211,500,0,False,False,UHMW,4000,1000,2000,1000,0,6.35,True,1000,True,3800,True,1,0,0,1.3999971999999998,1.27,4.7498,12.7,0,0,,,0,,True,True,False,False,False,False,True,300,True,3800,True,4,2,1.3999971999999998,273,0,0,1000,350,True,3800,True,0,0,0,0,-1,-1,-1,False,False,0,0,1,300,5,1,0.075,762,True,762,508,3,3,0,30,1.016,False,50,0,0,0,5,30,1.3999971999999998,0,7.62,5,1000,1000,5,1.3999971999999998,1000,1000,False,10,3,50,5,1.3999971999999998,1.905,1000,1,1,1,1,1,Standard,0
0,UHMW,Standard,0.3120,UHMW,927.46902543211,500,0,False,False,UHMW,4000,1000,2000,1000,0,7.9248,True,1000,True,3800,True,1,0,0,1.3999971999999998,0.2,6.35,12.7,0,0,,,0,,True,True,False,False,False,False,True,300,True,3800,True,8,4,1.3999971999999998,273,0,0,1000,350,True,3800,True,0,0,0,0,-1,-1,-1,False,False,0,0,1,300,5,1,0.0936,1000,False,3000,1000,0,0,0,30,1,False,50,0,0,0,5,30,1.3999971999999998,0,9.50976,5,1000,1000,5,1.3999971999999998,1000,1000,False,10,3,50,5,1.3999971999999998,2.37744,1000,1,1,1,1,1,Standard,0
0,UHMW,Standard,0.3150,UHMW,927.46902543211,500,0,False,False,UHMW,4000,1000,2000,1000,0,8.001,True,1000,True,3800,True,1,0,0,1.3999971999999998,0.2,6.35,12.7,0,0,,,0,,True,True,False,False,False,False,True,300,True,3800,True,8,4,1.3999971999999998,273,0,0,1000,350,True,3800,True,0,0,0,0,-1,-1,-1,False,False,0,0,1,300,5,1,0.0945,1000,False,3000,1000,0,0,0,30,1,False,50,0,0,0,5,30,1.3999971999999998,0,9.6012,5,1000,1000,5,1.3999971999999998,1000,1000,False,10,3,50,5,1.3999971999999998,2.4003,1000,1,1,1,1,1,Standard,0
0,UHMW,Standard,0.3750,UHMW,927.46902543211,500,0,False,False,UHMW,4000,1000,2000,1000,0,9.525,True,1000,True,3800,True,1,0,0,1.3999971999999998,0.889,6.35,12.7,0,0,,,0,,True,True,False,False,False,False,True,300,True,3800,True,2,1,1.3999971999999998,273,0,0,914.4,350,True,3800,True,0,0,0,0,-1,-1,-1,False,False,0,0,1,300,5,1,0.1125,1000,False,3000,1000,0,0,0,30,1.016,False,50,0,0,0,5,30,1.3999971999999998,0,11.43,5,1000,1000,5,1.3999971999999998,1000,1000,False,10,3,50,5,1.3999971999999998,2.8575,1000,1,1,1,1,1,Standard,0
0,UHMW,Standard,0.5000,UHMW,927.46902543211,500,0,False,False,UHMW,4000,1000,2000,1000,0,12.7,True,1000,True,3800,True,1,0,0,1.3999971999999998,0.889,6.35,12.7,0,0,,,0,,True,True,False,False,False,False,True,300,True,3800,True,15,7,1.3999971999999998,273,0,0,660.4,350,True,3800,True,0,0,0,0,-1,-1,-1,False,False,0,0,1,300,5,1,0.15,1000,False,3000,1000,0,0,0,30,1.016,False,50,0,0,0,5,30,1.3999971999999998,0,15.24,5,1000,1000,5,1.3999971999999998,1000,1000,False,10,3,50,5,1.3999971999999998,3.81,1000,1,1,1,1,1,Standard,0
0,UHMW,Standard,0.6250,UHMW,927.46902543211,500,0,False,False,UHMW,4000,1000,2000,1000,0,15.875,True,1000,True,3800,True,1,0,0,1.3999971999999998,0.889,6.35,12.7,0,0,,,0,,True,True,False,False,False,False,True,300,True,3800,True,15,7,1.3999971999999998,273,0,0,1000,350,True,3800,True,0,0,0,0,-1,-1,-1,False,False,0,0,1,300,5,1,0.1875,1000,False,3000,1000,0,0,0,30,1,False,50,0,0,0,5,30,1.3999971999999998,0,19.05,5,1000,1000,5,1.3999971999999998,1000,1000,False,10,3,50,5,1.3999971999999998,4.7625,1000,1,1,1,1,1,Standard,0
0,UHMW,Standard,0.6300,UHMW,927.46902543211,500,0,False,False,UHMW,4000,1000,2000,1000,0,16.002,True,1000,True,3800,True,1,0,0,1.3999971999999998,0.2,6.35,12.7,0,0,,,0,,True,True,False,False,False,False,True,300,True,3800,True,20,10,1.3999971999999998,273,0,0,1000,350,True,3800,True,0,0,0,0,-1,-1,-1,False,False,0,0,1,300,5,1,0.189,1000,False,3000,1000,0,0,0,30,1,False,50,0,0,0,5,30,1.3999971999999998,0,19.2024,5,1000,1000,5,1.3999971999999998,1000,1000,False,10,3,50,5,1.3999971999999998,4.8006,1000,1,1,1,1,1,Standard,0
0,UHMW,Standard,0.6896,UHMW,927.46902543211,500,0,False,False,UHMW,4000,1000,2000,1000,0,17.51584,True,1000,True,3800,True,1,0,0,1.3999971999999998,0.2,6.35,12.7,0,0,,,0,,True,True,False,False,False,False,True,300,True,3800,True,25,12,1.3999971999999998,273,0,0,1000,350,True,3800,True,0,0,0,0,-1,-1,-1,False,False,0,0,1,300,5,1,0.20688,1000,False,3000,1000,0,0,0,30,1,False,50,0,0,0,5,30,1.3999971999999998,0,21.019008,5,1000,1000,5,1.3999971999999998,1000,1000,False,10,3,50,5,1.3999971999999998,5.254752,1000,1,1,1,1,1,Standard,0
0,UHMW,Standard,0.7500,UHMW,927.46902543211,500,0,False,False,UHMW,4000,1000,2000,1000,0,19.05,True,1000,True,3800,True,1,0,0,1.3999971999999998,0.889,6.35,12.7,0,0,,,0,,True,True,False,False,False,False,True,300,True,3800,True,10,5,1.3999971999999998,273,0,0,406.4,350,True,3800,True,0,0,0,0,-1,-1,-1,False,False,0,0,1,300,5,1,0.225,1000,False,3000,1000,0,0,0,30,1.016,False,50,0,0,0,5,30,1.3999971999999998,0,22.86,5,1000,1000,5,1.3999971999999998,1000,1000,False,10,3,50,5,1.3999971999999998,5.715,1000,1,1,1,1,1,Standard,0
0,UHMW,Standard,0.8750,UHMW,927.46902543211,500,0,False,False,UHMW,4000,1000,2000,1000,0,22.225,True,1000,True,3800,True,1,0,0,1.3999971999999998,0.2,6.35,12.7,0,0,,,0,,True,True,False,False,False,False,True,300,True,3800,True,10,5,1.3999971999999998,273,0,0,1000,350,True,3800,True,0,0,0,0,-1,-1,-1,False,False,0,0,1,300,5,1,0.2625,1000,False,3000,1000,0,0,0,30,1,False,50,0,0,0,5,30,1.3999971999999998,0,26.67,5,1000,1000,5,1.3999971999999998,1000,1000,False,10,3,50,5,1.3999971999999998,6.6675,1000,1,1,1,1,1,Standard,0
0,UHMW,Standard,1.0000,UHMW,927.46902543211,500,0,False,False,UHMW,4000,1000,2000,1000,0,25.4,True,1000,True,3800,True,1,0,0,1.3999971999999998,0.9652,6.35,12.7,0,0,,,0,,True,True,False,False,False,False,True,300,True,3800,True,30,15,1.3999971999999998,273,0,0,279.4,350,True,3800,True,0,-1.2603038465035852,0,0,-0.6875163546391002,-1,-1,False,False,0,0,1,300,5,1,0.3,1000,False,3000,1000,0,0,0,30,1.016,False,50,0,0,0,5,30,1.3999971999999998,0,30.48,5,1000,1000,5,1.3999971999999998,1000,1000,False,10,3,50,5,1.3999971999999998,7.62,1000,1,1,1,1,1,Standard,0
0,UHMW,Standard,1.0600,UHMW,927.46902543211,500,0,False,False,UHMW,4000,1000,2000,1000,0,26.924,True,1000,True,3800,True,1,0,0,1.3999971999999998,0.635,6.35,12.7,0,0,,,0,,True,True,False,False,False,False,True,300,True,3800,True,30,15,1.3999971999999998,273,0,0,279.4,350,True,3800,True,0,-1.2603038465035852,0,0,-0.6875163546391002,-1,-1,False,False,0,0,1,300,5,1,0.3,1000,False,3000,1000,0,0,0,30,1.016,False,50,0,0,0,5,30,1.3999971999999998,0,30.48,5,1000,1000,5,1.3999971999999998,1000,1000,False,10,3,50,5,1.3999971999999998,7.62,1000,1,1,1,1,1,Standard,0
0,UHMW,Standard,1.2500,UHMW,927.46902543211,500,0,False,False,UHMW,4000,1000,2000,1000,0,31.75,True,1000,True,3800,True,1,0,0,1.3999971999999998,0.3048,6.35,12.7,0,0,,,0,,True,True,False,False,False,False,True,300,True,3800,True,35,17,1.3999971999999998,273,0,0,228.6,350,True,3800,True,0,0,0,0,-1,-1,-1,False,False,0,0,1,300,5,1,0.375,1000,False,3000,1000,0,0,0,30,1.016,False,50,0,0,0,5,30,1.3999971999999998,0,38.1,5,1000,1000,5,1.3999971999999998,1000,1000,False,10,3,50,5,1.3999971999999998,9.525,1000,1,1,1,1,1,Standard,0
0,UHMW,Standard,1.5000,UHMW,927.46902543211,500,0,False,False,UHMW,4000,1000,2000,1000,0,38.1,True,1000,True,3800,True,1,0,0,1.3999971999999998,1.016,6.35,12.7,0,0,,,0,,True,True,False,False,False,False,True,300,True,3800,True,40,20,1.3999971999999998,273,0,0,177.79999999999998,350,True,3800,True,0,0,0,0,-1,-1,-1,False,False,0,0,1,300,5,1,0.45,1000,False,3000,1000,0,0,0,30,1.016,False,50,0,0,0,5,30,1.3999971999999998,0,45.72,5,1000,1000,20,1.3999971999999998,1000,800,False,10,3,50,5,1.3999971999999998,11.43,1000,1,1,1,1,1,Standard,0
0,UHMW,Standard,1.7500,UHMW,927.46902543211,500,0,False,False,UHMW,4000,1000,2000,1000,0,44.45,True,1000,True,3800,True,1,8.254999999999999,0,1.3999971999999998,0.508,6.35,12.7,0,0,,,0,,True,True,False,False,False,False,True,300,True,3800,True,20,20,1.3999971999999998,273,8.254999999999999,0,1000,350,True,3800,True,0,-0.5729386976834854,0,0,-0.507463634534885,-1,-1,False,False,0,0,1,300,5,1,0.525,1000,False,3000,1000,0,0,0,30,1.016,False,50,0,0,0,5,30,1.3999971999999998,0,53.34,5,1000,1000,5,1.3999971999999998,1000,1000,False,10,3,50,5,1.3999971999999998,13.335,1000,1,1,1,1,1,Standard,0
0,UHMW,Standard,2.0000,UHMW,927.46902543211,500,0,False,False,UHMW,4000,1000,2000,1000,0,50.8,True,1000,True,3800,True,1,0,0,1.2953999999999999,0.2,6.35,12.7,0,0,,,0,,True,True,False,False,False,False,True,300,True,3800,True,20,12,1.2953999999999999,273,0,0,127,350,True,3800,True,0,0,0,0,-1,-1,-1,False,False,0,0,1,300,5,1,0.6,1000,False,3000,1000,0,0,0,30,1.016,False,50,0,0,0,5,30,1.3999971999999998,0,60.96,5,1000,1000,20,1.3999971999999998,1000,1000,False,10,3,50,5,1.3999971999999998,15.24,1000,1,1,1,1,1,Standard,0
0,UHMW,Standard,2.5000,UHMW,927.46902543211,500,0,False,False,UHMW,4000,1000,2000,1000,0,63.5,True,1000,True,3800,True,1,0,0,1.3999971999999998,0.2,6.35,12.7,0,0,,,0,,True,True,False,False,False,False,True,300,True,3800,True,55,27,1.3999971999999998,273,0,0,101.6,350,True,3800,True,0,0,0,0,-1,-1,-1,False,False,0,0,1,300,5,1,0.75,1000,False,3000,1000,0,0,0,30,1.016,False,50,0,0,0,5,30,1.3999971999999998,0,76.2,5,1000,1000,5,1.3999971999999998,1000,1000,False,10,3,50,5,1.3999971999999998,19.05,1000,1,1,1,1,1,Standard,0
0,UHMW,Standard,2.7500,UHMW,927.46902543211,500,0,False,False,UHMW,4000,1000,2000,1000,0,69.85,True,1000,True,3800,True,1,0,0,1.3999971999999998,0.2,6.35,12.7,0,0,,,0,,True,True,False,False,False,False,True,300,True,3800,True,2,1,1.3999971999999998,273,0,0,1000,350,True,3800,True,0,0,0,0,-1,-1,-1,False,False,0,0,1,300,5,1,0.825,1000,False,3000,1000,0,0,0,30,1,False,50,0,0,0,5,30,1.3999971999999998,0,83.82,5,1000,1000,5,1.3999971999999998,1000,1000,False,10,3,50,5,1.3999971999999998,20.955,1000,1,1,1,1,1,Standard,0
0,UHMW,Standard,3.0000,UHMW,927.46902543211,500,0,False,False,UHMW,4000,1000,2000,1000,0,76.2,True,1000,True,3800,True,1,0,0,1.3999971999999998,0.2,6.35,12.7,0,0,,,0,,True,True,False,False,False,False,True,300,True,3800,True,60,30,1.3999971999999998,273,0,0,76.19999999999999,350,True,3800,True,0,0,0,0,-1,-1,-1,False,False,0,0,1,300,5,1,0.9,1000,False,3000,1000,0,0,0,30,1.016,False,50,0,0,0,5,30,1.3999971999999998,0,91.44,5,1000,1000,5,1.3999971999999998,1000,1000,False,10,3,50,5,1.3999971999999998,22.86,1000,1,1,1,1,1,Standard,0
0,UHMW,Standard,3.5000,UHMW,927.46902543211,500,0,False,False,UHMW,4000,1000,2000,1000,0,88.9,True,1000,True,3800,True,1,0,0,1.3999971999999998,0.2,6.35,12.7,0,0,,,0,,True,True,False,False,False,False,True,300,True,3800,True,60,30,1.3999971999999998,273,0,0,1000,350,True,3800,True,0,0,0,0,-1,-1,-1,False,False,0,0,1,300,5,1,1.05,1000,False,3000,1000,0,0,0,30,1,False,50,0,0,0,5,30,1.3999971999999998,0,106.68,5,1000,1000,5,1.3999971999999998,1000,1000,False,10,3,50,5,1.3999971999999998,26.67,1000,1,1,1,1,1,Standard,0
0,UHMW,Standard,4.0000,UHMW,927.46902543211,500,0,False,False,UHMW,4000,1000,2000,1000,0,101.6,True,1000,True,3800,True,1,0,0,1.3999971999999998,0.2,6.35,12.7,0,0,,,0,,True,True,False,False,False,False,True,300,True,3800,True,60,30,1.3999971999999998,273,0,0,1000,350,True,3800,True,0,0,0,0,-1,-1,-1,False,False,0,0,1,300,5,1,1.2,1000,False,3000,1000,0,0,0,30,1,False,50,0,0,0,5,30,1.3999971999999998,0,121.92,5,1000,1000,5,1.3999971999999998,1000,1000,False,10,3,50,5,1.3999971999999998,30.48,1000,1,1,1,1,1,Standard,0
0,UHMW,Standard,4.5000,UHMW,927.46902543211,500,0,False,False,UHMW,4000,1000,2000,1000,0,114.3,True,1000,True,3800,True,1,0,0,1.3999971999999998,0.2,6.35,12.7,0,0,,,0,,True,True,False,False,False,False,True,300,True,3800,True,60,30,1.3999971999999998,273,0,0,1000,350,True,3800,True,0,0,0,0,-1,-1,-1,False,False,0,0,1,300,5,1,1.2,1000,False,3000,1000,0,0,0,30,1,False,50,0,0,0,5,30,1.3999971999999998,0,121.92,5,1000,1000,5,1.3999971999999998,1000,1000,False,10,3,50,5,1.3999971999999998,30.48,1000,1,1,1,1,1,Standard,0
0,UHMW,Tivar 88,0.0630,UHMW,927.46902543211,500,0,False,False,UHMW,4000,1000,2000,1000,0,1.6002,True,1000,True,3800,True,1,0,0,1.3999971999999998,1.016,6.35,12.7,0,0,,,0,,True,True,False,False,False,False,True,300,True,3800,True,2,1,1.3999971999999998,273,0,0,1000,350,True,3800,True,0,0,0,0,-1,-1,-1,False,False,0,0,1,300,5,1,0.0189,1000,False,3000,1000,0,0,0,30,1,False,50,0,0,0,5,30,1.3999971999999998,0,1.92024,5,1000,1000,5,1.3999971999999998,1000,1000,False,10,3,50,5,1.3999971999999998,0.48006,1000,1,1,1,1,1,Tivar 88,0
0,UHMW,Tivar 88,0.0740,UHMW,927.46902543211,500,0,False,False,UHMW,4000,1000,2000,1000,0,1.8796,True,1000,True,3800,True,1,0,0,1.3999971999999998,0.2,6.35,12.7,0,0,,,0,,True,True,False,False,False,False,True,300,True,3800,True,2,1,1.3999971999999998,273,0,0,1000,350,True,3800,True,0,0,0,0,-1,-1,-1,False,False,0,0,1,300,5,1,0.0222,1000,False,3000,1000,0,0,0,30,1,False,50,0,0,0,5,30,1.3999971999999998,0,2.25552,5,1000,1000,5,1.3999971999999998,1000,1000,False,10,3,50,5,1.3999971999999998,0.56388,1000,1,1,1,1,1,Tivar 88,0
0,UHMW,Tivar 88,0.0980,UHMW,927.46902543211,500,0,False,False,UHMW,4000,1000,2000,1000,0,2.4892,True,1000,True,3800,True,1,0,0,1.3999971999999998,0.7619999999999999,6.35,12.7,0,0,,,0,,True,True,False,False,False,False,True,300,True,3800,True,1,1,1.3999971999999998,273,0,0,1000,350,True,3800,True,0,0,0,0,-1,-1,-1,False,False,0,0,1,300,5,1,0.0294,1000,False,3000,1000,0,0,0,30,1,False,50,0,0,0,5,30,1.3999971999999998,0,2.98704,5,1000,1000,5,1.3999971999999998,1000,1000,False,10,3,50,5,1.3999971999999998,0.74676,1000,1,1,1,1,1,Tivar 88,0
0,UHMW,Tivar 88,0.1000,UHMW,927.46902543211,500,0,False,False,UHMW,4000,1000,2000,1000,0,2.54,True,1000,True,3800,True,1,0,0,1.3999971999999998,0.2,6.35,12.7,0,0,,,0,,True,True,False,False,False,False,True,300,True,3800,True,3,1,1.3999971999999998,273,0,0,1000,350,True,3800,True,0,0,0,0,-1,-1,-1,False,False,0,0,1,300,5,1,0.03,1000,False,3000,1000,0,0,0,30,1,False,50,0,0,0,5,30,1.3999971999999998,0,3.048,5,1000,1000,5,1.3999971999999998,1000,1000,False,10,3,50,5,1.3999971999999998,0.762,1000,1,1,1,1,1,Tivar 88,0
0,UHMW,Tivar 88,0.1250,UHMW,927.46902543211,500,0,False,False,UHMW,4000,1000,2000,1000,0,3.175,True,1000,True,3800,True,1,0,0,1.3999971999999998,0.889,4.7752,12.7,0,0,,,0,,True,True,False,False,False,False,True,300,True,3800,True,6,3,1.3999971999999998,273,0,0,1000,350,True,3800,True,0,0,0,0,-1,-1,-1,False,False,0,0,1,300,5,1,0.042,1000,False,3000,1000,0,0,0,30,1.016,False,50,0,0,0,5,30,1.3999971999999998,0,4.2672,5,1000,1000,5,1.3999971999999998,1000,1000,False,10,3,50,5,1.3999971999999998,1.0668,1000,1,1,1,1,1,Tivar 88,0
0,UHMW,Tivar 88,0.1400,UHMW,927.46902543211,500,0,False,False,UHMW,4000,1000,2000,1000,0,3.556,True,1000,True,3800,True,1,0,0,1.3999971999999998,0.889,2.54,12.7,0,0,,,0,,True,True,False,False,False,False,True,300,True,3800,True,6,3,1.3999971999999998,273,0,0,1000,350,True,3800,True,0,0,0,0,-1,-1,-1,False,False,0,0,1,300,5,1,0.042,1000,False,3000,1000,0,0,0,30,1,False,50,0,0,0,5,30,1.3999971999999998,0,4.2672,5,1000,1000,5,1.3999971999999998,1000,1000,False,10,3,50,5,1.3999971999999998,1.0668,1000,1,1,1,1,1,Tivar 88,0
0,UHMW,Tivar 88,0.1870,UHMW,927.46902543211,500,0,False,False,UHMW,4000,1000,2000,1000,0,4.7498,True,1000,True,3800,True,1,0,0,1.3999971999999998,1.016,3.8099999999999996,12.7,0,0,,,0,,True,True,False,False,False,False,True,300,True,3800,True,4,2,1.3999971999999998,273,0,0,1000,350,True,3800,True,0,0,0,0,-1,-1,-1,False,False,0,0,1,300,5,1,0.0561,1000,False,3000,1000,0,0,0,30,1,False,50,0,0,0,5,30,1.3999971999999998,0,5.69976,5,1000,1000,5,1.3999971999999998,1000,1000,False,10,3,50,5,1.3999971999999998,1.42494,1000,1,1,1,1,1,Tivar 88,0
0,UHMW,Tivar 88,0.2200,UHMW,927.46902543211,500,0,False,False,UHMW,4000,1000,2000,1000,0,5.588,True,1000,True,3800,True,1,0,0,1.3999971999999998,0.889,4.7498,12.7,0,0,,,0,,True,True,False,False,False,False,True,300,True,3800,True,4,2,1.3999971999999998,273,0,0,1000,350,True,3800,True,0,0,0,0,-1,-1,-1,False,False,0,0,1,300,5,1,0.075,762,True,762,508,0,0,0,30,1.016,False,50,0,0,0,5,30,1.3999971999999998,0,7.62,5,1000,1000,5,1.3999971999999998,1000,1000,False,10,3,50,5,1.3999971999999998,1.905,1000,1,1,1,1,1,Tivar 88,0
0,UHMW,Tivar 88,0.2500,UHMW,927.46902543211,500,0,False,False,UHMW,4000,1000,2000,1000,0,6.35,True,1000,True,3800,True,1,0,0,1.3999971999999998,1.27,4.7498,12.7,0,0,,,0,,True,True,False,False,False,False,True,300,True,3800,True,4,2,1.3999971999999998,273,0,0,1000,350,True,3800,True,0,0,0,0,-1,-1,-1,False,False,0,0,1,300,5,1,0.075,762,True,762,508,3,3,0,30,1.016,False,50,0,0,0,5,30,1.3999971999999998,0,7.62,5,1000,1000,5,1.3999971999999998,1000,1000,False,10,3,50,5,1.3999971999999998,1.905,1000,1,1,1,1,1,Tivar 88,0
0,UHMW,Tivar 88,0.3120,UHMW,927.46902543211,500,0,False,False,UHMW,4000,1000,2000,1000,0,7.9248,True,1000,True,3800,True,1,0,0,1.3999971999999998,0.2,6.35,12.7,0,0,,,0,,True,True,False,False,False,False,True,300,True,3800,True,8,4,1.3999971999999998,273,0,0,1000,350,True,3800,True,0,0,0,0,-1,-1,-1,False,False,0,0,1,300,5,1,0.0936,1000,False,3000,1000,0,0,0,30,1,False,50,0,0,0,5,30,1.3999971999999998,0,9.50976,5,1000,1000,5,1.3999971999999998,1000,1000,False,10,3,50,5,1.3999971999999998,2.37744,1000,1,1,1,1,1,Tivar 88,0
0,UHMW,Tivar 88,0.3150,UHMW,927.46902543211,500,0,False,False,UHMW,4000,1000,2000,1000,0,8.001,True,1000,True,3800,True,1,0,0,1.3999971999999998,0.2,6.35,12.7,0,0,,,0,,True,True,False,False,False,False,True,300,True,3800,True,8,4,1.3999971999999998,273,0,0,1000,350,True,3800,True,0,0,0,0,-1,-1,-1,False,False,0,0,1,300,5,1,0.0945,1000,False,3000,1000,0,0,0,30,1,False,50,0,0,0,5,30,1.3999971999999998,0,9.6012,5,1000,1000,5,1.3999971999999998,1000,1000,False,10,3,50,5,1.3999971999999998,2.4003,1000,1,1,1,1,1,Tivar 88,0
0,UHMW,Tivar 88,0.3750,UHMW,927.46902543211,500,0,False,False,UHMW,4000,1000,2000,1000,0,9.525,True,1000,True,3800,True,1,0,0,1.3999971999999998,0.889,6.35,12.7,0,0,,,0,,True,True,False,False,False,False,True,300,True,3800,True,2,1,1.3999971999999998,273,0,0,914.4,350,True,3800,True,0,0,0,0,-1,-1,-1,False,False,0,0,1,300,5,1,0.1125,1000,False,3000,1000,0,0,0,30,1.016,False,50,0,0,0,5,30,1.3999971999999998,0,11.43,5,1000,1000,5,1.3999971999999998,1000,1000,False,10,3,50,5,1.3999971999999998,2.8575,1000,1,1,1,1,1,Tivar 88,0
0,UHMW,Tivar 88,0.5000,UHMW,927.46902543211,500,0,False,False,UHMW,4000,1000,2000,1000,0,12.7,True,1000,True,3800,True,1,0,0,1.3999971999999998,0.889,6.35,12.7,0,0,,,0,,True,True,False,False,False,False,True,300,True,3800,True,15,7,1.3999971999999998,273,0,0,660.4,350,True,3800,True,0,0,0,0,-1,-1,-1,False,False,0,0,1,300,5,1,0.15,1000,False,3000,1000,0,0,0,30,1.016,False,50,0,0,0,5,30,1.3999971999999998,0,15.24,5,1000,1000,5,1.3999971999999998,1000,1000,False,10,3,50,5,1.3999971999999998,3.81,1000,1,1,1,1,1,Tivar 88,0
0,UHMW,Tivar 88,0.6250,UHMW,927.46902543211,500,0,False,False,UHMW,4000,1000,2000,1000,0,15.875,True,1000,True,3800,True,1,0,0,1.3999971999999998,0.889,6.35,12.7,0,0,,,0,,True,True,False,False,False,False,True,300,True,3800,True,15,7,1.3999971999999998,273,0,0,1000,350,True,3800,True,0,0,0,0,-1,-1,-1,False,False,0,0,1,300,5,1,0.1875,1000,False,3000,1000,0,0,0,30,1,False,50,0,0,0,5,30,1.3999971999999998,0,19.05,5,1000,1000,5,1.3999971999999998,1000,1000,False,10,3,50,5,1.3999971999999998,4.7625,1000,1,1,1,1,1,Tivar 88,0
0,UHMW,Tivar 88,0.6300,UHMW,927.46902543211,500,0,False,False,UHMW,4000,1000,2000,1000,0,16.002,True,1000,True,3800,True,1,0,0,1.3999971999999998,0.2,6.35,12.7,0,0,,,0,,True,True,False,False,False,False,True,300,True,3800,True,20,10,1.3999971999999998,273,0,0,1000,350,True,3800,True,0,0,0,0,-1,-1,-1,False,False,0,0,1,300,5,1,0.189,1000,False,3000,1000,0,0,0,30,1,False,50,0,0,0,5,30,1.3999971999999998,0,19.2024,5,1000,1000,5,1.3999971999999998,1000,1000,False,10,3,50,5,1.3999971999999998,4.8006,1000,1,1,1,1,1,Tivar 88,0
0,UHMW,Tivar 88,0.6896,UHMW,927.46902543211,500,0,False,False,UHMW,4000,1000,2000,1000,0,17.51584,True,1000,True,3800,True,1,0,0,1.3999971999999998,0.2,6.35,12.7,0,0,,,0,,True,True,False,False,False,False,True,300,True,3800,True,25,12,1.3999971999999998,273,0,0,1000,350,True,3800,True,0,0,0,0,-1,-1,-1,False,False,0,0,1,300,5,1,0.20688,1000,False,3000,1000,0,0,0,30,1,False,50,0,0,0,5,30,1.3999971999999998,0,21.019008,5,1000,1000,5,1.3999971999999998,1000,1000,False,10,3,50,5,1.3999971999999998,5.254752,1000,1,1,1,1,1,Tivar 88,0
0,UHMW,Tivar 88,0.7500,UHMW,927.46902543211,500,0,False,False,UHMW,4000,1000,2000,1000,0,19.05,True,1000,True,3800,True,1,0,0,1.3999971999999998,0.889,6.35,12.7,0,0,,,0,,True,True,False,False,False,False,True,300,True,3800,True,10,5,1.3999971999999998,273,0,0,406.4,350,True,3800,True,0,0,0,0,-1,-1,-1,False,False,0,0,1,300,5,1,0.225,1000,False,3000,1000,0,0,0,30,1.016,False,50,0,0,0,5,30,1.3999971999999998,0,22.86,5,1000,1000,5,1.3999971999999998,1000,1000,False,10,3,50,5,1.3999971999999998,5.715,1000,1,1,1,1,1,Tivar 88,0
0,UHMW,Tivar 88,0.8750,UHMW,927.46902543211,500,0,False,False,UHMW,4000,1000,2000,1000,0,22.225,True,1000,True,3800,True,1,0,0,1.3999971999999998,0.2,6.35,12.7,0,0,,,0,,True,True,False,False,False,False,True,300,True,3800,True,10,5,1.3999971999999998,273,0,0,1000,350,True,3800,True,0,0,0,0,-1,-1,-1,False,False,0,0,1,300,5,1,0.2625,1000,False,3000,1000,0,0,0,30,1,False,50,0,0,0,5,30,1.3999971999999998,0,26.67,5,1000,1000,5,1.3999971999999998,1000,1000,False,10,3,50,5,1.3999971999999998,6.6675,1000,1,1,1,1,1,Tivar 88,0
0,UHMW,Tivar 88,1.0000,UHMW,927.46902543211,500,0,False,False,UHMW,4000,1000,2000,1000,0,25.4,True,1000,True,3800,True,1,0,0,1.3999971999999998,0.9652,6.35,12.7,0,0,,,0,,True,True,False,False,False,False,True,300,True,3800,True,30,15,1.3999971999999998,273,0,0,279.4,350,True,3800,True,0,-1.2603038465035852,0,0,-0.6875163546391002,-1,-1,False,False,0,0,1,300,5,1,0.3,1000,False,3000,1000,0,0,0,30,1.016,False,50,0,0,0,5,30,1.3999971999999998,0,30.48,5,1000,1000,5,1.3999971999999998,1000,1000,False,10,3,50,5,1.3999971999999998,7.62,1000,1,1,1,1,1,Tivar 88,0
0,UHMW,Tivar 88,1.0600,UHMW,927.46902543211,500,0,False,False,UHMW,4000,1000,2000,1000,0,26.924,True,1000,True,3800,True,1,0,0,1.3999971999999998,0.635,6.35,12.7,0,0,,,0,,True,True,False,False,False,False,True,300,True,3800,True,30,15,1.3999971999999998,273,0,0,279.4,350,True,3800,True,0,-1.2603038465035852,0,0,-0.6875163546391002,-1,-1,False,False,0,0,1,300,5,1,0.3,1000,False,3000,1000,0,0,0,30,1.016,False,50,0,0,0,5,30,1.3999971999999998,0,30.48,5,1000,1000,5,1.3999971999999998,1000,1000,False,10,3,50,5,1.3999971999999998,7.62,1000,1,1,1,1,1,Tivar 88,0
0,UHMW,Tivar 88,1.2500,UHMW,927.46902543211,500,0,False,False,UHMW,4000,1000,2000,1000,0,31.75,True,1000,True,3800,True,1,0,0,1.3999971999999998,0.3048,6.35,12.7,0,0,,,0,,True,True,False,False,False,False,True,300,True,3800,True,35,17,1.3999971999999998,273,0,0,228.6,350,True,3800,True,0,0,0,0,-1,-1,-1,False,False,0,0,1,300,5,1,0.375,1000,False,3000,1000,0,0,0,30,1.016,False,50,0,0,0,5,30,1.3999971999999998,0,38.1,5,1000,1000,5,1.3999971999999998,1000,1000,False,10,3,50,5,1.3999971999999998,9.525,1000,1,1,1,1,1,Tivar 88,0
0,UHMW,Tivar 88,1.5000,UHMW,927.46902543211,500,0,False,False,UHMW,4000,1000,2000,1000,0,38.1,True,1000,True,3800,True,1,0,0,1.3999971999999998,1.016,6.35,12.7,0,0,,,0,,True,True,False,False,False,False,True,300,True,3800,True,40,20,1.3999971999999998,273,0,0,177.79999999999998,350,True,3800,True,0,0,0,0,-1,-1,-1,False,False,0,0,1,300,5,1,0.45,1000,False,3000,1000,0,0,0,30,1.016,False,50,0,0,0,5,30,1.3999971999999998,0,45.72,5,1000,1000,20,1.3999971999999998,1000,800,False,10,3,50,5,1.3999971999999998,11.43,1000,1,1,1,1,1,Tivar 88,0
0,UHMW,Tivar 88,1.7500,UHMW,927.46902543211,500,0,False,False,UHMW,4000,1000,2000,1000,0,44.45,True,1000,True,3800,True,1,8.254999999999999,0,1.3999971999999998,0.508,6.35,12.7,0,0,,,0,,True,True,False,False,False,False,True,300,True,3800,True,20,20,1.3999971999999998,273,8.254999999999999,0,1000,350,True,3800,True,0,-0.5729386976834854,0,0,-0.507463634534885,-1,-1,False,False,0,0,1,300,5,1,0.525,1000,False,3000,1000,0,0,0,30,1.016,False,50,0,0,0,5,30,1.3999971999999998,0,53.34,5,1000,1000,5,1.3999971999999998,1000,1000,False,10,3,50,5,1.3999971999999998,13.335,1000,1,1,1,1,1,Tivar 88,0
0,UHMW,Tivar 88,2.0000,UHMW,927.46902543211,500,0,False,False,UHMW,4000,1000,2000,1000,0,50.8,True,1000,True,3800,True,1,0,0,1.2953999999999999,0.2,6.35,12.7,0,0,,,0,,True,True,False,False,False,False,True,300,True,3800,True,20,12,1.2953999999999999,273,0,0,127,350,True,3800,True,0,0,0,0,-1,-1,-1,False,False,0,0,1,300,5,1,0.6,1000,False,3000,1000,0,0,0,30,1.016,False,50,0,0,0,5,30,1.3999971999999998,0,60.96,5,1000,1000,20,1.3999971999999998,1000,1000,False,10,3,50,5,1.3999971999999998,15.24,1000,1,1,1,1,1,Tivar 88,0
0,UHMW,Tivar 88,2.5000,UHMW,927.46902543211,500,0,False,False,UHMW,4000,1000,2000,1000,0,63.5,True,1000,True,3800,True,1,0,0,1.3999971999999998,0.2,6.35,12.7,0,0,,,0,,True,True,False,False,False,False,True,300,True,3800,True,55,27,1.3999971999999998,273,0,0,101.6,350,True,3800,True,0,0,0,0,-1,-1,-1,False,False,0,0,1,300,5,1,0.75,1000,False,3000,1000,0,0,0,30,1.016,False,50,0,0,0,5,30,1.3999971999999998,0,76.2,5,1000,1000,5,1.3999971999999998,1000,1000,False,10,3,50,5,1.3999971999999998,19.05,1000,1,1,1,1,1,Tivar 88,0
0,UHMW,Tivar 88,2.7500,UHMW,927.46902543211,500,0,False,False,UHMW,4000,1000,2000,1000,0,69.85,True,1000,True,3800,True,1,0,0,1.3999971999999998,0.2,6.35,12.7,0,0,,,0,,True,True,False,False,False,False,True,300,True,3800,True,2,1,1.3999971999999998,273,0,0,1000,350,True,3800,True,0,0,0,0,-1,-1,-1,False,False,0,0,1,300,5,1,0.825,1000,False,3000,1000,0,0,0,30,1,False,50,0,0,0,5,30,1.3999971999999998,0,83.82,5,1000,1000,5,1.3999971999999998,1000,1000,False,10,3,50,5,1.3999971999999998,20.955,1000,1,1,1,1,1,Tivar 88,0
0,UHMW,Tivar 88,3.0000,UHMW,927.46902543211,500,0,False,False,UHMW,4000,1000,2000,1000,0,76.2,True,1000,True,3800,True,1,0,0,1.3999971999999998,0.2,6.35,12.7,0,0,,,0,,True,True,False,False,False,False,True,300,True,3800,True,60,30,1.3999971999999998,273,0,0,76.19999999999999,350,True,3800,True,0,0,0,0,-1,-1,-1,False,False,0,0,1,300,5,1,0.9,1000,False,3000,1000,0,0,0,30,1.016,False,50,0,0,0,5,30,1.3999971999999998,0,91.44,5,1000,1000,5,1.3999971999999998,1000,1000,False,10,3,50,5,1.3999971999999998,22.86,1000,1,1,1,1,1,Tivar 88,0
0,UHMW,Tivar 88,3.5000,UHMW,927.46902543211,500,0,False,False,UHMW,4000,1000,2000,1000,0,88.9,True,1000,True,3800,True,1,0,0,1.3999971999999998,0.2,6.35,12.7,0,0,,,0,,True,True,False,False,False,False,True,300,True,3800,True,60,30,1.3999971999999998,273,0,0,1000,350,True,3800,True,0,0,0,0,-1,-1,-1,False,False,0,0,1,300,5,1,1.05,1000,False,3000,1000,0,0,0,30,1,False,50,0,0,0,5,30,1.3999971999999998,0,106.68,5,1000,1000,5,1.3999971999999998,1000,1000,False,10,3,50,5,1.3999971999999998,26.67,1000,1,1,1,1,1,Tivar 88,0
0,UHMW,Tivar 88,4.0000,UHMW,927.46902543211,500,0,False,False,UHMW,4000,1000,2000,1000,0,101.6,True,1000,True,3800,True,1,0,0,1.3999971999999998,0.2,6.35,12.7,0,0,,,0,,True,True,False,False,False,False,True,300,True,3800,True,60,30,1.3999971999999998,273,0,0,1000,350,True,3800,True,0,0,0,0,-1,-1,-1,False,False,0,0,1,300,5,1,1.2,1000,False,3000,1000,0,0,0,30,1,False,50,0,0,0,5,30,1.3999971999999998,0,121.92,5,1000,1000,5,1.3999971999999998,1000,1000,False,10,3,50,5,1.3999971999999998,30.48,1000,1,1,1,1,1,Tivar 88,0
0,UHMW,Tivar 88,4.5000,UHMW,927.46902543211,500,0,False,False,UHMW,4000,1000,2000,1000,0,114.3,True,1000,True,3800,True,1,0,0,1.3999971999999998,0.2,6.35,12.7,0,0,,,0,,True,True,False,False,False,False,True,300,True,3800,True,60,30,1.3999971999999998,273,0,0,1000,350,True,3800,True,0,0,0,0,-1,-1,-1,False,False,0,0,1,300,5,1,1.2,1000,False,3000,1000,0,0,0,30,1,False,50,0,0,0,5,30,1.3999971999999998,0,121.92,5,1000,1000,5,1.3999971999999998,1000,1000,False,10,3,50,5,1.3999971999999998,30.48,1000,1,1,1,1,1,Tivar 88,0
0,Ultratane Bleu Water Only,Standard,0.0630,Ultratane Bleu Water Only,1121.2924314377842,285,0,False,False,Ultratane Bleu Water Only,2000,1000,2000,1000,0,1.6002,False,1000,True,3800,True,1,0,0.0189,1,0.2,3.999992,5,1,1,,,0,,True,True,False,False,False,False,True,300,True,3800,True,2,1,1.3999971999999998,273,0,0,1000,350,True,3800,True,0,0,0,0,-1,-1,-1,False,False,0,0,1,300,1,1,0.0189,4572,False,3000,1000,0,0,0,30,1.016,False,50,0,0,0,5,30,1.3999971999999998,0,1.92024,5,1000,1000,5,1.3999971999999998,1000,1000,False,10,3,50,5,1.3999971999999998,0.48006,1000,1,1,1,1,1,Standard,1
0,Ultratane Bleu Water Only,Standard,0.0740,Ultratane Bleu Water Only,1121.2924314377842,285,0,False,False,Ultratane Bleu Water Only,2000,1000,2000,1000,0,1.8796,False,1000,True,3800,True,1,0,0.0222,1,0.2,3.999992,5,1,1,,,0,,True,False,False,False,False,False,True,300,True,3800,True,2,1,1.3999971999999998,273,0,0,1000,350,True,3800,True,0,0,0,0,-1,-1,-1,False,False,0,0,1,300,5,1,0.0222,1000,False,3000,1000,0,0,0,30,1,False,50,0,0,0,5,30,1.3999971999999998,0,2.25552,5,1000,1000,5,1.3999971999999998,1000,1000,False,10,3,50,5,1.3999971999999998,0.56388,1000,1,1,1,1,1,Standard,1
0,Ultratane Bleu Water Only,Standard,0.0980,Ultratane Bleu Water Only,1121.2924314377842,285,0,False,False,Ultratane Bleu Water Only,2000,1000,2000,1000,0,2.4892,False,1000,True,3800,True,1,0,0.0294,1,0.2,3.999992,5,1,1,,,0,,False,True,False,False,False,False,True,300,True,3800,True,1,1,1.3999971999999998,273,0,0,1000,350,True,3800,True,0,0,0,0,-1,-1,-1,False,False,0,0,1,300,5,1,0.0294,4572,False,3000,1000,0,0,0,30,1,False,50,0,0,0,5,30,1.3999971999999998,0,2.98704,5,1000,1000,5,1.3999971999999998,1000,1000,False,10,3,50,5,1.3999971999999998,0.74676,1000,1,1,1,1,1,Standard,1
0,Ultratane Bleu Water Only,Standard,0.1000,Ultratane Bleu Water Only,1121.2924314377842,285,0,False,False,Ultratane Bleu Water Only,2000,1000,2000,1000,0,2.54,False,1000,True,3800,True,1,0,0.03,1,0.2,3.999992,5,1,1,,,0,,True,False,False,False,False,False,True,300,True,3800,True,3,1,1.3999971999999998,273,0,0,1000,350,True,3800,True,0,0,0,0,-1,-1,-1,False,False,0,0,1,300,5,1,0.03,1000,False,3000,1000,0,0,0,30,1,False,50,0,0,0,5,30,1.3999971999999998,0,3.048,5,1000,1000,5,1.3999971999999998,1000,1000,False,10,3,50,5,1.3999971999999998,0.762,1000,1,1,1,1,1,Standard,1
0,Ultratane Bleu Water Only,Standard,0.1250,Ultratane Bleu Water Only,1121.2924314377842,285,0,False,False,Ultratane Bleu Water Only,2000,1000,2000,1000,0,3.175,False,1000,True,3800,True,1,0,0.042,1,0.2,3.999992,5,1,1,,,0,,True,False,False,False,False,False,True,300,True,3800,True,6,3,1.3999971999999998,273,0,0,1000,350,True,3800,True,0,0,0,0,-1,-1,-1,False,False,0,0,1,300,5,1,0.042,1000,False,3000,1000,0,0,0,30,1,False,50,0,0,0,5,30,1.3999971999999998,0,4.2672,5,1000,1000,5,1.3999971999999998,1000,1000,False,10,3,50,5,1.3999971999999998,1.0668,1000,1,1,1,1,1,Standard,1
0,Ultratane Bleu Water Only,Standard,0.1400,Ultratane Bleu Water Only,1121.2924314377842,285,0,False,False,Ultratane Bleu Water Only,2000,1000,2000,1000,0,3.556,False,1000,True,3800,True,1,0,0.042,1,0.2,3.999992,5,1,1,,,0,,True,False,False,False,False,False,True,300,True,3800,True,6,3,1.3999971999999998,273,0,0,1000,350,True,3800,True,0,0,0,0,-1,-1,-1,False,False,0,0,1,300,5,1,0.042,1000,False,3000,1000,0,0,0,30,1,False,50,0,0,0,5,30,1.3999971999999998,0,4.2672,5,1000,1000,5,1.3999971999999998,1000,1000,False,10,3,50,5,1.3999971999999998,1.0668,1000,1,1,1,1,1,Standard,1
0,Ultratane Bleu Water Only,Standard,0.1870,Ultratane Bleu Water Only,1121.2924314377842,285,0,False,False,Ultratane Bleu Water Only,2000,1000,2000,1000,0,4.7498,False,1000,True,3800,True,1,0,0.0561,1,0.2,3.999992,5,1,1,,,0,,True,False,False,False,False,False,True,300,True,3800,True,4,2,1.3999971999999998,273,0,0,1000,350,True,3800,True,0,0,0,0,-1,-1,-1,False,False,0,0,1,300,5,1,0.0561,1000,False,3000,1000,0,0,0,30,1,False,50,0,0,0,5,30,1.3999971999999998,0,5.69976,5,1000,1000,5,1.3999971999999998,1000,1000,False,10,3,50,5,1.3999971999999998,1.42494,1000,1,1,1,1,1,Standard,1
0,Ultratane Bleu Water Only,Standard,0.2500,Ultratane Bleu Water Only,1121.2924314377842,285,0,False,False,Ultratane Bleu Water Only,2000,1000,2000,1000,0,6.35,False,1000,True,3800,True,1,0,0.075,1,1.1429999999999998,6.35,38.099999999999994,1,1,,,0,,True,True,False,False,False,False,True,300,True,3800,True,4,2,1.3999971999999998,273,0,0,1000,350,True,3800,True,0,0,0,0,-1,-1,-1,False,False,0,0,1,300,0,1,0.075,2032,True,2032,1016,3.175,3.175,5,30,1.016,False,50,0,0,0,5,30,1.3999971999999998,0,7.62,5,1000,1000,5,1.3999971999999998,1000,1000,False,10,3,50,5,1.3999971999999998,1.905,1000,1,1,1,1,1,Standard,1
0,Ultratane Bleu Water Only,Standard,0.3120,Ultratane Bleu Water Only,1121.2924314377842,285,0,False,False,Ultratane Bleu Water Only,2000,1000,2000,1000,0,7.9248,False,1000,True,3800,True,1,0,0.0936,1,0.2,3.999992,5,1,1,,,0,,True,False,False,False,False,False,True,300,True,3800,True,8,4,1.3999971999999998,273,0,0,1000,350,True,3800,True,0,0,0,0,-1,-1,-1,False,False,0,0,1,300,5,1,0.0936,1000,False,3000,1000,0,0,0,30,1,False,50,0,0,0,5,30,1.3999971999999998,0,9.50976,5,1000,1000,5,1.3999971999999998,1000,1000,False,10,3,50,5,1.3999971999999998,2.37744,1000,1,1,1,1,1,Standard,1
0,Ultratane Bleu Water Only,Standard,0.3150,Ultratane Bleu Water Only,1121.2924314377842,285,0,False,False,Ultratane Bleu Water Only,2000,1000,2000,1000,0,8.001,False,1000,True,3800,True,1,0,0.0945,1,0.2,3.999992,5,1,1,,,0,,True,False,False,False,False,False,True,300,True,3800,True,8,4,1.3999971999999998,273,0,0,1000,350,True,3800,True,0,0,0,0,-1,-1,-1,False,False,0,0,1,300,5,1,0.0945,1000,False,3000,1000,0,0,0,30,1,False,50,0,0,0,5,30,1.3999971999999998,0,9.6012,5,1000,1000,5,1.3999971999999998,1000,1000,False,10,3,50,5,1.3999971999999998,2.4003,1000,1,1,1,1,1,Standard,1
0,Ultratane Bleu Water Only,Standard,0.3750,Ultratane Bleu Water Only,1121.2924314377842,285,0,False,False,Ultratane Bleu Water Only,2000,1000,2000,1000,0,9.525,False,1000,True,3800,True,1,0,0.1125,1,0.889,3.999992,5,1,1,,,0,,True,True,False,False,False,False,True,300,True,3800,True,2,1,1.3999971999999998,273,0,0,914.4,350,True,3800,True,0,0,0,0,-1,-1,-1,False,False,0,0,1,300,5,1,0.1125,2032,True,2032,1016,3,3,0,30,1.016,False,50,0,0,0,5,30,1.3999971999999998,0,11.43,5,1000,1000,5,1.3999971999999998,1000,1000,False,10,3,50,5,1.3999971999999998,2.8575,1000,1,1,1,1,1,Standard,1
0,Ultratane Bleu Water Only,Standard,0.5000,Ultratane Bleu Water Only,1121.2924314377842,285,0,False,False,Ultratane Bleu Water Only,2000,1000,2000,1000,0,12.7,False,1000,True,3800,True,1,0,0.15,1,0.2,3.999992,5,1,1,,,0,,True,False,False,False,False,False,True,300,True,3800,True,15,7,1.3999971999999998,273,0,0,660.4,350,True,3800,True,0,0,0,0,-1,-1,-1,False,False,0,0,1,300,5,1,0.15,1000,False,3000,1000,0,0,0,30,1.016,False,50,0,0,0,5,30,1.3999971999999998,0,15.24,5,1000,1000,5,1.3999971999999998,1000,1000,False,10,3,50,5,1.3999971999999998,3.81,1000,1,1,1,1,1,Standard,1
0,Ultratane Bleu Water Only,Standard,0.6250,Ultratane Bleu Water Only,1121.2924314377842,285,0,False,False,Ultratane Bleu Water Only,2000,1000,2000,1000,0,15.875,False,1000,True,3800,True,1,0,0.1875,1,0.2,3.999992,5,1,1,,,0,,True,False,False,False,False,False,True,300,True,3800,True,15,7,1.3999971999999998,273,0,0,1000,350,True,3800,True,0,0,0,0,-1,-1,-1,False,False,0,0,1,300,5,1,0.1875,1000,False,3000,1000,0,0,0,30,1,False,50,0,0,0,5,30,1.3999971999999998,0,19.05,5,1000,1000,5,1.3999971999999998,1000,1000,False,10,3,50,5,1.3999971999999998,4.7625,1000,1,1,1,1,1,Standard,1
0,Ultratane Bleu Water Only,Standard,0.6300,Ultratane Bleu Water Only,1121.2924314377842,285,0,False,False,Ultratane Bleu Water Only,2000,1000,2000,1000,0,16.002,False,1000,True,3800,True,1,0,0.189,1,0.2,3.999992,5,1,1,,,0,,True,False,False,False,False,False,True,300,True,3800,True,20,10,1.3999971999999998,273,0,0,1000,350,True,3800,True,0,0,0,0,-1,-1,-1,False,False,0,0,1,300,5,1,0.189,1000,False,3000,1000,0,0,0,30,1,False,50,0,0,0,5,30,1.3999971999999998,0,19.2024,5,1000,1000,5,1.3999971999999998,1000,1000,False,10,3,50,5,1.3999971999999998,4.8006,1000,1,1,1,1,1,Standard,1
0,Ultratane Bleu Water Only,Standard,0.6896,Ultratane Bleu Water Only,1121.2924314377842,285,0,False,False,Ultratane Bleu Water Only,2000,1000,2000,1000,0,17.51584,False,1000,True,3800,True,1,0,0.20688,1,0.2,3.999992,5,1,1,,,0,,True,False,False,False,False,False,True,300,True,3800,True,25,12,1.3999971999999998,273,0,0,1000,350,True,3800,True,0,0,0,0,-1,-1,-1,False,False,0,0,1,300,5,1,0.20688,1000,False,3000,1000,0,0,0,30,1,False,50,0,0,0,5,30,1.3999971999999998,0,21.019008,5,1000,1000,5,1.3999971999999998,1000,1000,False,10,3,50,5,1.3999971999999998,5.254752,1000,1,1,1,1,1,Standard,1
0,Ultratane Bleu Water Only,Standard,0.7500,Ultratane Bleu Water Only,1121.2924314377842,285,0,False,False,Ultratane Bleu Water Only,2000,1000,2000,1000,0,19.05,False,1000,True,3800,True,1,0,0.225,1,0.2,3.999992,5,1,1,,,0,,True,False,False,False,False,False,True,300,True,3800,True,10,5,1.3999971999999998,273,0,0,406.4,350,True,3800,True,0,0,0,0,-1,-1,-1,False,False,0,0,1,300,5,1,0.225,1000,False,3000,1000,0,0,0,30,1.016,False,50,0,0,0,5,30,1.3999971999999998,0,22.86,5,1000,1000,5,1.3999971999999998,1000,1000,False,10,3,50,5,1.3999971999999998,5.715,1000,1,1,1,1,1,Standard,1
0,Ultratane Bleu Water Only,Standard,0.8750,Ultratane Bleu Water Only,1121.2924314377842,285,0,False,False,Ultratane Bleu Water Only,2000,1000,2000,1000,0,22.225,False,1000,True,3800,True,1,0,0.2625,1,0.2,3.999992,5,1,1,,,0,,True,False,False,False,False,False,True,300,True,3800,True,10,5,1.3999971999999998,273,0,0,1000,350,True,3800,True,0,0,0,0,-1,-1,-1,False,False,0,0,1,300,5,1,0.2625,1000,False,3000,1000,0,0,0,30,1,False,50,0,0,0,5,30,1.3999971999999998,0,26.67,5,1000,1000,5,1.3999971999999998,1000,1000,False,10,3,50,5,1.3999971999999998,6.6675,1000,1,1,1,1,1,Standard,1
0,Ultratane Bleu Water Only,Standard,1.0000,Ultratane Bleu Water Only,1121.2924314377842,285,0,False,False,Ultratane Bleu Water Only,2000,1000,2000,1000,0,25.4,False,1000,True,3800,True,1,0,0.3,1,0.2,3.999992,5,1,1,,,0,,True,False,False,False,False,False,True,300,True,3800,True,30,15,1.3999971999999998,273,0,0,279.4,350,True,3800,True,0,0,0,0,-1,-1,-1,False,False,0,0,1,300,5,1,0.3,1000,False,3000,1000,0,0,0,30,1.016,False,50,0,0,0,5,30,1.3999971999999998,0,30.48,5,1000,1000,5,1.3999971999999998,1000,1000,False,10,3,50,5,1.3999971999999998,7.62,1000,1,1,1,1,1,Standard,1
0,Ultratane Bleu Water Only,Standard,1.2500,Ultratane Bleu Water Only,1121.2924314377842,285,0,False,False,Ultratane Bleu Water Only,2000,1000,2000,1000,0,31.75,False,1000,True,3800,True,1,0,0.375,1,0.2,3.999992,5,1,1,,,0,,True,False,False,False,False,False,True,300,True,3800,True,35,17,1.3999971999999998,273,0,0,228.6,350,True,3800,True,0,0,0,0,-1,-1,-1,False,False,0,0,1,300,5,1,0.375,1000,False,3000,1000,0,0,0,30,1.016,False,50,0,0,0,5,30,1.3999971999999998,0,38.1,5,1000,1000,5,1.3999971999999998,1000,1000,False,10,3,50,5,1.3999971999999998,9.525,1000,1,1,1,1,1,Standard,1
0,Ultratane Bleu Water Only,Standard,1.5000,Ultratane Bleu Water Only,1121.2924314377842,285,0,False,False,Ultratane Bleu Water Only,2000,1000,2000,1000,0,38.1,False,1000,True,3800,True,1,0,0.45,1,0.2,3.999992,5,1,1,,,0,,True,False,False,False,False,False,True,300,True,3800,True,40,20,1.3999971999999998,273,0,0,177.79999999999998,350,True,3800,True,0,0,0,0,-1,-1,-1,False,False,0,0,1,300,5,1,0.45,1000,False,3000,1000,0,0,0,30,1.016,False,50,0,0,0,5,30,1.3999971999999998,0,45.72,5,1000,1000,20,1.3999971999999998,1000,800,False,10,3,50,5,1.3999971999999998,11.43,1000,1,1,1,1,1,Standard,1
0,Ultratane Bleu Water Only,Standard,1.7500,Ultratane Bleu Water Only,1121.2924314377842,285,0,False,False,Ultratane Bleu Water Only,2000,1000,2000,1000,0,44.45,False,1000,True,3800,True,1,0,0.525,1,0.2,3.999992,5,1,1,,,0,,True,False,False,False,False,False,True,300,True,3800,True,45,22,1.3999971999999998,273,0,0,1000,350,True,3800,True,0,0,0,0,-1,-1,-1,False,False,0,0,1,300,5,1,0.525,1000,False,3000,1000,0,0,0,30,1,False,50,0,0,0,5,30,1.3999971999999998,0,53.34,5,1000,1000,5,1.3999971999999998,1000,1000,False,10,3,50,5,1.3999971999999998,13.335,1000,1,1,1,1,1,Standard,1
0,Ultratane Bleu Water Only,Standard,2.0000,Ultratane Bleu Water Only,1121.2924314377842,285,0,False,False,Ultratane Bleu Water Only,2000,1000,2000,1000,0,50.8,False,1000,True,3800,True,1,0,0.6,1,0.2,3.999992,5,1,1,,,0,,True,False,False,False,False,False,True,300,True,3800,True,50,25,1.3999971999999998,273,0,0,127,350,True,3800,True,0,0,0,0,-1,-1,-1,False,False,0,0,1,300,5,1,0.6,1000,False,3000,1000,0,0,0,30,1.016,False,50,0,0,0,5,30,1.3999971999999998,0,60.96,5,1000,1000,20,1.3999971999999998,1000,1000,False,10,3,50,5,1.3999971999999998,15.24,1000,1,1,1,1,1,Standard,1
0,Ultratane Bleu Water Only,Standard,2.5000,Ultratane Bleu Water Only,1121.2924314377842,285,0,False,False,Ultratane Bleu Water Only,2000,1000,2000,1000,0,63.5,False,1000,True,3800,True,1,0,0.75,1,0.2,3.999992,5,1,1,,,0,,True,False,False,False,False,False,True,300,True,3800,True,55,27,1.3999971999999998,273,0,0,101.6,350,True,3800,True,0,0,0,0,-1,-1,-1,False,False,0,0,1,300,5,1,0.75,1000,False,3000,1000,0,0,0,30,1.016,False,50,0,0,0,5,30,1.3999971999999998,0,76.2,5,1000,1000,5,1.3999971999999998,1000,1000,False,10,3,50,5,1.3999971999999998,19.05,1000,1,1,1,1,1,Standard,1
0,Ultratane Bleu Water Only,Standard,2.7500,Ultratane Bleu Water Only,1121.2924314377842,285,0,False,False,Ultratane Bleu Water Only,2000,1000,2000,1000,0,69.85,False,1000,True,3800,True,1,0,0.825,1,0.2,3.999992,5,1,1,,,0,,True,False,False,False,False,False,True,300,True,3800,True,2,1,1.3999971999999998,273,0,0,1000,350,True,3800,True,0,0,0,0,-1,-1,-1,False,False,0,0,1,300,5,1,0.825,1000,False,3000,1000,0,0,0,30,1,False,50,0,0,0,5,30,1.3999971999999998,0,83.82,5,1000,1000,5,1.3999971999999998,1000,1000,False,10,3,50,5,1.3999971999999998,20.955,1000,1,1,1,1,1,Standard,1
0,Ultratane Bleu Water Only,Standard,3.0000,Ultratane Bleu Water Only,1121.2924314377842,285,0,False,False,Ultratane Bleu Water Only,2000,1000,2000,1000,0,76.2,False,1000,True,3800,True,1,0,0.9,1,0.2,3.999992,5,1,1,,,0,,True,False,False,False,False,False,True,300,True,3800,True,60,30,1.3999971999999998,273,0,0,76.19999999999999,350,True,3800,True,0,0,0,0,-1,-1,-1,False,False,0,0,1,300,5,1,0.9,1000,False,3000,1000,0,0,0,30,1.016,False,50,0,0,0,5,30,1.3999971999999998,0,91.44,5,1000,1000,5,1.3999971999999998,1000,1000,False,10,3,50,5,1.3999971999999998,22.86,1000,1,1,1,1,1,Standard,1
0,Ultratane Bleu Water Only,Standard,3.5000,Ultratane Bleu Water Only,1121.2924314377842,285,0,False,False,Ultratane Bleu Water Only,2000,1000,2000,1000,0,88.9,False,1000,True,3800,True,1,0,1.05,1,0.2,3.999992,5,1,1,,,0,,True,False,False,False,False,False,True,300,True,3800,True,60,30,1.3999971999999998,273,0,0,1000,350,True,3800,True,0,0,0,0,-1,-1,-1,False,False,0,0,1,300,5,1,1.05,1000,False,3000,1000,0,0,0,30,1,False,50,0,0,0,5,30,1.3999971999999998,0,106.68,5,1000,1000,5,1.3999971999999998,1000,1000,False,10,3,50,5,1.3999971999999998,26.67,1000,1,1,1,1,1,Standard,1
0,Ultratane Bleu Water Only,Standard,4.0000,Ultratane Bleu Water Only,1121.2924314377842,285,0,False,False,Ultratane Bleu Water Only,2000,1000,2000,1000,0,101.6,False,1000,True,3800,True,1,0,1.2,1,0.2,3.999992,5,1,1,,,0,,True,False,False,False,False,False,True,300,True,3800,True,60,30,1.3999971999999998,273,0,0,1000,350,True,3800,True,0,0,0,0,-1,-1,-1,False,False,0,0,1,300,5,1,1.2,1000,False,3000,1000,0,0,0,30,1,False,50,0,0,0,5,30,1.3999971999999998,0,121.92,5,1000,1000,5,1.3999971999999998,1000,1000,False,10,3,50,5,1.3999971999999998,30.48,1000,1,1,1,1,1,Standard,1
0,Urethane AWJ,Standard,0.2500,Urethane AWJ,7800.037956,1000,0,False,False,Urethane AWJ,4000,1000,2000,1000,0,6.35,True,1000,True,3800,True,1,0,0,1.3999971999999998,0.2,6.35,12.7,0,0,,,0,,True,False,False,False,False,False,True,300,True,2000,True,1.5,1,1.3999971999999998,273,0,0,1000,350,True,3800,True,0,0,0,0,-1,-1,-1,False,False,0,0,0.1,300,5,1,0.225,1000,False,3000,1000,0,0,0,30,1,False,50,0,0,0,5,30,1.3999971999999998,0,22.86,5,1000,1000,5,1.3999971999999998,1000,1000,False,10,3,50,5,1.3999971999999998,5.715,1000,1,1,1,1,1,Standard,1
0,Urethane AWJ,Standard,0.3130,Urethane AWJ,7800.037956,1000,0,False,False,Urethane AWJ,4000,1000,2000,1000,0,7.9502,True,1000,True,3800,True,1,0,0,1.3999971999999998,0.889,6.35,12.7,0,0,,,0,,True,False,False,False,False,False,True,300,True,2000,True,1.5,1,1.3999971999999998,273,0,0,1000,350,True,3800,True,0,0,0,0,-1,-1,-1,False,False,0,0,0.1,300,5,1,0.225,1000,False,3000,1000,0,0,0,30,1,False,50,0,0,0,5,30,1.3999971999999998,0,22.86,5,1000,1000,5,1.3999971999999998,1000,1000,False,10,3,50,5,1.3999971999999998,5.715,1000,1,1,1,1,1,Standard,1
0,Urethane AWJ,Standard,0.3750,Urethane AWJ,7800.037956,1000,0,False,False,Urethane AWJ,4000,1000,2000,1000,0,9.524999999999999,True,1000,True,3800,True,1,0,0,1.3999971999999998,0.889,6.35,12.7,0,0,,,0,,True,False,False,False,False,False,True,300,True,2000,True,1.5,1,1.3999971999999998,273,0,0,1000,350,True,3800,True,0,0,0,0,-1,-1,-1,False,False,0,0,0.1,300,5,1,0.225,1000,False,3000,1000,0,0,0,30,1,False,50,0,0,0,5,30,1.3999971999999998,0,22.86,5,1000,1000,5,1.3999971999999998,1000,1000,False,10,3,50,5,1.3999971999999998,5.715,1000,1,1,1,1,1,Standard,1
0,Urethane AWJ,Standard,0.7500,Urethane AWJ,7800.037956,1000,0,False,False,Urethane AWJ,4000,1000,2000,1000,0,19.05,True,1000,True,3800,True,1,0,0,1.3999971999999998,0.2,6.35,12.7,0,0,,,0,,True,False,False,False,False,False,True,300,True,2000,True,1.5,1,1.3999971999999998,273,0,0,1000,350,True,3800,True,0,0,0,0,-1,-1,-1,False,False,0,0,0.1,300,5,1,0.225,1000,False,3000,1000,0,0,0,30,1,False,50,0,0,0,5,30,1.3999971999999998,0,22.86,5,1000,1000,5,1.3999971999999998,1000,1000,False,10,3,50,5,1.3999971999999998,5.715,1000,1,1,1,1,1,Standard,1
0,Wood- (laminé brittle),Standard,0.2000,Wood- (laminé brittle),7800.037956,2000,0,True,False,Wood- (laminé brittle),4000,1000,2000,1000,0,5.08,True,1000,True,3800,True,1,0,0,1.016,0.2,6.35,12.7,0,0,,,0,,True,False,False,False,False,False,True,300,True,2000,False,1.5,3,1.016,127,0,0,1000,350,True,3800,True,0,0,0,0,-1,-1,-1,False,False,0,0,1,300,5,1,0.225,1000,False,3000,1000,0,0,0,30,1.016,False,50,0,0,0,5,30,1.3999971999999998,0,22.86,5,1000,1000,5,1.3999971999999998,1000,1000,False,10,3,50,5,1.3999971999999998,5.715,1000,1,1,1,1,1,Standard,1
0,Wood- (laminé brittle),Standard,0.3930,Wood- (laminé brittle),7800.037956,2000,0,True,False,Wood- (laminé brittle),4000,1000,2000,1000,0,9.9822,True,1000,True,3800,True,1,0,0,1.016,0.2,6.35,12.7,0,0,,,0,,True,False,False,False,False,False,True,300,True,2000,False,1.5,3,1.016,127,0,0,635,350,True,3800,True,0,0,0,0,-1,-1,-1,False,False,0,0,1,300,5,1,0.225,1000,False,3000,1000,0,0,0,30,1.016,False,50,0,0,0,5,30,1.3999971999999998,0,22.86,5,1000,1000,5,1.3999971999999998,1000,1000,False,10,3,50,5,1.3999971999999998,5.715,1000,1,1,1,1,1,Standard,1
0,Wood- (laminé brittle),Standard,0.5000,Wood- (laminé brittle),7800.037956,2000,0,True,False,Wood- (laminé brittle),4000,1000,2000,1000,0,12.7,True,1000,True,3800,True,1,0,0,1.016,0.2,6.35,12.7,0,0,,,0,,True,False,False,False,False,False,True,300,True,2000,False,1.5,3,1.016,127,0,0,635,350,True,3800,True,0,0,0,0,-1,-1,-1,False,False,0,0,1,300,5,1,0.225,1000,False,3000,1000,0,0,0,30,1.016,False,50,0,0,0,5,30,1.3999971999999998,0,22.86,5,1000,1000,5,1.3999971999999998,1000,1000,False,10,3,50,5,1.3999971999999998,5.715,1000,1,1,1,1,1,Standard,1
0,Wood- (laminé brittle),Standard,0.7500,Wood- (laminé brittle),7800.037956,2000,0,True,False,Wood- (laminé brittle),4000,1000,2000,1000,0,19.05,True,1000,True,3800,True,1,0,0,1.016,0.2,6.35,12.7,0,0,,,0,,True,False,False,False,False,False,True,300,True,2000,False,1.5,3,1.016,127,0,0,381,350,True,3800,True,0,0,0,0,-1,-1,-1,False,False,0,0,1,300,5,1,0.225,1000,False,3000,1000,0,0,0,30,1.016,False,50,0,0,0,5,30,1.3999971999999998,0,22.86,5,1000,1000,5,1.3999971999999998,1000,1000,False,10,3,50,5,1.3999971999999998,5.715,1000,1,1,1,1,1,Standard,1
0,Wood- (laminé brittle),Standard,1.8750,Wood- (laminé brittle),7800.037956,2000,0,True,False,Wood- (laminé brittle),4000,1000,2000,1000,0,47.625,True,1000,True,3800,True,1,0,0,1.016,0.2,6.35,12.7,0,0,,,0,,True,False,False,False,False,False,True,300,True,2000,False,3,5,1.016,127,0,0,152.39999999999998,350,True,3800,True,0,0,0,0,-1,-1,-1,False,False,0,0,1,300,5,1,0.225,1000,False,3000,1000,0,0,0,30,1.016,False,50,0,0,0,5,30,1.3999971999999998,0,22.86,5,1000,1000,5,1.3999971999999998,1000,1000,False,10,3,50,5,1.3999971999999998,5.715,1000,1,1,1,1,1,Standard,1
0,Wood- (laminé brittle),Standard,2.5000,Wood- (laminé brittle),7800.037956,2000,0,True,False,Wood- (laminé brittle),4000,1000,2000,1000,0,63.5,True,1000,True,3800,True,1,0,0,1.016,0.2,6.35,12.7,0,0,,,0,,True,False,False,False,False,False,True,300,True,2000,False,1.5,3,1.016,127,0,0,1000,350,True,3800,True,0,0,0,0,-1,-1,-1,False,False,0,0,1,300,5,1,0.225,1000,False,3000,1000,0,0,0,30,1.016,False,50,0,0,0,5,30,1.3999971999999998,0,22.86,5,1000,1000,5,1.3999971999999998,1000,1000,False,10,3,50,5,1.3999971999999998,5.715,1000,1,1,1,1,1,Standard,1
0,Wood- Hardwood - IPE - Maple,Standard,0.2000,Wood- Hardwood - IPE - Maple,7800.037956,620,0,False,False,Wood- Hardwood - IPE - Maple,4000,1000,2000,1000,0,5.08,True,1000,True,3800,True,1,0,0,1.016,0.2,6.35,12.7,0,0,,,0,,True,False,False,False,False,False,True,300,True,2000,False,1.5,3,1.016,127,0,0,1000,350,True,3800,True,0,0,0,0,-1,-1,-1,False,False,0,0,1,300,5,1,0.225,1000,False,3000,1000,0,0,0,30,1.016,False,50,0,0,0,5,30,1.3999971999999998,0,22.86,5,1000,1000,5,1.3999971999999998,1000,1000,False,10,3,50,5,1.3999971999999998,5.715,1000,1,1,1,1,1,Standard,1
0,Wood- Hardwood - IPE - Maple,Standard,0.3930,Wood- Hardwood - IPE - Maple,7800.037956,620,0,False,False,Wood- Hardwood - IPE - Maple,4000,1000,2000,1000,0,9.9822,True,1000,True,3800,True,1,0,0,1.016,0.2,6.35,12.7,0,0,,,0,,True,False,False,False,False,False,True,300,True,2000,False,1.5,3,1.016,127,0,0,635,350,True,3800,True,0,0,0,0,-1,-1,-1,False,False,0,0,1,300,5,1,0.225,1000,False,3000,1000,0,0,0,30,1.016,False,50,0,0,0,5,30,1.3999971999999998,0,22.86,5,1000,1000,5,1.3999971999999998,1000,1000,False,10,3,50,5,1.3999971999999998,5.715,1000,1,1,1,1,1,Standard,1
0,Wood- Hardwood - IPE - Maple,Standard,0.5000,Wood- Hardwood - IPE - Maple,7800.037956,620,0,False,False,Wood- Hardwood - IPE - Maple,4000,1000,2000,1000,0,12.7,True,1000,True,3800,True,1,0,0,1.016,0.2,6.35,12.7,0,0,,,0,,True,False,False,False,False,False,True,300,True,2000,False,1.5,3,1.016,127,0,0,635,350,True,3800,True,0,0,0,0,-1,-1,-1,False,False,0,0,1,300,5,1,0.225,1000,False,3000,1000,0,0,0,30,1.016,False,50,0,0,0,5,30,1.3999971999999998,0,22.86,5,1000,1000,5,1.3999971999999998,1000,1000,False,10,3,50,5,1.3999971999999998,5.715,1000,1,1,1,1,1,Standard,1
0,Wood- Hardwood - IPE - Maple,Standard,0.7500,Wood- Hardwood - IPE - Maple,7800.037956,620,0,False,False,Wood- Hardwood - IPE - Maple,4000,1000,2000,1000,0,19.05,True,1000,True,3800,True,1,0,0,1.016,0.2,6.35,12.7,0,0,,,0,,True,False,False,False,False,False,True,300,True,2000,False,1.5,3,1.016,127,0,0,381,350,True,3800,True,0,0,0,0,-1,-1,-1,False,False,0,0,1,300,5,1,0.225,1000,False,3000,1000,0,0,0,30,1.016,False,50,0,0,0,5,30,1.3999971999999998,0,22.86,5,1000,1000,5,1.3999971999999998,1000,1000,False,10,3,50,5,1.3999971999999998,5.715,1000,1,1,1,1,1,Standard,1
0,Wood- Hardwood - IPE - Maple,Standard,1.5000,Wood- Hardwood - IPE - Maple,7800.037956,620,0,False,False,Wood- Hardwood - IPE - Maple,4000,1000,2000,1000,0,38.099999999999994,True,1000,True,3800,True,1,0,0,1.016,0.2,6.35,12.7,0,0,,,0,,True,False,False,False,False,False,True,300,True,2000,False,3,5,1.016,127,0,0,152.39999999999998,350,True,3800,True,0,0,0,0,-1,-1,-1,False,False,0,0,1,300,5,1,0.225,1000,False,3000,1000,0,0,0,30,1.016,False,50,0,0,0,5,30,1.3999971999999998,0,22.86,5,1000,1000,5,1.3999971999999998,1000,1000,False,10,3,50,5,1.3999971999999998,5.715,1000,1,1,1,1,1,Standard,1
0,Wood- Hardwood - IPE - Maple,Standard,1.8750,Wood- Hardwood - IPE - Maple,7800.037956,620,0,False,False,Wood- Hardwood - IPE - Maple,4000,1000,2000,1000,0,47.625,True,1000,True,3800,True,1,0,0,1.016,0.2,6.35,12.7,0,0,,,0,,True,False,False,False,False,False,True,300,True,2000,False,3,5,1.016,127,0,0,152.39999999999998,350,True,3800,True,0,0,0,0,-1,-1,-1,False,False,0,0,1,300,5,1,0.225,1000,False,3000,1000,0,0,0,30,1.016,False,50,0,0,0,5,30,1.3999971999999998,0,22.86,5,1000,1000,5,1.3999971999999998,1000,1000,False,10,3,50,5,1.3999971999999998,5.715,1000,1,1,1,1,1,Standard,1
0,Wood,Standard,0.5000,Wood,7800.037956,2000,0,False,False,Wood,4000,1000,2000,1000,0,12.7,True,1000,True,3800,True,1,0,0,1.3999971999999998,0.2,6.35,12.7,0,0,,,0,,True,False,False,False,False,False,True,300,True,2000,True,1.5,1,1.3999971999999998,273,0,0,1000,350,True,3800,True,0,0,0,0,-1,-1,-1,False,False,0,0,0.1,300,5,1,0.225,1000,False,3000,1000,0,0,0,30,1,False,50,0,0,0,5,30,1.3999971999999998,0,22.86,5,1000,1000,5,1.3999971999999998,1000,1000,False,10,3,50,5,1.3999971999999998,5.715,1000,1,1,1,1,1,Standard,1
0,Wood,Standard,0.6250,Wood,7800.037956,2000,0,False,False,Wood,4000,1000,2000,1000,0,15.875,True,1000,True,3800,True,1,0,0,1.3999971999999998,0.2,6.35,12.7,0,0,,,0,,True,False,False,False,False,False,True,300,True,2000,True,1.5,1,1.3999971999999998,273,0,0,1000,350,True,3800,True,0,0,0,0,-1,-1,-1,False,False,0,0,0.1,300,5,1,0.225,1000,False,3000,1000,0,0,0,30,1,False,50,0,0,0,5,30,1.3999971999999998,0,22.86,5,1000,1000,5,1.3999971999999998,1000,1000,False,10,3,50,5,1.3999971999999998,5.715,1000,1,1,1,1,1,Standard,1
0,Wood,Standard,0.7500,Wood,7800.037956,2000,0,False,False,Wood,4000,1000,2000,1000,0,19.05,True,1000,True,3800,True,1,0,0,1.3999971999999998,0.2,6.35,12.7,0,0,,,0,,True,False,False,False,False,False,True,300,True,2000,True,1.5,1,1.3999971999999998,273,0,0,1000,350,True,3800,True,0,0,0,0,-1,-1,-1,False,False,0,0,0.1,300,5,1,0.225,1000,False,3000,1000,0,0,0,30,1,False,50,0,0,0,5,30,1.3999971999999998,0,22.86,5,1000,1000,5,1.3999971999999998,1000,1000,False,10,3,50,5,1.3999971999999998,5.715,1000,1,1,1,1,1,Standard,1
0,Wood,Standard,1.0000,Wood,7800.037956,2000,0,False,False,Wood,4000,1000,2000,1000,0,25.4,True,1000,True,3800,True,1,0,0,1.3999971999999998,0.2,6.35,12.7,0,0,,,0,,True,False,False,False,False,False,True,300,True,2000,True,1.5,1,1.3999971999999998,273,0,0,1000,350,True,3800,True,0,0,0,0,-1,-1,-1,False,False,0,0,0.1,300,5,1,0.225,1000,False,3000,1000,0,0,0,30,1,False,50,0,0,0,5,30,1.3999971999999998,0,22.86,5,1000,1000,5,1.3999971999999998,1000,1000,False,10,3,50,5,1.3999971999999998,5.715,1000,1,1,1,1,1,Standard,1
0,Wood,Standard,1.2500,Wood,7800.037956,2000,0,False,False,Wood,4000,1000,2000,1000,0,31.75,True,1000,True,3800,True,1,0,0,1.3999971999999998,0.2,6.35,12.7,0,0,,,0,,True,False,False,False,False,False,True,300,True,2000,True,1.5,1,1.3999971999999998,273,0,0,1000,350,True,3800,True,0,0,0,0,-1,-1,-1,False,False,0,0,0.1,300,5,1,0.225,1000,False,3000,1000,0,0,0,30,1,False,50,0,0,0,5,30,1.3999971999999998,0,22.86,5,1000,1000,5,1.3999971999999998,1000,1000,False,10,3,50,5,1.3999971999999998,5.715,1000,1,1,1,1,1,Standard,1
0,Wood,Standard,1.5000,Wood,7800.037956,2000,0,False,False,Wood,4000,1000,2000,1000,0,38.099999999999994,True,1000,True,3800,True,1,0,0,1.3999971999999998,0.2,6.35,12.7,0,0,,,0,,True,False,False,False,False,False,True,300,True,2000,True,1.5,1,1.3999971999999998,273,0,0,1000,350,True,3800,True,0,0,0,0,-1,-1,-1,False,False,0,0,0.1,300,5,1,0.225,1000,False,3000,1000,0,0,0,30,1,False,50,0,0,0,5,30,1.3999971999999998,0,22.86,5,1000,1000,5,1.3999971999999998,1000,1000,False,10,3,50,5,1.3999971999999998,5.715,1000,1,1,1,1,1,Standard,1
0,Wood,Standard,1.7500,Wood,7800.037956,2000,0,False,False,Wood,4000,1000,2000,1000,0,44.449999999999996,True,1000,True,3800,True,1,0,0,1.3999971999999998,0.2,6.35,12.7,0,0,,,0,,True,False,False,False,False,False,True,300,True,2000,True,1.5,1,1.3999971999999998,273,0,0,1000,350,True,3800,True,0,0,0,0,-1,-1,-1,False,False,0,0,0.1,300,5,1,0.225,1000,False,3000,1000,0,0,0,30,1,False,50,0,0,0,5,30,1.3999971999999998,0,22.86,5,1000,1000,5,1.3999971999999998,1000,1000,False,10,3,50,5,1.3999971999999998,5.715,1000,1,1,1,1,1,Standard,1
0,Wood,Standard,2.0000,Wood,7800.037956,2000,0,False,False,Wood,4000,1000,2000,1000,0,50.8,True,1000,True,3800,True,1,0,0,1.3999971999999998,0.2,6.35,12.7,0,0,,,0,,True,False,False,False,False,False,True,300,True,2000,True,1.5,1,1.3999971999999998,273,0,0,1000,350,True,3800,True,0,0,0,0,-1,-1,-1,False,False,0,0,0.1,300,5,1,0.225,1000,False,3000,1000,0,0,0,30,1,False,50,0,0,0,5,30,1.3999971999999998,0,22.86,5,1000,1000,5,1.3999971999999998,1000,1000,False,10,3,50,5,1.3999971999999998,5.715,1000,1,1,1,1,1,Standard,1
0,Wood,Standard,2.5000,Wood,7800.037956,2000,0,False,False,Wood,4000,1000,2000,1000,0,63.5,True,1000,True,3800,True,1,0,0,1.3999971999999998,0.2,6.35,12.7,0,0,,,0,,True,False,False,False,False,False,True,300,True,2000,True,1.5,1,1.3999971999999998,273,0,0,1000,350,True,3800,True,0,0,0,0,-1,-1,-1,False,False,0,0,0.1,300,5,1,0.225,1000,False,3000,1000,0,0,0,30,1,False,50,0,0,0,5,30,1.3999971999999998,0,22.86,5,1000,1000,5,1.3999971999999998,1000,1000,False,10,3,50,5,1.3999971999999998,5.715,1000,1,1,1,1,1,Standard,1
0,Wood,Standard,3.0000,Wood,7800.037956,2000,0,False,False,Wood,4000,1000,2000,1000,0,76.19999999999999,True,1000,True,3800,True,1,0,0,1.3999971999999998,0.2,6.35,12.7,0,0,,,0,,True,False,False,False,False,False,True,300,True,2000,True,1.5,1,1.3999971999999998,273,0,0,1000,350,True,3800,True,0,0,0,0,-1,-1,-1,False,False,0,0,0.1,300,5,1,0.225,1000,False,3000,1000,0,0,0,30,1,False,50,0,0,0,5,30,1.3999971999999998,0,22.86,5,1000,1000,5,1.3999971999999998,1000,1000,False,10,3,50,5,1.3999971999999998,5.715,1000,1,1,1,1,1,Standard,1
